country,year,iso_code,population,electricity_demand,electricity_generation,carbon_intensity_elec,renewables_share_elec,fossil_share_elec
ASEAN (Ember),2000,,,378.760,378.760,572.580,19.334,80.666
ASEAN (Ember),2001,,,405.090,405.090,570.270,19.055,80.945
ASEAN (Ember),2002,,,433.190,433.190,572.680,17.667,82.333
ASEAN (Ember),2003,,,458.300,458.300,577.020,16.668,83.332
ASEAN (Ember),2004,,,496.610,496.610,583.640,15.696,84.304
ASEAN (Ember),2005,,,522.680,522.680,585.250,15.151,84.849
ASEAN (Ember),2006,,,547.170,547.170,584.480,15.765,84.235
ASEAN (Ember),2007,,,578.980,578.980,588.210,15.686,84.314
ASEAN (Ember),2008,,,603.960,603.960,578.480,16.493,83.507
ASEAN (Ember),2009,,,624.570,624.570,579.580,16.698,83.302
ASEAN (Ember),2010,,,686.860,686.860,584.330,16.484,83.516
ASEAN (Ember),2011,,,717.070,717.070,577.880,18.783,81.217
ASEAN (Ember),2012,,,776.570,776.570,576.570,19.621,80.379
ASEAN (Ember),2013,,,816.740,816.740,572.960,20.342,79.658
ASEAN (Ember),2014,,,863.970,863.970,579.280,19.959,80.041
ASEAN (Ember),2015,,,907.230,907.230,594.800,18.382,81.618
ASEAN (Ember),2016,,,969.340,969.340,591.280,20.079,79.921
ASEAN (Ember),2017,,,1007.890,1007.890,571.900,23.423,76.577
ASEAN (Ember),2018,,,1071.010,1071.010,577.850,23.426,76.574
ASEAN (Ember),2019,,,1122.190,1122.190,597.660,20.944,79.056
ASEAN (Ember),2020,,,1113.630,1113.630,589.230,23.212,76.788
ASEAN (Ember),2021,,,1156.890,1156.890,571.410,25.801,74.199
ASEAN (Ember),2022,,,1221.620,1221.620,554.190,28.061,71.939
ASEAN (Ember),2023,,,1272.630,1272.630,568.730,26.165,73.835
ASEAN (Ember),2024,,,1352.110,1352.110,571.720,25.881,74.119
ASEAN (Ember),2025,,,1369.850,1369.850,565.010,26.946,73.054
Afghanistan,2000,AFG,20130334,0.570,0.480,250.000,64.583,35.417
Afghanistan,2001,AFG,20284303,0.780,0.690,217.390,72.464,27.536
Afghanistan,2002,AFG,21378123,0.810,0.710,169.010,78.873,21.127
Afghanistan,2003,AFG,22733053,1.010,0.910,241.760,69.231,30.769
Afghanistan,2004,AFG,23560656,0.890,0.790,227.850,70.886,29.114
Afghanistan,2005,AFG,24404575,0.920,0.820,219.510,71.951,28.049
Afghanistan,2006,AFG,25424100,1.330,0.900,255.560,71.111,28.889
Afghanistan,2007,AFG,25909852,1.620,1.010,227.720,74.257,25.743
Afghanistan,2008,AFG,26482631,1.530,0.780,256.410,69.231,30.769
Afghanistan,2009,AFG,27466102,2.040,0.890,112.360,87.640,12.360
Afghanistan,2010,AFG,28284088,2.750,0.880,136.360,85.227,14.773
Afghanistan,2011,AFG,29347708,3.500,0.770,194.810,77.922,22.078
Afghanistan,2012,AFG,30560036,3.950,0.880,147.730,84.091,15.909
Afghanistan,2013,AFG,31622709,4.730,1.110,180.180,80.180,19.820
Afghanistan,2014,AFG,32792528,4.870,1.160,129.310,86.207,13.793
Afghanistan,2015,AFG,33831767,4.960,1.180,118.640,87.288,12.712
Afghanistan,2016,AFG,34700613,5.540,1.210,115.700,87.603,12.397
Afghanistan,2017,AFG,35688941,5.870,1.260,126.980,86.508,13.492
Afghanistan,2018,AFG,36743040,6.160,1.170,153.850,82.906,17.094
Afghanistan,2019,AFG,37856125,6.370,1.460,116.440,87.671,12.329
Afghanistan,2020,AFG,39068977,6.330,1.180,93.220,89.831,10.169
Afghanistan,2021,AFG,40000410,6.760,1.060,113.210,87.736,12.264
Afghanistan,2022,AFG,40578847,6.840,0.960,125.000,86.458,13.542
Afghanistan,2023,AFG,41454762,7.190,0.970,123.710,86.598,13.402
Afghanistan,2024,AFG,42647502,6.820,0.990,131.310,86.869,13.131
Africa,2000,,830226481,454.140,441.070,621.149,17.569,79.482
Africa,2001,,851317075,462.600,459.450,619.697,18.130,79.536
Africa,2002,,873025213,489.340,487.700,617.101,18.050,79.491
Africa,2003,,895336412,510.490,509.150,625.651,16.867,80.646
Africa,2004,,918363272,541.500,540.140,623.857,16.849,80.675
Africa,2005,,942115143,562.310,560.750,625.145,16.754,81.232
Africa,2006,,966491337,590.370,586.800,627.522,16.697,81.593
Africa,2007,,991615906,614.600,610.230,627.206,16.469,81.676
Africa,2008,,1017632831,626.120,621.690,621.998,16.487,81.422
Africa,2009,,1044356804,629.810,624.580,614.829,17.067,80.882
Africa,2010,,1071809929,676.410,672.410,611.502,17.290,80.698
Africa,2011,,1099732995,694.880,688.680,610.951,17.320,80.807
Africa,2012,,1128396676,733.600,725.450,609.553,16.874,81.338
Africa,2013,,1158293959,750.300,740.910,604.446,17.200,80.895
Africa,2014,,1188685762,778.000,768.060,598.443,17.884,80.321
Africa,2015,,1219484027,797.820,790.030,597.534,17.987,80.464
Africa,2016,,1250551239,812.480,805.800,594.825,17.962,80.173
Africa,2017,,1282169538,830.860,825.620,588.576,18.748,79.533
Africa,2018,,1314609397,859.470,855.750,583.932,19.637,79.010
Africa,2019,,1347162538,874.140,875.960,574.912,20.575,77.912
Africa,2020,,1379939686,859.930,861.090,564.680,22.304,76.546
Africa,2021,,1412811077,904.650,905.760,556.991,22.821,75.816
Africa,2022,,1445862695,925.830,923.170,549.119,23.945,74.961
Africa,2023,,1479690254,933.800,930.890,543.867,24.510,74.620
Africa,2024,,1514032368,965.720,961.770,544.132,24.736,74.453
Africa (EI),2000,,,,440.257,,17.663,78.740
Africa (EI),2001,,,,459.188,,18.226,79.021
Africa (EI),2002,,,,487.571,,18.016,79.116
Africa (EI),2003,,,,509.034,,16.859,80.053
Africa (EI),2004,,,,540.743,,16.834,80.039
Africa (EI),2005,,,,560.415,,16.545,80.844
Africa (EI),2006,,,,586.134,,16.512,81.168
Africa (EI),2007,,,,610.672,,16.288,81.248
Africa (EI),2008,,,,623.504,,16.304,81.096
Africa (EI),2009,,,,630.124,,16.646,80.760
Africa (EI),2010,,,,672.758,,16.949,80.484
Africa (EI),2011,,,,688.220,,17.101,80.511
Africa (EI),2012,,,,722.586,,16.421,81.288
Africa (EI),2013,,,,745.498,,16.939,80.690
Africa (EI),2014,,,,770.714,,17.740,79.968
Africa (EI),2015,,,,790.712,,17.788,80.213
Africa (EI),2016,,,,799.935,,17.887,79.744
Africa (EI),2017,,,,827.068,,18.571,79.098
Africa (EI),2018,,,,849.991,,19.498,78.530
Africa (EI),2019,,,,870.895,,20.262,77.558
Africa (EI),2020,,,,853.838,,22.217,75.990
Africa (EI),2021,,,,900.059,,22.664,75.368
Africa (EI),2022,,,,911.739,,23.290,75.048
Africa (EI),2023,,,,924.325,,24.258,74.343
Africa (EI),2024,,,,963.931,,23.944,74.714
Africa (EIA),2000,,,,,,,
Africa (EIA),2001,,,,,,,
Africa (EIA),2002,,,,,,,
Africa (EIA),2003,,,,,,,
Africa (EIA),2004,,,,,,,
Africa (EIA),2005,,,,,,,
Africa (EIA),2006,,,,,,,
Africa (EIA),2007,,,,,,,
Africa (EIA),2008,,,,,,,
Africa (EIA),2009,,,,,,,
Africa (EIA),2010,,,,,,,
Africa (EIA),2011,,,,,,,
Africa (EIA),2012,,,,,,,
Africa (EIA),2013,,,,,,,
Africa (EIA),2014,,,,,,,
Africa (EIA),2015,,,,,,,
Africa (EIA),2016,,,,,,,
Africa (EIA),2017,,,,,,,
Africa (EIA),2018,,,,,,,
Africa (EIA),2019,,,,,,,
Africa (EIA),2020,,,,,,,
Africa (EIA),2021,,,,,,,
Africa (EIA),2022,,,,,,,
Africa (EIA),2023,,,,,,,
Africa (Ember),2000,,,441.070,441.070,621.080,17.569,79.482
Africa (Ember),2001,,,459.450,459.450,619.760,18.130,79.536
Africa (Ember),2002,,,487.700,487.700,617.140,18.050,79.491
Africa (Ember),2003,,,509.150,509.150,625.670,16.867,80.646
Africa (Ember),2004,,,540.140,540.140,624.000,16.849,80.675
Africa (Ember),2005,,,560.750,560.750,625.200,16.754,81.232
Africa (Ember),2006,,,586.800,586.800,627.510,16.697,81.593
Africa (Ember),2007,,,610.230,610.230,627.190,16.469,81.676
Africa (Ember),2008,,,621.690,621.690,621.970,16.487,81.422
Africa (Ember),2009,,,624.580,624.580,614.850,17.067,80.882
Africa (Ember),2010,,,672.500,672.500,611.520,17.288,80.700
Africa (Ember),2011,,,688.770,688.770,610.890,17.318,80.809
Africa (Ember),2012,,,725.540,725.540,609.640,16.872,81.341
Africa (Ember),2013,,,741.000,741.000,604.510,17.198,80.897
Africa (Ember),2014,,,768.150,768.150,598.460,17.882,80.323
Africa (Ember),2015,,,790.120,790.120,597.630,17.985,80.466
Africa (Ember),2016,,,805.890,805.890,594.860,17.960,80.175
Africa (Ember),2017,,,825.710,825.710,588.620,18.746,79.535
Africa (Ember),2018,,,855.840,855.840,584.020,19.635,79.012
Africa (Ember),2019,,,876.050,876.050,575.000,20.573,77.915
Africa (Ember),2020,,,861.180,861.180,564.780,22.302,76.548
Africa (Ember),2021,,,905.850,905.850,557.100,22.818,75.818
Africa (Ember),2022,,,923.260,923.260,549.130,23.942,74.964
Africa (Ember),2023,,,930.980,930.980,543.910,24.508,74.622
Africa (Ember),2024,,,965.350,965.350,543.620,24.846,74.346
Africa (Ember),2025,,,998.120,998.120,529.880,26.210,72.767
Africa (Shift),2000,,,,,,,
Africa (Shift),2001,,,,,,,
Africa (Shift),2002,,,,,,,
Africa (Shift),2003,,,,,,,
Africa (Shift),2004,,,,,,,
Africa (Shift),2005,,,,,,,
Africa (Shift),2006,,,,,,,
Africa (Shift),2007,,,,,,,
Africa (Shift),2008,,,,,,,
Africa (Shift),2009,,,,,,,
Africa (Shift),2010,,,,,,,
Africa (Shift),2011,,,,,,,
Africa (Shift),2012,,,,,,,
Africa (Shift),2013,,,,,,,
Africa (Shift),2014,,,,,,,
Africa (Shift),2015,,,,,,,
Africa (Shift),2016,,,,,,,
Albania,2000,ALB,3166147,5.730,4.730,48.630,96.195,3.805
Albania,2001,ALB,3147943,5.440,3.690,51.490,95.393,4.607
Albania,2002,ALB,3134095,5.820,3.710,62.000,93.801,6.199
Albania,2003,ALB,3118093,6.150,5.230,36.330,97.897,2.103
Albania,2004,ALB,3098662,6.030,5.550,39.640,97.477,2.523
Albania,2005,ALB,3076156,5.760,5.390,33.400,98.701,1.299
Albania,2006,ALB,3050805,5.650,5.040,35.710,98.214,1.786
Albania,2007,ALB,3022887,5.660,2.830,42.400,97.527,2.473
Albania,2008,ALB,2992933,6.190,3.760,23.940,100.000,0.000
Albania,2009,ALB,2961487,6.600,5.200,23.080,100.000,0.000
Albania,2010,ALB,2928731,6.620,7.570,23.780,100.000,0.000
Albania,2011,ALB,2911499,7.450,4.190,33.410,98.568,1.432
Albania,2012,ALB,2910003,7.260,4.720,23.310,100.000,0.000
Albania,2013,ALB,2907571,9.280,6.960,24.430,100.000,0.000
Albania,2014,ALB,2903748,7.790,4.720,23.310,100.000,0.000
Albania,2015,ALB,2898634,7.290,5.890,23.770,100.000,0.000
Albania,2016,ALB,2897868,7.740,7.780,23.140,100.000,0.000
Albania,2017,ALB,2898245,7.440,4.530,24.280,100.000,0.000
Albania,2018,ALB,2894229,7.640,8.550,23.390,100.000,0.000
Albania,2019,ALB,2885011,7.610,5.200,23.080,100.000,0.000
Albania,2020,ALB,2871950,7.590,5.310,24.480,100.000,0.000
Albania,2021,ALB,2849641,8.390,8.940,23.490,100.000,0.000
Albania,2022,ALB,2827614,7.890,6.970,24.390,100.000,0.000
Albania,2023,ALB,2811660,8.090,9.010,24.420,100.000,0.000
Albania,2024,ALB,2791756,8.670,8.340,25.180,100.000,0.000
Algeria,2000,DZA,30903894,25.330,25.400,638.580,0.197,99.803
Algeria,2001,DZA,31331226,26.570,26.620,638.240,0.263,99.737
Algeria,2002,DZA,31750832,27.630,27.650,637.980,0.217,99.783
Algeria,2003,DZA,32175813,29.580,29.570,634.090,0.879,99.121
Algeria,2004,DZA,32628286,31.260,31.250,634.560,0.800,99.200
Algeria,2005,DZA,33109258,33.990,33.910,629.310,1.622,98.378
Algeria,2006,DZA,33623505,35.310,35.230,635.820,0.624,99.376
Algeria,2007,DZA,34189420,37.200,37.190,635.920,0.592,99.408
Algeria,2008,DZA,34816963,40.180,40.230,635.350,0.696,99.304
Algeria,2009,DZA,35490442,38.470,38.500,634.550,0.779,99.221
Algeria,2010,DZA,36188237,45.660,45.730,637.000,0.372,99.628
Algeria,2011,DZA,36903374,51.080,51.220,633.350,0.976,99.024
Algeria,2012,DZA,37646165,57.350,57.400,632.750,1.080,98.920
Algeria,2013,DZA,38414176,59.800,59.890,636.000,0.551,99.449
Algeria,2014,DZA,39205035,64.080,64.270,637.000,0.389,99.611
Algeria,2015,DZA,40019528,68.810,68.840,637.420,0.320,99.680
Algeria,2016,DZA,40850719,70.790,71.040,636.400,0.479,99.521
Algeria,2017,DZA,41689302,75.730,76.070,634.150,0.841,99.159
Algeria,2018,DZA,42505033,76.660,76.750,632.700,1.068,98.932
Algeria,2019,DZA,43294551,81.470,81.610,632.770,1.066,98.934
Algeria,2020,DZA,44042094,79.310,79.370,632.610,1.109,98.891
Algeria,2021,DZA,44761099,84.450,85.600,633.530,0.946,99.054
Algeria,2022,DZA,45477391,88.900,91.470,633.650,0.940,99.060
Algeria,2023,DZA,46164222,93.440,95.880,633.610,0.949,99.051
Algeria,2024,DZA,46814302,93.840,96.360,632.940,1.069,98.931
American Samoa,2000,ASM,56877,0.170,0.170,647.060,0.000,100.000
American Samoa,2001,ASM,57072,0.170,0.170,647.060,0.000,100.000
American Samoa,2002,ASM,57081,0.180,0.180,666.670,0.000,100.000
American Samoa,2003,ASM,56988,0.190,0.190,684.210,0.000,100.000
American Samoa,2004,ASM,56841,0.190,0.190,684.210,0.000,100.000
American Samoa,2005,ASM,56638,0.190,0.190,684.210,0.000,100.000
American Samoa,2006,ASM,56391,0.190,0.190,684.210,0.000,100.000
American Samoa,2007,ASM,56134,0.190,0.190,684.210,0.000,100.000
American Samoa,2008,ASM,55848,0.190,0.190,684.210,0.000,100.000
American Samoa,2009,ASM,55542,0.180,0.180,666.670,0.000,100.000
American Samoa,2010,ASM,55246,0.160,0.160,687.500,0.000,100.000
American Samoa,2011,ASM,54917,0.160,0.160,687.500,0.000,100.000
American Samoa,2012,ASM,54506,0.160,0.160,687.500,0.000,100.000
American Samoa,2013,ASM,54026,0.150,0.150,666.670,0.000,100.000
American Samoa,2014,ASM,53489,0.150,0.150,666.670,0.000,100.000
American Samoa,2015,ASM,52896,0.160,0.160,687.500,0.000,100.000
American Samoa,2016,ASM,52260,0.170,0.170,647.060,0.000,100.000
American Samoa,2017,ASM,51605,0.160,0.160,687.500,0.000,100.000
American Samoa,2018,ASM,50927,0.160,0.160,687.500,0.000,100.000
American Samoa,2019,ASM,50230,0.160,0.160,687.500,0.000,100.000
American Samoa,2020,ASM,49779,0.170,0.170,647.060,0.000,100.000
American Samoa,2021,ASM,49249,0.170,0.170,647.060,0.000,100.000
American Samoa,2022,ASM,48365,0.180,0.180,611.110,5.556,94.444
American Samoa,2023,ASM,47544,0.170,0.170,647.060,0.000,100.000
American Samoa,2024,ASM,46792,0.180,0.180,611.110,5.556,94.444
Angola,2000,AGO,16194873,1.440,1.440,256.940,63.194,36.806
Angola,2001,AGO,16747204,1.640,1.640,262.200,62.195,37.805
Angola,2002,AGO,17327701,1.760,1.760,250.000,64.773,35.227
Angola,2003,AGO,17943718,1.990,1.990,261.310,62.312,37.688
Angola,2004,AGO,18600426,2.240,2.240,160.710,78.125,21.875
Angola,2005,AGO,19291160,2.630,2.630,121.670,84.411,15.589
Angola,2006,AGO,20015281,2.980,2.980,117.450,85.235,14.765
Angola,2007,AGO,20778570,3.240,3.240,169.750,76.852,23.148
Angola,2008,AGO,21578656,4.050,4.050,162.960,77.778,22.222
Angola,2009,AGO,22414775,4.910,4.910,236.250,66.599,33.401
Angola,2010,AGO,23294822,5.460,5.460,227.110,67.949,32.051
Angola,2011,AGO,24218358,5.660,5.660,208.480,71.025,28.975
Angola,2012,AGO,25177398,7.720,7.720,207.250,70.984,29.016
Angola,2013,AGO,26165616,8.150,8.150,289.570,58.037,41.963
Angola,2014,AGO,27160767,9.560,9.560,324.270,52.824,47.176
Angola,2015,AGO,28157802,9.780,9.780,312.880,54.601,45.399
Angola,2016,AGO,29183072,10.980,10.980,286.890,58.561,41.439
Angola,2017,AGO,30234836,10.810,10.810,205.370,71.415,28.585
Angola,2018,AGO,31297160,13.140,13.140,154.490,79.452,20.548
Angola,2019,AGO,32375633,15.820,15.820,186.470,73.198,26.802
Angola,2020,AGO,33451139,16.810,16.810,171.330,75.610,24.390
Angola,2021,AGO,34532427,16.850,16.850,172.700,75.430,24.570
Angola,2022,AGO,35635028,17.310,17.310,172.160,75.563,24.437
Angola,2023,AGO,36749909,15.750,15.750,183.490,74.032,25.968
Angola,2024,AGO,37885854,15.590,15.590,185.380,73.701,26.299
Antarctica,2000,ATA,,,,,,
Antarctica,2001,ATA,,,,,,
Antarctica,2002,ATA,,,,,,
Antarctica,2003,ATA,,,,,,
Antarctica,2004,ATA,,,,,,
Antarctica,2005,ATA,,,,,,
Antarctica,2006,ATA,,,,,,
Antarctica,2007,ATA,,,,,,
Antarctica,2008,ATA,,,,,,
Antarctica,2009,ATA,,,,,,
Antarctica,2010,ATA,,,,,,
Antarctica,2011,ATA,,,,,,
Antarctica,2012,ATA,,,,,,
Antarctica,2013,ATA,,,,,,
Antarctica,2014,ATA,,,,,,
Antarctica,2015,ATA,,,,,,
Antarctica,2016,ATA,,,,,,
Antarctica,2017,ATA,,,,,,
Antarctica,2018,ATA,,,,,,
Antarctica,2019,ATA,,,,,,
Antarctica,2020,ATA,,,,,,
Antarctica,2021,ATA,,,,,,
Antarctica,2022,ATA,,,,,,
Antarctica,2023,ATA,,,,,,
Antigua and Barbuda,2000,ATG,74929,0.150,0.150,666.670,0.000,100.000
Antigua and Barbuda,2001,ATG,76082,0.170,0.170,647.060,0.000,100.000
Antigua and Barbuda,2002,ATG,77049,0.190,0.190,684.210,0.000,100.000
Antigua and Barbuda,2003,ATG,77896,0.210,0.210,666.670,0.000,100.000
Antigua and Barbuda,2004,ATG,78734,0.220,0.220,636.360,0.000,100.000
Antigua and Barbuda,2005,ATG,79628,0.240,0.240,666.670,0.000,100.000
Antigua and Barbuda,2006,ATG,80619,0.260,0.260,653.850,0.000,100.000
Antigua and Barbuda,2007,ATG,81716,0.290,0.290,655.170,0.000,100.000
Antigua and Barbuda,2008,ATG,82926,0.300,0.300,666.670,0.000,100.000
Antigua and Barbuda,2009,ATG,84193,0.330,0.330,666.670,0.000,100.000
Antigua and Barbuda,2010,ATG,85337,0.330,0.330,666.670,0.000,100.000
Antigua and Barbuda,2011,ATG,86350,0.330,0.330,666.670,0.000,100.000
Antigua and Barbuda,2012,ATG,87275,0.330,0.330,666.670,0.000,100.000
Antigua and Barbuda,2013,ATG,88074,0.330,0.330,666.670,0.000,100.000
Antigua and Barbuda,2014,ATG,88784,0.340,0.340,647.060,0.000,100.000
Antigua and Barbuda,2015,ATG,89421,0.350,0.350,628.570,2.857,97.143
Antigua and Barbuda,2016,ATG,89980,0.340,0.340,647.060,0.000,100.000
Antigua and Barbuda,2017,ATG,90483,0.350,0.350,628.570,2.857,97.143
Antigua and Barbuda,2018,ATG,90942,0.360,0.360,638.890,2.778,97.222
Antigua and Barbuda,2019,ATG,91377,0.360,0.360,638.890,2.778,97.222
Antigua and Barbuda,2020,ATG,91864,0.350,0.350,628.570,5.714,94.286
Antigua and Barbuda,2021,ATG,92358,0.350,0.350,628.570,5.714,94.286
Antigua and Barbuda,2022,ATG,92850,0.360,0.360,611.110,5.556,94.444
Antigua and Barbuda,2023,ATG,93331,0.360,0.360,611.110,5.556,94.444
Antigua and Barbuda,2024,ATG,93782,0.370,0.370,594.600,8.108,91.892
Argentina,2000,ARG,37213986,90.200,88.980,355.470,32.592,60.463
Argentina,2001,ARG,37624817,91.890,90.140,302.090,41.036,51.132
Argentina,2002,ARG,38029345,90.510,84.590,294.830,43.007,50.112
Argentina,2003,ARG,38424283,97.100,92.070,316.390,37.754,54.024
Argentina,2004,ARG,38815915,103.730,100.260,357.670,31.319,60.832
Argentina,2005,ARG,39216786,109.630,105.750,357.160,33.296,60.208
Argentina,2006,ARG,39622113,115.790,113.430,349.910,34.506,58.688
Argentina,2007,ARG,40016767,121.120,113.520,388.040,28.497,65.116
Argentina,2008,ARG,40424151,127.390,121.910,400.620,26.618,67.320
Argentina,2009,ARG,40854832,128.480,122.320,382.360,29.308,64.004
Argentina,2010,ARG,41288694,134.600,126.000,401.590,27.595,66.683
Argentina,2011,ARG,41730655,139.160,129.490,419.880,25.183,69.874
Argentina,2012,ARG,42161718,143.630,136.020,432.140,22.783,72.511
Argentina,2013,ARG,42582453,147.510,139.450,422.230,24.934,70.613
Argentina,2014,ARG,43024071,148.400,138.540,424.140,24.931,71.091
Argentina,2015,ARG,43477011,154.380,145.420,426.560,23.676,71.483
Argentina,2016,ARG,43900312,156.700,147.180,431.920,21.396,72.979
Argentina,2017,ARG,44288898,156.070,145.610,425.380,23.130,72.687
Argentina,2018,ARG,44654876,156.340,146.780,414.290,23.995,71.324
Argentina,2019,ARG,44973469,150.220,139.530,397.620,24.927,69.025
Argentina,2020,ARG,45191960,149.350,144.640,394.700,25.318,67.761
Argentina,2021,ARG,45312282,155.650,153.150,406.990,24.185,69.174
Argentina,2022,ARG,45407904,158.490,145.610,392.690,29.030,65.840
Argentina,2023,ARG,45538402,163.900,148.560,350.900,34.767,59.202
Argentina,2024,ARG,45696153,161.680,152.510,344.830,34.385,58.763
Argentina,2025,ARG,45851379,162.450,153.150,346.000,34.580,58.394
Armenia,2000,ARM,3125630,5.320,5.780,280.280,21.626,46.540
Armenia,2001,ARM,3084350,5.370,5.740,290.940,16.725,48.606
Armenia,2002,ARM,3055636,4.960,5.310,184.560,30.885,29.755
Armenia,2003,ARM,3038976,5.020,5.300,179.250,36.981,28.679
Armenia,2004,ARM,3022544,5.040,5.790,172.710,34.197,27.807
Armenia,2005,ARM,3006360,5.300,6.080,184.210,28.783,30.099
Armenia,2006,ARM,2990371,5.400,5.710,161.120,31.699,25.919
Armenia,2007,ARM,2974825,5.770,5.670,162.260,32.275,26.279
Armenia,2008,ARM,2959996,5.880,5.900,193.220,30.169,31.356
Armenia,2009,ARM,2945518,5.400,5.440,134.190,36.765,21.140
Armenia,2010,ARM,2931083,5.490,6.270,146.730,40.510,22.967
Armenia,2011,ARM,2923269,5.880,7.210,203.880,34.119,33.148
Armenia,2012,ARM,2922529,6.220,7.820,263.430,29.412,43.478
Armenia,2013,ARM,2922526,6.330,7.490,256.340,28.705,42.323
Armenia,2014,ARM,2922433,6.420,7.530,264.280,26.162,43.692
Armenia,2015,ARM,2921179,6.300,7.550,225.170,28.874,37.086
Armenia,2016,ARM,2918796,6.150,7.100,222.540,32.817,36.338
Armenia,2017,ARM,2914966,6.410,7.530,231.080,29.880,38.114
Armenia,2018,ARM,2909971,6.170,7.590,268.780,30.435,44.532
Armenia,2019,ARM,2903975,6.530,7.490,248.330,32.176,40.721
Armenia,2020,ARM,2890893,6.630,7.640,251.310,25.131,41.492
Armenia,2021,ARM,2870339,7.090,7.720,265.540,32.254,43.782
Armenia,2022,ARM,2880880,8.430,9.880,240.890,34.109,39.271
Armenia,2023,ARM,2943398,7.510,8.650,262.430,27.977,43.006
Armenia,2024,ARM,2973843,7.640,9.030,240.310,31.894,38.981
Armenia,2025,ARM,2952355,8.140,9.720,211.930,38.992,34.053
Aruba,2000,ABW,88772,0.780,0.780,653.850,0.000,100.000
Aruba,2001,ABW,90320,0.810,0.810,654.320,0.000,100.000
Aruba,2002,ABW,91393,0.820,0.820,658.540,0.000,100.000
Aruba,2003,ABW,92324,0.840,0.840,654.760,0.000,100.000
Aruba,2004,ABW,93223,0.870,0.870,655.170,0.000,100.000
Aruba,2005,ABW,94239,0.910,0.910,659.340,0.000,100.000
Aruba,2006,ABW,95403,0.910,0.910,659.340,0.000,100.000
Aruba,2007,ABW,96604,0.940,0.940,659.570,0.000,100.000
Aruba,2008,ABW,97815,0.910,0.910,659.340,0.000,100.000
Aruba,2009,ABW,99040,0.950,0.950,642.110,3.158,96.842
Aruba,2010,ABW,100127,0.940,0.940,585.110,11.702,88.298
Aruba,2011,ABW,100995,0.930,0.930,580.650,11.828,88.172
Aruba,2012,ABW,101774,0.920,0.920,554.350,15.217,84.783
Aruba,2013,ABW,102570,0.940,0.940,553.190,15.957,84.043
Aruba,2014,ABW,103381,0.940,0.940,542.550,17.021,82.979
Aruba,2015,ABW,104200,0.970,0.970,536.080,18.557,81.443
Aruba,2016,ABW,104989,0.940,0.940,563.830,14.894,85.106
Aruba,2017,ABW,105737,0.970,0.970,567.010,14.433,85.567
Aruba,2018,ABW,106447,0.970,0.970,546.390,16.495,83.505
Aruba,2019,ABW,107089,0.990,0.990,545.460,17.172,82.828
Aruba,2020,ABW,107411,0.990,0.990,545.460,17.172,82.828
Aruba,2021,ABW,107565,1.000,1.000,550.000,17.000,83.000
Aruba,2022,ABW,107792,1.000,1.000,550.000,17.000,83.000
Aruba,2023,ABW,107946,1.000,1.000,550.000,17.000,83.000
Aruba,2024,ABW,108076,1.000,1.000,550.000,17.000,83.000
Asia,2000,,3746832777,4815.040,4806.640,629.777,12.723,76.848
Asia,2001,,3797954107,5025.850,5017.830,631.131,13.129,76.738
Asia,2002,,3847359674,5352.430,5346.540,638.202,12.822,77.428
Asia,2003,,3895799439,5740.090,5738.940,657.252,12.499,79.421
Asia,2004,,3944378395,6247.690,6247.910,649.928,13.364,78.122
Asia,2005,,3992890580,6719.170,6719.410,657.251,13.133,78.600
Asia,2006,,4041771416,7258.690,7255.080,661.633,13.367,78.772
Asia,2007,,4090564345,7866.730,7864.730,672.310,12.997,80.046
Asia,2008,,4139267468,8191.900,8190.400,663.272,14.322,79.193
Asia,2009,,4188829464,8453.140,8449.360,668.253,13.835,79.587
Asia,2010,,4238694946,9284.270,9279.120,660.907,14.761,78.931
Asia,2011,,4288350005,9946.960,9940.439,676.639,14.290,80.826
Asia,2012,,4338443538,10425.140,10413.760,673.775,15.806,80.842
Asia,2013,,4387757369,11008.450,10995.950,673.196,16.370,80.441
Asia,2014,,4435744576,11619.000,11608.340,664.547,17.326,79.421
Asia,2015,,4482088489,11779.670,11762.561,651.142,18.339,78.040
Asia,2016,,4527178153,12368.510,12359.390,642.652,18.953,77.192
Asia,2017,,4571224645,13098.561,13101.640,638.334,19.590,76.571
Asia,2018,,4612352852,13887.170,13890.530,634.525,20.192,75.759
Asia,2019,,4651098724,14321.100,14320.720,620.551,21.499,73.925
Asia,2020,,4686811214,14554.989,14545.220,609.931,22.719,72.706
Asia,2021,,4716999164,15674.260,15656.380,604.840,23.313,72.024
Asia,2022,,4746329727,16268.560,16257.720,594.340,24.736,70.545
Asia,2023,,4776659631,17077.439,17060.699,591.731,25.120,70.046
Asia,2024,,4805539800,18035.561,18014.910,573.357,27.262,67.937
Asia (Ember),2000,,,4199.280,4199.280,624.980,13.626,74.436
Asia (Ember),2001,,,4386.020,4386.020,625.180,14.269,74.138
Asia (Ember),2002,,,4674.170,4674.170,635.390,13.688,75.160
Asia (Ember),2003,,,5022.330,5022.330,657.830,13.290,77.477
Asia (Ember),2004,,,5490.540,5490.540,650.880,14.038,76.274
Asia (Ember),2005,,,5897.070,5897.070,658.530,13.849,76.731
Asia (Ember),2006,,,6377.580,6377.580,664.210,14.046,77.011
Asia (Ember),2007,,,6927.250,6927.250,675.100,13.826,78.277
Asia (Ember),2008,,,7216.330,7216.330,663.350,15.577,77.062
Asia (Ember),2009,,,7440.910,7440.910,669.240,15.025,77.506
Asia (Ember),2010,,,8168.120,8168.120,662.570,15.855,76.979
Asia (Ember),2011,,,8789.720,8789.720,680.230,15.289,79.189
Asia (Ember),2012,,,9210.100,9210.100,677.530,16.927,79.299
Asia (Ember),2013,,,9753.860,9753.860,677.830,17.491,78.958
Asia (Ember),2014,,,10280.300,10280.300,666.290,18.840,77.527
Asia (Ember),2015,,,10374.500,10374.500,652.440,19.803,76.126
Asia (Ember),2016,,,10924.760,10924.760,642.850,20.399,75.299
Asia (Ember),2017,,,11563.560,11563.560,637.580,21.221,74.490
Asia (Ember),2018,,,12342.440,12342.440,632.780,21.776,73.722
Asia (Ember),2019,,,12731.170,12731.170,619.860,22.732,72.171
Asia (Ember),2020,,,12938.560,12938.560,607.730,24.192,70.725
Asia (Ember),2021,,,13970.770,13970.770,601.680,25.002,69.873
Asia (Ember),2022,,,14524.920,14524.920,590.900,26.421,68.481
Asia (Ember),2023,,,15250.020,15250.020,589.140,26.760,68.101
Asia (Ember),2024,,,16119.510,16119.510,569.520,29.026,65.906
Asia (Ember),2025,,,16728.881,16728.881,544.400,32.048,62.873
Asia Pacific (EI),2000,,,,4286.583,,13.289,74.577
Asia Pacific (EI),2001,,,,4478.642,,13.846,74.387
Asia Pacific (EI),2002,,,,4762.881,,13.249,75.400
Asia Pacific (EI),2003,,,,5099.382,,12.753,77.768
Asia Pacific (EI),2004,,,,5568.057,,13.707,76.407
Asia Pacific (EI),2005,,,,5971.893,,13.437,76.994
Asia Pacific (EI),2006,,,,6457.720,,13.744,77.173
Asia Pacific (EI),2007,,,,7016.016,,13.559,78.402
Asia Pacific (EI),2008,,,,7303.541,,15.294,77.241
Asia Pacific (EI),2009,,,,7537.762,,14.783,77.652
Asia Pacific (EI),2010,,,,8257.958,,15.530,76.915
Asia Pacific (EI),2011,,,,8875.114,,15.174,78.902
Asia Pacific (EI),2012,,,,9276.172,,16.581,79.275
Asia Pacific (EI),2013,,,,9811.527,,17.452,78.608
Asia Pacific (EI),2014,,,,10333.273,,18.791,77.185
Asia Pacific (EI),2015,,,,10433.888,,19.742,75.807
Asia Pacific (EI),2016,,,,10975.852,,20.429,74.401
Asia Pacific (EI),2017,,,,11603.016,,21.203,73.620
Asia Pacific (EI),2018,,,,12399.812,,21.911,72.755
Asia Pacific (EI),2019,,,,12800.716,,22.938,71.219
Asia Pacific (EI),2020,,,,12986.742,,24.496,69.642
Asia Pacific (EI),2021,,,,13994.504,,25.328,68.764
Asia Pacific (EI),2022,,,,14533.493,,26.788,67.238
Asia Pacific (EI),2023,,,,15258.936,,27.128,66.869
Asia Pacific (EI),2024,,,,16132.352,,29.281,64.734
Asia and Oceania (EIA),2000,,,,,,,
Asia and Oceania (EIA),2001,,,,,,,
Asia and Oceania (EIA),2002,,,,,,,
Asia and Oceania (EIA),2003,,,,,,,
Asia and Oceania (EIA),2004,,,,,,,
Asia and Oceania (EIA),2005,,,,,,,
Asia and Oceania (EIA),2006,,,,,,,
Asia and Oceania (EIA),2007,,,,,,,
Asia and Oceania (EIA),2008,,,,,,,
Asia and Oceania (EIA),2009,,,,,,,
Asia and Oceania (EIA),2010,,,,,,,
Asia and Oceania (EIA),2011,,,,,,,
Asia and Oceania (EIA),2012,,,,,,,
Asia and Oceania (EIA),2013,,,,,,,
Asia and Oceania (EIA),2014,,,,,,,
Asia and Oceania (EIA),2015,,,,,,,
Asia and Oceania (EIA),2016,,,,,,,
Asia and Oceania (EIA),2017,,,,,,,
Asia and Oceania (EIA),2018,,,,,,,
Asia and Oceania (EIA),2019,,,,,,,
Asia and Oceania (EIA),2020,,,,,,,
Asia and Oceania (EIA),2021,,,,,,,
Asia and Oceania (EIA),2022,,,,,,,
Asia and Oceania (EIA),2023,,,,,,,
Asia and Oceania (Shift),2000,,,,,,,
Asia and Oceania (Shift),2001,,,,,,,
Asia and Oceania (Shift),2002,,,,,,,
Asia and Oceania (Shift),2003,,,,,,,
Asia and Oceania (Shift),2004,,,,,,,
Asia and Oceania (Shift),2005,,,,,,,
Asia and Oceania (Shift),2006,,,,,,,
Asia and Oceania (Shift),2007,,,,,,,
Asia and Oceania (Shift),2008,,,,,,,
Asia and Oceania (Shift),2009,,,,,,,
Asia and Oceania (Shift),2010,,,,,,,
Asia and Oceania (Shift),2011,,,,,,,
Asia and Oceania (Shift),2012,,,,,,,
Asia and Oceania (Shift),2013,,,,,,,
Asia and Oceania (Shift),2014,,,,,,,
Asia and Oceania (Shift),2015,,,,,,,
Asia and Oceania (Shift),2016,,,,,,,
Australia,2000,AUS,19132472,216.830,216.830,805.980,8.089,91.911
Australia,2001,AUS,19365438,224.260,224.260,803.130,7.696,92.304
Australia,2002,AUS,19595356,223.490,223.490,794.670,8.032,91.968
Australia,2003,AUS,19819449,225.950,225.950,792.170,8.258,91.742
Australia,2004,AUS,20046679,229.230,229.230,792.830,8.454,91.546
Australia,2005,AUS,20294490,230.740,230.740,791.800,8.980,91.020
Australia,2006,AUS,20590566,237.990,237.990,790.500,8.883,91.117
Australia,2007,AUS,20954545,243.190,243.190,791.150,8.343,91.657
Australia,2008,AUS,21370595,245.380,245.380,791.510,7.792,92.208
Australia,2009,AUS,21783014,249.900,249.900,785.110,8.067,91.933
Australia,2010,AUS,22141583,250.970,250.970,775.670,8.830,91.170
Australia,2011,AUS,22479779,256.280,256.280,749.420,11.944,88.056
Australia,2012,AUS,22852648,250.660,250.660,746.990,12.076,87.924
Australia,2013,AUS,23236271,249.560,249.560,726.160,14.237,85.763
Australia,2014,AUS,23595599,247.650,247.650,734.180,13.228,86.772
Australia,2015,AUS,23947997,253.990,253.990,729.710,14.095,85.905
Australia,2016,AUS,24329963,258.230,258.230,713.510,16.164,83.836
Australia,2017,AUS,24731044,258.970,258.970,718.080,15.133,84.867
Australia,2018,AUS,25119700,262.630,262.630,688.420,18.844,81.156
Australia,2019,AUS,25482714,265.900,265.900,670.100,20.782,79.218
Australia,2020,AUS,25743787,265.150,265.150,642.320,24.243,75.757
Australia,2021,AUS,25956417,267.450,267.450,605.910,28.891,71.109
Australia,2022,AUS,26200987,272.920,272.920,577.860,32.039,67.961
Australia,2023,AUS,26451126,273.110,273.110,556.700,34.810,65.190
Australia,2024,AUS,26713206,281.640,281.640,553.830,35.077,64.923
Australia,2025,AUS,26974024,286.340,286.340,525.180,38.618,61.382
Australia and New Zealand (EIA),2000,,,,,,,
Australia and New Zealand (EIA),2001,,,,,,,
Australia and New Zealand (EIA),2002,,,,,,,
Australia and New Zealand (EIA),2003,,,,,,,
Australia and New Zealand (EIA),2004,,,,,,,
Australia and New Zealand (EIA),2005,,,,,,,
Australia and New Zealand (EIA),2006,,,,,,,
Australia and New Zealand (EIA),2007,,,,,,,
Australia and New Zealand (EIA),2008,,,,,,,
Australia and New Zealand (EIA),2009,,,,,,,
Australia and New Zealand (EIA),2010,,,,,,,
Australia and New Zealand (EIA),2011,,,,,,,
Australia and New Zealand (EIA),2012,,,,,,,
Australia and New Zealand (EIA),2013,,,,,,,
Australia and New Zealand (EIA),2014,,,,,,,
Australia and New Zealand (EIA),2015,,,,,,,
Australia and New Zealand (EIA),2016,,,,,,,
Australia and New Zealand (EIA),2017,,,,,,,
Australia and New Zealand (EIA),2018,,,,,,,
Australia and New Zealand (EIA),2019,,,,,,,
Australia and New Zealand (EIA),2020,,,,,,,
Australia and New Zealand (EIA),2021,,,,,,,
Australia and New Zealand (EIA),2022,,,,,,,
Australia and New Zealand (EIA),2023,,,,,,,
Austria,2000,AUT,8012929,58.270,59.640,203.390,72.837,27.163
Austria,2001,AUT,8042233,61.200,60.980,229.090,69.269,30.731
Austria,2002,AUT,8081640,61.330,60.630,226.130,69.108,30.892
Austria,2003,AUT,8122604,63.580,57.970,282.390,60.790,39.210
Austria,2004,AUT,8173496,64.930,61.850,259.340,64.058,35.942
Austria,2005,AUT,8229204,66.990,64.370,254.000,63.508,36.492
Austria,2006,AUT,8269901,68.550,62.210,253.010,65.359,34.641
Austria,2007,AUT,8296948,68.850,62.830,232.690,68.709,31.291
Austria,2008,AUT,8323250,69.240,64.380,220.410,69.167,30.833
Austria,2009,AUT,8345073,66.990,66.210,195.890,71.258,28.742
Austria,2010,AUT,8365087,70.260,67.820,226.780,66.337,33.663
Austria,2011,AUT,8393272,70.400,62.200,238.590,65.772,34.228
Austria,2012,AUT,8431599,71.450,68.650,185.870,74.771,25.229
Austria,2013,AUT,8481411,71.820,64.550,173.350,78.234,21.766
Austria,2014,AUT,8547812,70.820,61.550,150.450,81.560,18.440
Austria,2015,AUT,8644037,71.840,61.780,172.060,77.031,22.969
Austria,2016,AUT,8737920,72.030,64.870,154.620,78.742,21.258
Austria,2017,AUT,8798779,73.640,67.090,162.920,76.092,23.908
Austria,2018,AUT,8841653,73.620,64.670,157.880,77.408,22.592
Austria,2019,AUT,8880876,73.820,70.690,152.780,77.295,22.705
Austria,2020,AUT,8921402,71.230,69.030,133.280,80.284,19.716
Austria,2021,AUT,8967053,74.210,66.670,135.290,79.121,20.879
Austria,2022,AUT,9064678,73.170,64.470,140.840,78.191,21.809
Austria,2023,AUT,9130434,70.910,70.980,111.720,84.756,15.244
Austria,2024,AUT,9120815,71.690,78.470,103.480,86.224,13.776
Austria,2025,AUT,9113578,75.840,73.220,116.910,83.597,16.403
Azerbaijan,2000,AZE,8174784,19.170,18.680,617.770,8.137,91.863
Azerbaijan,2001,AZE,8251776,19.640,18.960,648.730,6.804,93.196
Azerbaijan,2002,AZE,8326141,20.130,18.680,623.660,10.707,89.293
Azerbaijan,2003,AZE,8400528,22.830,21.260,615.240,11.477,88.523
Azerbaijan,2004,AZE,8489874,23.090,21.720,611.880,12.569,87.431
Azerbaijan,2005,AZE,8597248,24.040,22.840,609.900,13.047,86.953
Azerbaijan,2006,AZE,8711380,25.400,24.510,630.760,10.159,89.841
Azerbaijan,2007,AZE,8828313,21.580,21.820,631.070,10.724,89.276
Azerbaijan,2008,AZE,8942637,21.020,21.620,639.690,10.222,89.778
Azerbaijan,2009,AZE,9046336,18.580,18.850,629.180,12.149,87.851
Azerbaijan,2010,AZE,9146852,18.310,18.670,588.650,18.265,81.735
Azerbaijan,2011,AZE,9256156,19.590,20.270,623.580,13.074,86.926
Azerbaijan,2012,AZE,9376179,22.430,22.970,659.560,7.836,92.164
Azerbaijan,2013,AZE,9504417,22.880,23.250,669.250,6.710,93.290
Azerbaijan,2014,AZE,9631136,24.260,24.630,677.220,5.562,94.438
Azerbaijan,2015,AZE,9752859,24.410,24.570,663.820,6.960,93.040
Azerbaijan,2016,AZE,9868434,23.870,24.850,651.510,8.410,91.590
Azerbaijan,2017,AZE,9968510,23.050,24.220,658.960,7.762,92.238
Azerbaijan,2018,AZE,10039782,23.820,25.130,661.760,7.760,92.240
Azerbaijan,2019,AZE,10110483,24.600,25.950,667.820,6.898,93.102
Azerbaijan,2020,AZE,10181736,24.740,25.750,680.000,5.126,94.874
Azerbaijan,2021,AZE,10234372,26.270,27.790,676.140,5.470,94.530
Azerbaijan,2022,AZE,10295307,26.080,28.940,671.390,6.358,93.642
Azerbaijan,2023,AZE,10318209,26.060,29.090,669.990,6.531,93.469
Azerbaijan,2024,AZE,10336577,26.610,27.840,634.340,11.746,88.254
Azerbaijan,2025,AZE,10397712,27.170,28.090,631.900,12.140,87.860
Bahamas,2000,BHS,323846,1.700,1.700,658.820,0.000,100.000
Bahamas,2001,BHS,327847,1.770,1.770,655.370,0.000,100.000
Bahamas,2002,BHS,331625,1.890,1.890,656.090,0.000,100.000
Bahamas,2003,BHS,335625,2.000,2.000,660.000,0.000,100.000
Bahamas,2004,BHS,339794,1.980,1.980,656.570,0.000,100.000
Bahamas,2005,BHS,343905,2.090,2.090,660.290,0.000,100.000
Bahamas,2006,BHS,348386,2.120,2.120,655.660,0.000,100.000
Bahamas,2007,BHS,353343,2.250,2.250,657.780,0.000,100.000
Bahamas,2008,BHS,358133,2.250,2.250,657.780,0.000,100.000
Bahamas,2009,BHS,362806,2.140,2.140,658.880,0.000,100.000
Bahamas,2010,BHS,367482,2.010,2.010,656.720,0.000,100.000
Bahamas,2011,BHS,371738,2.050,2.050,658.540,0.000,100.000
Bahamas,2012,BHS,375474,1.900,1.900,657.900,0.000,100.000
Bahamas,2013,BHS,378957,1.880,1.880,659.570,0.000,100.000
Bahamas,2014,BHS,382312,1.920,1.920,656.250,0.000,100.000
Bahamas,2015,BHS,385355,2.000,2.000,660.000,0.000,100.000
Bahamas,2016,BHS,388060,1.970,1.970,659.900,0.000,100.000
Bahamas,2017,BHS,390496,1.990,1.990,658.290,0.000,100.000
Bahamas,2018,BHS,392718,2.000,2.000,660.000,0.000,100.000
Bahamas,2019,BHS,394684,2.010,2.010,656.720,0.000,100.000
Bahamas,2020,BHS,395874,2.030,2.030,655.170,0.493,99.507
Bahamas,2021,BHS,396381,2.040,2.040,656.860,0.490,99.510
Bahamas,2022,BHS,397542,2.050,2.050,653.660,0.976,99.024
Bahamas,2023,BHS,399452,2.210,2.210,651.580,0.905,99.095
Bahamas,2024,BHS,401282,2.250,2.250,653.330,0.889,99.111
Bahrain,2000,BHR,669589,13.860,13.860,904.760,0.000,100.000
Bahrain,2001,BHR,699964,14.620,14.620,904.930,0.000,100.000
Bahrain,2002,BHR,752205,15.260,15.260,904.980,0.000,100.000
Bahrain,2003,BHR,811276,15.700,15.700,904.460,0.000,100.000
Bahrain,2004,BHR,871446,16.150,16.150,904.640,0.000,100.000
Bahrain,2005,BHR,932618,19.370,19.370,904.490,0.000,100.000
Bahrain,2006,BHR,994626,21.040,21.040,898.760,0.000,100.000
Bahrain,2007,BHR,1057419,21.730,21.720,901.470,0.000,100.000
Bahrain,2008,BHR,1120718,22.630,22.820,904.910,0.000,100.000
Bahrain,2009,BHR,1183616,22.730,22.560,904.700,0.000,100.000
Bahrain,2010,BHR,1213248,23.990,23.820,904.700,0.000,100.000
Bahrain,2011,BHR,1206733,24.460,24.340,904.680,0.000,100.000
Bahrain,2012,BHR,1216307,24.610,24.770,904.720,0.000,100.000
Bahrain,2013,BHR,1257206,25.930,25.910,904.670,0.000,100.000
Bahrain,2014,BHR,1312857,27.260,27.260,904.260,0.037,99.963
Bahrain,2015,BHR,1369656,28.480,28.490,904.530,0.035,99.965
Bahrain,2016,BHR,1429609,28.500,28.520,904.280,0.035,99.965
Bahrain,2017,BHR,1482003,29.270,29.230,904.550,0.034,99.966
Bahrain,2018,BHR,1497634,29.750,29.550,904.570,0.034,99.966
Bahrain,2019,BHR,1485675,33.190,33.110,904.260,0.060,99.940
Bahrain,2020,BHR,1483081,33.160,33.380,904.130,0.060,99.940
Bahrain,2021,BHR,1501762,33.930,33.910,903.570,0.118,99.882
Bahrain,2022,BHR,1533460,35.710,35.680,902.750,0.224,99.776
Bahrain,2023,BHR,1569674,37.950,37.470,902.590,0.240,99.760
Bahrain,2024,BHR,1607059,38.440,37.950,902.240,0.264,99.736
Bangladesh,2000,BGD,134544303,15.940,15.940,645.550,5.897,94.103
Bangladesh,2001,BGD,136805810,17.380,17.380,647.300,5.639,94.361
Bangladesh,2002,BGD,138933659,18.950,18.950,647.490,5.541,94.459
Bangladesh,2003,BGD,140970355,20.070,20.070,648.230,5.580,94.420
Bangladesh,2004,BGD,142902857,25.130,25.130,653.000,4.815,95.185
Bangladesh,2005,BGD,144715789,26.960,26.960,654.670,4.748,95.252
Bangladesh,2006,BGD,146405983,30.160,30.160,655.840,4.609,95.391
Bangladesh,2007,BGD,147989282,30.990,30.990,673.120,2.452,97.548
Bangladesh,2008,BGD,149474264,34.230,34.230,672.510,2.805,97.195
Bangladesh,2009,BGD,150873716,37.230,37.230,681.980,1.262,98.738
Bangladesh,2010,BGD,152201978,40.860,40.860,675.230,2.031,97.969
Bangladesh,2011,BGD,153591074,44.220,44.220,672.550,2.216,97.784
Bangladesh,2012,BGD,155070110,48.620,48.620,673.800,1.872,98.128
Bangladesh,2013,BGD,156532134,53.340,53.340,673.790,2.006,97.994
Bangladesh,2014,BGD,157964931,58.320,56.050,676.540,1.392,98.608
Bangladesh,2015,BGD,159383179,62.670,59.290,675.830,1.349,98.651
Bangladesh,2016,BGD,160811934,72.910,69.090,672.600,1.795,98.205
Bangladesh,2017,BGD,162186146,78.110,73.450,672.160,1.756,98.244
Bangladesh,2018,BGD,163523109,83.930,79.150,673.030,1.769,98.231
Bangladesh,2019,BGD,164913060,91.900,85.110,675.240,1.398,98.602
Bangladesh,2020,BGD,166298024,92.130,85.460,678.910,1.463,98.537
Bangladesh,2021,BGD,167658855,103.750,95.650,679.040,1.411,98.589
Bangladesh,2022,BGD,169384891,109.960,102.250,676.480,1.555,98.445
Bangladesh,2023,BGD,171466986,111.160,100.730,682.720,1.708,98.292
Bangladesh,2024,BGD,173562366,111.740,101.740,695.700,1.887,98.113
Bangladesh,2025,BGD,175686904,118.060,103.400,696.130,2.137,97.863
Barbados,2000,BRB,262071,0.790,0.790,658.230,0.000,100.000
Barbados,2001,BRB,262429,0.830,0.830,650.600,0.000,100.000
Barbados,2002,BRB,264155,0.860,0.860,662.790,0.000,100.000
Barbados,2003,BRB,265789,0.870,0.870,666.670,0.000,100.000
Barbados,2004,BRB,267297,0.890,0.890,662.920,0.000,100.000
Barbados,2005,BRB,268717,0.990,0.990,656.570,0.000,100.000
Barbados,2006,BRB,270011,1.020,1.020,656.860,0.000,100.000
Barbados,2007,BRB,271298,1.050,1.050,657.140,0.000,100.000
Barbados,2008,BRB,272719,1.050,1.050,657.140,0.000,100.000
Barbados,2009,BRB,274137,1.070,1.070,663.550,0.000,100.000
Barbados,2010,BRB,275251,1.030,1.030,660.190,0.000,100.000
Barbados,2011,BRB,276150,1.040,1.040,663.460,0.000,100.000
Barbados,2012,BRB,276949,1.130,1.130,654.870,0.000,100.000
Barbados,2013,BRB,277669,1.010,1.010,653.470,0.000,100.000
Barbados,2014,BRB,278355,1.030,1.030,650.490,0.971,99.029
Barbados,2015,BRB,278999,1.040,1.040,644.230,0.962,99.038
Barbados,2016,BRB,279604,1.050,1.050,638.100,1.905,98.095
Barbados,2017,BRB,280177,1.040,1.040,634.620,2.885,97.115
Barbados,2018,BRB,280719,1.040,1.040,634.620,2.885,97.115
Barbados,2019,BRB,281216,1.060,1.060,632.080,3.774,96.226
Barbados,2020,BRB,281706,1.060,1.060,613.210,6.604,93.396
Barbados,2021,BRB,282157,1.060,1.060,603.770,7.547,92.453
Barbados,2022,BRB,282324,1.090,1.090,605.510,7.339,92.661
Barbados,2023,BRB,282347,1.100,1.100,600.000,8.182,91.818
Barbados,2024,BRB,282476,1.110,1.110,594.600,9.009,90.991
Belarus,2000,BLR,9991310,33.310,26.100,518.010,0.115,99.885
Belarus,2001,BLR,9938068,33.340,25.070,516.550,0.120,99.880
Belarus,2002,BLR,9873451,33.010,26.460,515.500,0.113,99.887
Belarus,2003,BLR,9803175,33.460,26.630,514.080,0.113,99.887
Belarus,2004,BLR,9735089,34.450,31.200,515.060,0.096,99.904
Belarus,2005,BLR,9667833,35.000,30.960,512.600,0.129,99.871
Belarus,2006,BLR,9608041,36.170,31.810,515.250,0.126,99.874
Belarus,2007,BLR,9563135,36.170,31.830,508.950,0.157,99.843
Belarus,2008,BLR,9529357,36.890,35.050,512.130,0.200,99.800
Belarus,2009,BLR,9507334,34.840,30.370,534.080,0.362,99.638
Belarus,2010,BLR,9490752,37.600,34.900,511.180,0.401,99.599
Belarus,2011,BLR,9472738,37.780,32.190,509.160,0.435,99.565
Belarus,2012,BLR,9463075,38.410,30.810,510.220,0.682,99.318
Belarus,2013,BLR,9464454,37.880,31.510,505.870,0.952,99.048
Belarus,2014,BLR,9472704,38.060,34.740,507.200,0.835,99.165
Belarus,2015,BLR,9487289,36.710,34.090,506.890,0.997,99.003
Belarus,2016,BLR,9499066,36.590,33.570,506.110,1.281,98.719
Belarus,2017,BLR,9495793,37.100,34.510,499.860,2.260,97.740
Belarus,2018,BLR,9480031,38.000,38.990,501.150,2.077,97.923
Belarus,2019,BLR,9435415,38.120,40.460,498.760,2.570,97.430
Belarus,2020,BLR,9350943,38.040,38.540,498.700,3.503,95.615
Belarus,2021,BLR,9251368,40.950,41.250,433.210,3.079,82.909
Belarus,2022,BLR,9173240,36.480,37.180,439.220,3.389,84.024
Belarus,2023,BLR,9115679,41.430,41.740,359.850,3.210,68.687
Belarus,2024,BLR,9056696,45.220,45.820,329.550,3.077,62.680
Belarus,2025,BLR,8997601,45.470,46.370,309.250,4.831,58.572
Belgium,2000,BEL,10251719,87.120,82.790,269.600,1.268,40.560
Belgium,2001,BEL,10287005,87.740,78.630,252.830,1.374,39.680
Belgium,2002,BEL,10332975,88.530,80.940,249.820,1.408,40.079
Belgium,2003,BEL,10376262,89.980,83.570,249.130,1.436,41.869
Belgium,2004,BEL,10421298,90.690,82.910,247.620,1.809,41.129
Belgium,2005,BEL,10478883,90.680,84.380,241.050,2.501,41.088
Belgium,2006,BEL,10548445,93.500,83.340,231.580,3.552,40.473
Belgium,2007,BEL,10625488,93.590,86.810,224.280,4.020,40.422
Belgium,2008,BEL,10709711,93.660,83.060,218.280,5.321,39.815
Belgium,2009,BEL,10812936,87.920,89.760,216.910,6.061,41.332
Belgium,2010,BEL,10936619,93.590,93.040,212.810,7.061,41.412
Belgium,2011,BEL,11038624,91.820,89.280,192.880,9.364,36.615
Belgium,2012,BEL,11107522,91.450,81.510,202.680,12.894,37.676
Belgium,2013,BEL,11160277,91.590,81.950,184.260,14.301,33.667
Belgium,2014,BEL,11210113,88.800,71.200,189.890,17.149,35.520
Belgium,2015,BEL,11275332,89.430,68.430,215.550,21.102,40.757
Belgium,2016,BEL,11332707,90.490,84.310,158.700,16.902,31.479
Belgium,2017,BEL,11376583,91.360,85.340,159.480,18.514,32.001
Belgium,2018,BEL,11428608,91.200,73.870,186.950,23.230,38.053
Belgium,2019,BEL,11490623,90.840,92.690,156.540,20.984,32.064
Belgium,2020,BEL,11540102,87.960,88.290,166.610,26.560,34.443
Belgium,2021,BEL,11570843,91.520,99.400,131.790,22.887,26.479
Belgium,2022,BEL,11641814,86.800,94.330,139.400,25.898,27.584
Belgium,2023,BEL,11712891,83.770,82.130,134.670,33.435,26.470
Belgium,2024,BEL,11738761,86.350,76.010,126.960,35.232,23.655
Belgium,2025,BEL,11758601,86.560,72.890,149.820,38.935,27.987
Belize,2000,BLZ,240809,0.130,0.130,230.770,69.231,30.769
Belize,2001,BLZ,248393,0.290,0.130,230.770,69.231,30.769
Belize,2002,BLZ,256019,0.320,0.140,214.290,64.286,35.714
Belize,2003,BLZ,263794,0.350,0.160,437.500,37.500,62.500
Belize,2004,BLZ,271695,0.380,0.140,357.140,42.857,57.143
Belize,2005,BLZ,279747,0.410,0.160,375.000,43.750,56.250
Belize,2006,BLZ,287889,0.420,0.210,95.240,85.714,14.286
Belize,2007,BLZ,296117,0.440,0.220,136.360,81.818,18.182
Belize,2008,BLZ,304373,0.460,0.210,47.620,95.238,4.762
Belize,2009,BLZ,312619,0.460,0.240,125.000,79.167,20.833
Belize,2010,BLZ,320256,0.580,0.420,142.860,88.095,11.905
Belize,2011,BLZ,327306,0.500,0.330,90.910,93.939,6.061
Belize,2012,BLZ,334421,0.620,0.380,131.580,92.105,7.895
Belize,2013,BLZ,341635,0.600,0.370,108.110,94.595,5.405
Belize,2014,BLZ,348934,0.590,0.360,138.890,91.667,8.333
Belize,2015,BLZ,356341,0.610,0.360,138.890,91.667,8.333
Belize,2016,BLZ,364717,0.620,0.380,105.260,94.737,5.263
Belize,2017,BLZ,373215,0.630,0.400,100.000,95.000,5.000
Belize,2018,BLZ,380232,0.640,0.410,146.340,92.683,7.317
Belize,2019,BLZ,385833,0.900,0.520,173.080,86.538,13.462
Belize,2020,BLZ,390819,0.710,0.440,159.090,88.636,11.364
Belize,2021,BLZ,395355,0.640,0.360,166.670,86.111,13.889
Belize,2022,BLZ,402741,0.750,0.470,170.210,87.234,12.766
Belize,2023,BLZ,411112,0.730,0.450,155.560,88.889,11.111
Belize,2024,BLZ,417077,0.850,0.470,170.210,87.234,12.766
Benin,2000,BEN,7221618,0.450,0.080,625.000,0.000,100.000
Benin,2001,BEN,7445599,0.520,0.060,666.670,0.000,100.000
Benin,2002,BEN,7675430,0.590,0.060,666.670,0.000,100.000
Benin,2003,BEN,7913074,0.590,0.080,625.000,0.000,100.000
Benin,2004,BEN,8159098,0.660,0.080,625.000,0.000,100.000
Benin,2005,BEN,8426145,0.710,0.110,636.360,0.000,100.000
Benin,2006,BEN,8693243,0.740,0.150,666.670,0.000,100.000
Benin,2007,BEN,8953973,0.800,0.220,636.360,0.000,100.000
Benin,2008,BEN,9228468,0.890,0.230,652.170,0.000,100.000
Benin,2009,BEN,9509431,1.000,0.130,692.310,0.000,100.000
Benin,2010,BEN,9797488,1.050,0.110,636.360,0.000,100.000
Benin,2011,BEN,10093626,1.100,0.100,700.000,0.000,100.000
Benin,2012,BEN,10397659,1.120,0.050,600.000,0.000,100.000
Benin,2013,BEN,10708831,1.220,0.130,615.390,0.000,100.000
Benin,2014,BEN,11030008,1.410,0.340,647.060,0.000,100.000
Benin,2015,BEN,11360681,1.370,0.320,625.000,0.000,100.000
Benin,2016,BEN,11697845,1.360,0.270,666.670,0.000,100.000
Benin,2017,BEN,12039777,1.430,0.320,625.000,0.000,100.000
Benin,2018,BEN,12383349,1.480,0.190,631.580,0.000,100.000
Benin,2019,BEN,12726760,1.630,0.540,611.110,1.852,98.148
Benin,2020,BEN,13070169,1.630,0.990,595.960,1.010,98.990
Benin,2021,BEN,13413423,1.820,1.130,584.070,1.770,98.230
Benin,2022,BEN,13759507,1.820,0.990,595.960,2.020,97.980
Benin,2023,BEN,14111035,2.290,1.000,590.000,3.000,97.000
Benin,2024,BEN,14462721,2.310,1.010,584.160,3.960,96.040
Bermuda,2000,BMU,61569,0.600,0.600,650.000,1.667,98.333
Bermuda,2001,BMU,61887,0.610,0.610,639.340,1.639,98.361
Bermuda,2002,BMU,62163,0.640,0.640,640.630,1.562,98.438
Bermuda,2003,BMU,62405,0.660,0.660,651.520,1.515,98.485
Bermuda,2004,BMU,62576,0.660,0.660,651.520,1.515,98.485
Bermuda,2005,BMU,62730,0.690,0.690,652.170,1.449,98.551
Bermuda,2006,BMU,62855,0.710,0.710,647.890,1.408,98.592
Bermuda,2007,BMU,63030,0.730,0.730,643.840,1.370,98.630
Bermuda,2008,BMU,63319,0.720,0.720,652.780,1.389,98.611
Bermuda,2009,BMU,63587,0.740,0.740,648.650,1.351,98.649
Bermuda,2010,BMU,63748,0.740,0.740,648.650,1.351,98.649
Bermuda,2011,BMU,63753,0.730,0.730,643.840,1.370,98.630
Bermuda,2012,BMU,63665,0.700,0.700,642.860,1.429,98.571
Bermuda,2013,BMU,63593,0.680,0.680,647.060,1.471,98.529
Bermuda,2014,BMU,63551,0.660,0.660,651.520,1.515,98.485
Bermuda,2015,BMU,63482,0.670,0.670,641.790,1.493,98.507
Bermuda,2016,BMU,63466,0.660,0.660,651.520,1.515,98.485
Bermuda,2017,BMU,63603,0.670,0.670,641.790,1.493,98.507
Bermuda,2018,BMU,63852,0.640,0.640,640.630,1.562,98.438
Bermuda,2019,BMU,64130,0.610,0.610,639.340,1.639,98.361
Bermuda,2020,BMU,64404,0.590,0.590,644.070,1.695,98.305
Bermuda,2021,BMU,64672,0.590,0.590,644.070,1.695,98.305
Bermuda,2022,BMU,64772,0.630,0.630,650.790,1.587,98.413
Bermuda,2023,BMU,64721,0.640,0.640,640.630,1.562,98.438
Bermuda,2024,BMU,64660,0.610,0.610,639.340,1.639,98.361
Bhutan,2000,BTN,596871,0.410,1.790,22.350,100.000,0.000
Bhutan,2001,BTN,610801,0.540,1.920,26.040,100.000,0.000
Bhutan,2002,BTN,624417,0.640,2.180,22.940,100.000,0.000
Bhutan,2003,BTN,637667,0.670,2.500,24.000,100.000,0.000
Bhutan,2004,BTN,650559,0.730,2.330,25.750,100.000,0.000
Bhutan,2005,BTN,661875,0.920,2.620,22.900,100.000,0.000
Bhutan,2006,BTN,670803,1.980,4.470,24.610,100.000,0.000
Bhutan,2007,BTN,678643,1.140,6.490,23.110,100.000,0.000
Bhutan,2008,BTN,686359,0.980,6.890,23.220,100.000,0.000
Bhutan,2009,BTN,693994,1.590,6.930,23.090,100.000,0.000
Bhutan,2010,BTN,701638,1.810,7.260,23.420,100.000,0.000
Bhutan,2011,BTN,709387,1.740,6.970,24.390,100.000,0.000
Bhutan,2012,BTN,717288,1.900,6.740,23.740,100.000,0.000
Bhutan,2013,BTN,725282,2.080,7.530,23.900,100.000,0.000
Bhutan,2014,BTN,733151,2.160,7.150,23.780,100.000,0.000
Bhutan,2015,BTN,740623,2.130,7.730,23.290,100.000,0.000
Bhutan,2016,BTN,747878,2.200,7.880,24.110,100.000,0.000
Bhutan,2017,BTN,754343,2.040,7.650,23.530,100.000,0.000
Bhutan,2018,BTN,759766,2.440,6.890,23.220,100.000,0.000
Bhutan,2019,BTN,764830,2.600,8.650,24.280,100.000,0.000
Bhutan,2020,BTN,770013,6.190,11.370,23.750,100.000,0.000
Bhutan,2021,BTN,775450,11.650,10.820,24.030,100.000,0.000
Bhutan,2022,BTN,780921,11.600,10.770,24.140,100.000,0.000
Bhutan,2023,BTN,786386,11.990,11.160,24.190,100.000,0.000
Bhutan,2024,BTN,791530,12.460,11.000,23.640,100.000,0.000
Bolivia,2000,BOL,8606330,3.900,3.880,368.560,51.546,48.454
Bolivia,2001,BOL,8752740,3.970,3.960,345.960,54.545,45.455
Bolivia,2002,BOL,8900358,4.170,4.160,350.960,53.606,46.394
Bolivia,2003,BOL,9050703,4.340,4.330,404.160,46.651,53.349
Bolivia,2004,BOL,9204297,4.530,4.530,390.730,48.344,51.656
Bolivia,2005,BOL,9360758,4.890,4.890,443.760,40.900,59.100
Bolivia,2006,BOL,9521685,5.000,5.000,424.000,43.600,56.400
Bolivia,2007,BOL,9685960,5.440,5.440,424.630,43.199,56.801
Bolivia,2008,BOL,9850859,5.920,5.920,451.010,39.696,60.304
Bolivia,2009,BOL,10016279,6.210,6.210,465.380,37.842,62.158
Bolivia,2010,BOL,10182345,6.650,6.650,494.740,33.684,66.316
Bolivia,2011,BOL,10348931,7.090,7.090,493.650,33.992,66.008
Bolivia,2012,BOL,10515814,7.410,7.410,504.720,32.524,67.476
Bolivia,2013,BOL,10682612,7.810,7.810,495.520,33.803,66.197
Bolivia,2014,BOL,10848889,8.300,8.300,530.120,28.675,71.325
Bolivia,2015,BOL,11014707,9.000,9.000,526.670,29.444,70.556
Bolivia,2016,BOL,11180020,9.300,9.300,588.170,20.753,79.247
Bolivia,2017,BOL,11344591,9.590,9.590,554.750,25.130,74.870
Bolivia,2018,BOL,11508370,10.040,10.040,523.900,29.582,70.418
Bolivia,2019,BOL,11671386,10.370,10.370,478.300,36.162,63.838
Bolivia,2020,BOL,11816301,10.270,10.270,483.930,35.638,64.362
Bolivia,2021,BOL,11937369,10.870,10.870,467.340,38.454,61.546
Bolivia,2022,BOL,12077156,11.670,11.670,485.860,35.733,64.267
Bolivia,2023,BOL,12244161,12.550,12.550,501.200,33.307,66.693
Bolivia,2024,BOL,12413318,13.530,13.530,495.200,33.999,66.001
Bolivia,2025,BOL,12581847,13.630,13.630,481.290,36.097,63.903
Bosnia and Herzegovina,2000,BIH,4159785,10.430,10.430,517.740,48.802,51.198
Bosnia and Herzegovina,2001,BIH,4179446,10.630,10.630,517.400,48.730,51.270
Bosnia and Herzegovina,2002,BIH,4188006,10.790,10.790,515.290,48.842,51.158
Bosnia and Herzegovina,2003,BIH,4178523,11.270,11.270,601.600,39.929,60.071
Bosnia and Herzegovina,2004,BIH,4140990,12.730,12.730,534.170,46.976,53.024
Bosnia and Herzegovina,2005,BIH,4096493,12.600,12.600,526.980,47.619,52.381
Bosnia and Herzegovina,2006,BIH,4063269,13.290,13.290,562.830,43.943,56.057
Bosnia and Herzegovina,2007,BIH,4013420,11.780,11.780,659.590,33.871,66.129
Bosnia and Herzegovina,2008,BIH,3947545,14.670,14.670,671.440,33.197,66.803
Bosnia and Herzegovina,2009,BIH,3879798,15.480,15.480,600.780,40.310,59.690
Bosnia and Herzegovina,2010,BIH,3811480,16.930,16.930,531.010,47.431,52.569
Bosnia and Herzegovina,2011,BIH,3741799,15.070,15.070,708.690,29.131,70.869
Bosnia and Herzegovina,2012,BIH,3670109,13.810,13.810,700.220,30.051,69.949
Bosnia and Herzegovina,2013,BIH,3610857,17.250,17.250,584.930,41.971,58.029
Bosnia and Herzegovina,2014,BIH,3564831,17.030,17.030,653.550,34.880,65.120
Bosnia and Herzegovina,2015,BIH,3518541,16.430,16.430,664.030,33.780,66.220
Bosnia and Herzegovina,2016,BIH,3472997,17.710,17.710,685.490,31.677,68.323
Bosnia and Herzegovina,2017,BIH,3428684,16.240,16.240,766.010,23.522,76.478
Bosnia and Herzegovina,2018,BIH,3386999,19.070,19.070,660.720,34.347,65.653
Bosnia and Herzegovina,2019,BIH,3345532,17.420,17.420,637.200,36.682,63.318
Bosnia and Herzegovina,2020,BIH,3299352,16.790,16.790,711.140,29.184,70.816
Bosnia and Herzegovina,2021,BIH,3244912,18.410,18.410,615.970,39.001,60.999
Bosnia and Herzegovina,2022,BIH,3204802,16.350,16.350,683.180,32.049,67.951
Bosnia and Herzegovina,2023,BIH,3185072,17.180,17.180,576.250,43.073,56.927
Bosnia and Herzegovina,2024,BIH,3164256,15.490,15.490,601.030,40.349,59.651
Bosnia and Herzegovina,2025,BIH,3140098,14.440,14.440,570.640,43.560,56.440
Botswana,2000,BWA,1677384,2.110,1.140,850.880,0.000,100.000
Botswana,2001,BWA,1712264,2.250,1.130,849.560,0.000,100.000
Botswana,2002,BWA,1744765,2.390,1.150,852.170,0.000,100.000
Botswana,2003,BWA,1775744,2.650,1.040,855.770,0.000,100.000
Botswana,2004,BWA,1807153,2.880,0.970,845.360,0.000,100.000
Botswana,2005,BWA,1839881,2.960,1.060,858.490,0.000,100.000
Botswana,2006,BWA,1874526,3.040,0.990,858.590,0.000,100.000
Botswana,2007,BWA,1911200,3.220,0.830,855.420,0.000,100.000
Botswana,2008,BWA,1949973,3.290,0.700,857.140,0.000,100.000
Botswana,2009,BWA,1990671,3.370,0.620,854.840,0.000,100.000
Botswana,2010,BWA,2033110,3.510,0.530,849.060,0.000,100.000
Botswana,2011,BWA,2073538,3.620,0.480,854.170,0.000,100.000
Botswana,2012,BWA,2108617,3.620,0.350,800.000,0.000,100.000
Botswana,2013,BWA,2140687,3.740,0.920,826.090,0.000,100.000
Botswana,2014,BWA,2172053,3.990,2.310,852.810,0.000,100.000
Botswana,2015,BWA,2203276,4.440,2.970,848.490,0.000,100.000
Botswana,2016,BWA,2234784,4.360,2.690,858.740,0.000,100.000
Botswana,2017,BWA,2266749,4.240,3.020,857.620,0.000,100.000
Botswana,2018,BWA,2299149,3.820,3.110,855.310,0.322,99.678
Botswana,2019,BWA,2332082,3.520,2.510,852.590,0.398,99.602
Botswana,2020,BWA,2365895,4.230,2.180,848.620,0.459,99.541
Botswana,2021,BWA,2401448,4.150,2.490,847.390,0.402,99.598
Botswana,2022,BWA,2439895,4.360,2.560,847.660,0.391,99.609
Botswana,2023,BWA,2480242,4.740,3.230,854.490,0.310,99.690
Botswana,2024,BWA,2521145,4.670,3.430,851.310,0.292,99.708
Brazil,2000,BRA,174018278,391.920,348.930,89.450,89.491,8.775
Brazil,2001,BRA,176301201,366.400,328.550,105.740,84.289,11.365
Brazil,2002,BRA,178503485,382.280,345.720,97.300,85.740,10.257
Brazil,2003,BRA,180622688,402.580,364.390,90.670,87.165,9.169
Brazil,2004,BRA,182675144,424.870,387.490,101.780,86.036,10.968
Brazil,2005,BRA,184688101,442.110,403.070,98.890,87.129,10.427
Brazil,2006,BRA,186653099,460.610,419.450,95.960,86.754,9.968
Brazil,2007,BRA,188552311,483.980,445.150,90.910,88.226,8.999
Brazil,2008,BRA,190367297,505.390,463.180,113.630,84.315,12.669
Brazil,2009,BRA,192079958,506.150,466.170,87.370,89.047,8.173
Brazil,2010,BRA,193701931,550.450,515.800,114.150,84.802,12.383
Brazil,2011,BRA,195284736,567.650,531.760,99.760,87.193,9.862
Brazil,2012,BRA,196876113,592.760,552.500,128.340,82.563,14.534
Brazil,2013,BRA,198478290,611.160,570.830,167.840,76.825,20.468
Brazil,2014,BRA,200085126,624.330,590.550,192.940,73.279,24.117
Brazil,2015,BRA,201675534,615.640,581.220,188.640,74.208,23.258
Brazil,2016,BRA,203218108,619.680,578.890,149.650,80.468,16.792
Brazil,2017,BRA,204703440,625.670,589.320,155.880,79.247,18.082
Brazil,2018,BRA,206107265,636.370,601.390,136.950,82.358,15.037
Brazil,2019,BRA,207455459,658.290,633.330,141.930,81.386,16.067
Brazil,2020,BRA,208660845,653.480,628.760,133.360,83.167,14.599
Brazil,2021,BRA,209550291,679.500,656.400,168.070,77.372,20.388
Brazil,2022,BRA,210306411,690.070,677.160,103.390,87.703,10.147
Brazil,2023,BRA,211140731,723.230,708.120,96.260,88.995,8.958
Brazil,2024,BRA,211998565,757.310,745.720,106.060,87.333,10.551
Brazil,2025,BRA,212812397,762.120,750.530,109.950,86.601,11.284
British Virgin Islands,2000,VGB,20266,0.110,0.110,636.360,0.000,100.000
British Virgin Islands,2001,VGB,20825,0.120,0.120,666.670,0.000,100.000
British Virgin Islands,2002,VGB,21454,0.140,0.140,642.860,0.000,100.000
British Virgin Islands,2003,VGB,22155,0.140,0.140,642.860,0.000,100.000
British Virgin Islands,2004,VGB,22905,0.150,0.150,666.670,0.000,100.000
British Virgin Islands,2005,VGB,23693,0.160,0.160,687.500,0.000,100.000
British Virgin Islands,2006,VGB,24519,0.170,0.170,647.060,0.000,100.000
British Virgin Islands,2007,VGB,25391,0.180,0.180,666.670,0.000,100.000
British Virgin Islands,2008,VGB,26308,0.180,0.180,666.670,0.000,100.000
British Virgin Islands,2009,VGB,27240,0.190,0.190,684.210,0.000,100.000
British Virgin Islands,2010,VGB,27698,0.200,0.200,650.000,0.000,100.000
British Virgin Islands,2011,VGB,28733,0.190,0.190,684.210,0.000,100.000
British Virgin Islands,2012,VGB,30369,0.200,0.200,650.000,0.000,100.000
British Virgin Islands,2013,VGB,31727,0.200,0.200,650.000,0.000,100.000
British Virgin Islands,2014,VGB,32988,0.200,0.200,650.000,0.000,100.000
British Virgin Islands,2015,VGB,34523,0.210,0.210,666.670,0.000,100.000
British Virgin Islands,2016,VGB,33904,0.220,0.220,636.360,0.000,100.000
British Virgin Islands,2017,VGB,32724,0.170,0.170,647.060,0.000,100.000
British Virgin Islands,2018,VGB,34682,0.160,0.160,687.500,0.000,100.000
British Virgin Islands,2019,VGB,36423,0.160,0.160,687.500,0.000,100.000
British Virgin Islands,2020,VGB,37161,0.160,0.160,687.500,0.000,100.000
British Virgin Islands,2021,VGB,37833,0.170,0.170,647.060,0.000,100.000
British Virgin Islands,2022,VGB,38346,0.170,0.170,647.060,0.000,100.000
British Virgin Islands,2023,VGB,39009,0.170,0.170,647.060,0.000,100.000
Brunei,2000,BRN,326429,2.540,2.540,901.580,0.000,100.000
Brunei,2001,BRN,333353,2.580,2.580,903.100,0.000,100.000
Brunei,2002,BRN,340108,2.710,2.710,904.060,0.000,100.000
Brunei,2003,BRN,346650,3.200,3.200,903.130,0.000,100.000
Brunei,2004,BRN,352921,3.260,3.260,901.840,0.000,100.000
Brunei,2005,BRN,358930,3.260,3.260,901.840,0.000,100.000
Brunei,2006,BRN,364670,3.300,3.300,903.030,0.000,100.000
Brunei,2007,BRN,370883,3.390,3.390,902.660,0.000,100.000
Brunei,2008,BRN,377800,3.420,3.420,903.510,0.000,100.000
Brunei,2009,BRN,384965,3.620,3.620,903.320,0.000,100.000
Brunei,2010,BRN,392340,3.790,3.790,902.380,0.000,100.000
Brunei,2011,BRN,399395,3.730,3.730,903.490,0.000,100.000
Brunei,2012,BRN,405564,3.930,3.930,903.310,0.000,100.000
Brunei,2013,BRN,411205,4.400,4.400,904.550,0.000,100.000
Brunei,2014,BRN,416757,4.500,4.500,904.440,0.000,100.000
Brunei,2015,BRN,422223,4.200,4.200,902.380,0.000,100.000
Brunei,2016,BRN,427571,4.270,4.270,901.640,0.000,100.000
Brunei,2017,BRN,432787,4.160,4.160,901.440,0.000,100.000
Brunei,2018,BRN,437811,4.300,4.300,902.330,0.000,100.000
Brunei,2019,BRN,442690,4.930,4.930,896.550,0.000,100.000
Brunei,2020,BRN,447411,5.740,5.740,895.470,0.000,100.000
Brunei,2021,BRN,451722,5.700,5.700,894.740,0.000,100.000
Brunei,2022,BRN,455374,5.600,5.600,892.860,0.000,100.000
Brunei,2023,BRN,458959,5.600,5.600,894.640,0.000,100.000
Brunei,2024,BRN,462734,5.560,5.560,892.090,0.180,99.820
Bulgaria,2000,BGR,8000519,35.970,40.590,458.240,6.479,48.731
Bulgaria,2001,BGR,7928455,36.510,43.440,484.350,3.798,51.197
Bulgaria,2002,BGR,7861949,35.780,42.080,444.630,5.038,46.911
Bulgaria,2003,BGR,7804405,36.790,42.280,492.900,7.072,52.058
Bulgaria,2004,BGR,7749430,35.480,41.360,493.710,7.592,51.741
Bulgaria,2005,BGR,7695047,36.310,43.890,453.860,9.797,47.710
Bulgaria,2006,BGR,7640292,37.700,45.440,451.810,9.309,47.799
Bulgaria,2007,BGR,7586896,38.350,42.820,558.620,6.726,59.085
Bulgaria,2008,BGR,7535589,39.150,44.490,550.910,6.586,57.968
Bulgaria,2009,BGR,7488016,37.240,42.310,528.480,8.698,55.235
Bulgaria,2010,BGR,7437594,37.480,45.930,521.010,12.541,54.256
Bulgaria,2011,BGR,7380023,39.300,49.960,577.660,7.786,59.568
Bulgaria,2012,BGR,7317020,38.150,46.460,525.400,11.300,54.735
Bulgaria,2013,BGR,7264605,36.840,43.020,487.450,16.062,51.000
Bulgaria,2014,BGR,7223450,37.460,46.920,487.000,15.750,50.426
Bulgaria,2015,BGR,7177515,38.130,48.710,494.560,17.963,50.462
Bulgaria,2016,BGR,7127436,38.160,44.530,472.040,15.810,48.754
Bulgaria,2017,BGR,7075642,39.360,44.840,502.900,13.671,51.650
Bulgaria,2018,BGR,7024745,38.700,46.510,442.700,20.168,45.152
Bulgaria,2019,BGR,6975466,37.910,43.720,438.700,17.132,44.991
Bulgaria,2020,BGR,6933656,36.730,40.140,383.910,18.610,39.960
Bulgaria,2021,BGR,6877222,38.440,47.220,415.290,21.834,43.244
Bulgaria,2022,BGR,6825862,38.090,50.280,476.330,19.153,48.111
Bulgaria,2023,BGR,6795805,36.750,40.080,338.320,25.075,34.606
Bulgaria,2024,BGR,6757686,37.310,38.300,278.850,29.922,28.877
Bulgaria,2025,BGR,6714556,36.530,37.960,275.550,32.798,28.082
Burkina Faso,2000,BFA,11925548,0.390,0.390,487.180,25.641,74.359
Burkina Faso,2001,BFA,12294996,0.430,0.360,555.560,13.889,86.111
Burkina Faso,2002,BFA,12680904,0.470,0.360,555.560,16.667,83.333
Burkina Faso,2003,BFA,13082530,0.520,0.450,511.110,22.222,77.778
Burkina Faso,2004,BFA,13500536,0.570,0.470,510.640,21.277,78.723
Burkina Faso,2005,BFA,13932127,0.650,0.520,538.460,19.231,80.769
Burkina Faso,2006,BFA,14373713,0.690,0.550,563.640,14.545,85.455
Burkina Faso,2007,BFA,14816313,0.730,0.610,540.980,18.033,81.967
Burkina Faso,2008,BFA,15258103,0.750,0.610,524.590,21.311,78.689
Burkina Faso,2009,BFA,15710067,0.840,0.700,542.860,18.571,81.429
Burkina Faso,2010,BFA,16176503,1.080,0.580,517.240,22.414,77.586
Burkina Faso,2011,BFA,16661907,1.050,0.540,555.560,16.667,83.333
Burkina Faso,2012,BFA,17172284,1.170,0.640,546.880,17.188,82.812
Burkina Faso,2013,BFA,17695411,1.280,0.750,546.670,16.000,84.000
Burkina Faso,2014,BFA,18229466,1.370,0.880,579.550,11.364,88.636
Burkina Faso,2015,BFA,18777488,1.450,1.010,594.060,9.901,90.099
Burkina Faso,2016,BFA,19334854,1.620,0.990,555.560,16.162,83.838
Burkina Faso,2017,BFA,19894413,1.770,1.120,562.500,14.286,85.714
Burkina Faso,2018,BFA,20438289,2.710,1.870,566.850,14.439,85.562
Burkina Faso,2019,BFA,20961956,2.680,1.600,556.250,16.250,83.750
Burkina Faso,2020,BFA,21478691,3.020,1.590,547.170,18.868,81.132
Burkina Faso,2021,BFA,21995249,3.230,1.710,549.710,18.129,81.871
Burkina Faso,2022,BFA,22509038,3.180,1.690,568.050,15.385,84.615
Burkina Faso,2023,BFA,23025777,3.270,1.690,562.130,15.976,84.024
Burkina Faso,2024,BFA,23548782,3.190,1.690,562.130,17.160,82.840
Burundi,2000,BDI,6470196,0.130,0.100,0.000,100.000,0.000
Burundi,2001,BDI,6634368,0.150,0.110,0.000,100.000,0.000
Burundi,2002,BDI,6824139,0.170,0.130,0.000,100.000,0.000
Burundi,2003,BDI,7043158,0.150,0.100,0.000,100.000,0.000
Burundi,2004,BDI,7310656,0.150,0.090,0.000,100.000,0.000
Burundi,2005,BDI,7587303,0.160,0.090,0.000,100.000,0.000
Burundi,2006,BDI,7865545,0.170,0.090,0.000,100.000,0.000
Burundi,2007,BDI,8161879,0.200,0.120,0.000,100.000,0.000
Burundi,2008,BDI,8505643,0.190,0.110,0.000,100.000,0.000
Burundi,2009,BDI,8947653,0.210,0.120,0.000,100.000,0.000
Burundi,2010,BDI,9376448,0.260,0.160,62.500,87.500,12.500
Burundi,2011,BDI,9717980,0.250,0.150,66.670,93.333,6.667
Burundi,2012,BDI,10071033,0.250,0.150,0.000,100.000,0.000
Burundi,2013,BDI,10439346,0.270,0.170,58.820,88.235,11.765
Burundi,2014,BDI,10799789,0.270,0.180,111.110,83.333,16.667
Burundi,2015,BDI,11047581,0.280,0.180,111.110,83.333,16.667
Burundi,2016,BDI,11239459,0.310,0.180,55.560,88.889,11.111
Burundi,2017,BDI,11506764,0.370,0.280,178.570,75.000,25.000
Burundi,2018,BDI,11859444,0.450,0.350,228.570,71.429,28.571
Burundi,2019,BDI,12255339,0.490,0.390,230.770,69.231,30.769
Burundi,2020,BDI,12617041,0.460,0.370,189.190,75.676,24.324
Burundi,2021,BDI,12965487,0.490,0.390,230.770,69.231,30.769
Burundi,2022,BDI,13321102,0.490,0.390,230.770,69.231,30.769
Burundi,2023,BDI,13689455,0.600,0.500,180.000,76.000,24.000
Burundi,2024,BDI,14047788,0.570,0.490,183.670,75.510,24.490
CIS (EI),2000,,,,1071.699,,19.456,67.804
CIS (EI),2001,,,,1089.075,,19.964,66.839
CIS (EI),2002,,,,1093.269,,18.980,67.422
CIS (EI),2003,,,,1129.697,,18.243,67.942
CIS (EI),2004,,,,1156.951,,19.555,67.423
CIS (EI),2005,,,,1180.583,,18.972,67.756
CIS (EI),2006,,,,1226.637,,18.141,68.514
CIS (EI),2007,,,,1257.038,,18.131,68.620
CIS (EI),2008,,,,1281.950,,16.241,70.497
CIS (EI),2009,,,,1226.236,,17.850,68.232
CIS (EI),2010,,,,1283.983,,16.937,69.234
CIS (EI),2011,,,,1308.507,,16.310,69.933
CIS (EI),2012,,,,1330.408,,16.060,70.089
CIS (EI),2013,,,,1323.675,,17.384,69.053
CIS (EI),2014,,,,1337.935,,16.606,69.306
CIS (EI),2015,,,,1340.887,,16.172,68.668
CIS (EI),2016,,,,1369.322,,17.357,67.766
CIS (EI),2017,,,,1383.047,,17.532,67.247
CIS (EI),2018,,,,1416.357,,17.427,67.655
CIS (EI),2019,,,,1426.352,,17.687,67.161
CIS (EI),2020,,,,1399.978,,19.273,64.675
CIS (EI),2021,,,,1491.208,,18.465,65.703
CIS (EI),2022,,,,1505.818,,17.405,66.851
CIS (EI),2023,,,,1524.042,,17.718,66.687
CIS (EI),2024,,,,1570.211,,18.602,66.115
Cambodia,2000,KHM,12462343,0.480,0.480,625.000,6.250,93.750
Cambodia,2001,KHM,12658486,0.520,0.520,615.390,5.769,94.231
Cambodia,2002,KHM,12855249,0.580,0.570,614.040,7.018,92.982
Cambodia,2003,KHM,13050977,0.650,0.640,609.380,6.250,93.750
Cambodia,2004,KHM,13244737,0.760,0.740,635.140,4.054,95.946
Cambodia,2005,KHM,13439203,0.910,0.880,625.000,4.545,95.455
Cambodia,2006,KHM,13639032,1.130,1.080,629.630,4.630,95.370
Cambodia,2007,KHM,13841773,1.440,1.340,634.330,3.731,96.269
Cambodia,2008,KHM,14053479,1.760,1.480,641.890,3.378,96.622
Cambodia,2009,KHM,14276819,1.970,1.240,637.100,4.839,95.161
Cambodia,2010,KHM,14500730,2.520,0.970,639.180,4.124,95.876
Cambodia,2011,KHM,14722587,2.850,1.020,627.450,5.882,94.118
Cambodia,2012,KHM,14945090,3.540,1.430,426.570,37.063,62.937
Cambodia,2013,KHM,15170210,4.060,1.780,308.990,57.865,42.135
Cambodia,2014,KHM,15396771,4.860,3.060,326.800,61.111,38.889
Cambodia,2015,KHM,15623253,6.040,4.490,447.660,48.998,51.002
Cambodia,2016,KHM,15852802,7.060,5.480,447.080,47.628,52.372
Cambodia,2017,KHM,16073374,8.070,6.630,503.770,41.780,58.220
Cambodia,2018,KHM,16274522,9.750,8.180,361.860,58.924,41.076
Cambodia,2019,KHM,16481305,11.730,8.670,440.600,48.558,51.442
Cambodia,2020,KHM,16725484,11.340,7.520,385.640,55.186,44.814
Cambodia,2021,KHM,16974309,13.100,9.710,356.330,58.702,41.298
Cambodia,2022,KHM,17201721,14.900,10.100,300.000,65.446,34.554
Cambodia,2023,KHM,17423884,16.970,13.600,491.180,42.132,57.868
Cambodia,2024,KHM,17638804,20.000,15.480,538.760,35.659,64.341
Cambodia,2025,KHM,17847981,22.390,17.760,498.870,40.878,59.122
Cameroon,2000,CMR,14912632,3.450,3.450,31.880,98.841,1.159
Cameroon,2001,CMR,15309489,3.510,3.510,37.040,98.006,1.994
Cameroon,2002,CMR,15725534,3.270,3.270,45.870,96.330,3.670
Cameroon,2003,CMR,16160340,3.650,3.650,52.060,95.616,4.384
Cameroon,2004,CMR,16610485,4.070,4.070,54.050,95.332,4.668
Cameroon,2005,CMR,17074599,3.960,3.960,60.610,94.192,5.808
Cameroon,2006,CMR,17550403,5.060,5.060,120.550,88.735,11.265
Cameroon,2007,CMR,18049897,5.210,5.210,199.620,74.664,25.336
Cameroon,2008,CMR,18574052,5.640,5.640,193.260,75.709,24.291
Cameroon,2009,CMR,19113978,5.740,5.740,223.000,70.557,29.443
Cameroon,2010,CMR,19668063,5.860,5.860,206.490,73.038,26.962
Cameroon,2011,CMR,20232312,5.880,5.880,192.180,75.000,25.000
Cameroon,2012,CMR,20809530,6.550,5.430,167.590,78.637,21.363
Cameroon,2013,CMR,21402379,7.080,6.340,239.750,69.401,30.599
Cameroon,2014,CMR,22059894,7.600,6.890,281.570,64.006,35.994
Cameroon,2015,CMR,22763418,7.980,7.960,336.680,54.899,45.101
Cameroon,2016,CMR,23454165,7.160,7.110,299.580,61.603,38.397
Cameroon,2017,CMR,24128609,8.110,8.050,288.200,63.354,36.646
Cameroon,2018,CMR,24806377,8.590,8.540,324.360,58.899,41.101
Cameroon,2019,CMR,25506095,8.330,8.280,305.560,61.473,38.527
Cameroon,2020,CMR,26210566,8.860,8.800,320.460,60.114,39.886
Cameroon,2021,CMR,26915765,8.410,8.410,298.450,62.901,37.099
Cameroon,2022,CMR,27632770,8.150,8.150,280.980,64.908,35.092
Cameroon,2023,CMR,28372690,7.280,7.220,224.380,73.269,26.731
Cameroon,2024,CMR,29123748,7.320,7.260,225.900,73.140,26.860
Canada,2000,CAN,30891800,567.990,603.820,245.690,60.607,27.420
Canada,2001,CAN,31213578,565.460,587.760,255.650,58.109,28.934
Canada,2002,CAN,31535579,578.480,599.790,245.120,59.979,27.516
Canada,2003,CAN,31836483,582.530,588.270,251.640,58.862,28.495
Canada,2004,CAN,32132680,587.970,598.500,235.340,58.338,26.665
Canada,2005,CAN,32440172,596.650,620.500,225.010,60.066,25.204
Canada,2006,CAN,32759174,589.320,608.430,216.510,59.879,24.133
Canada,2007,CAN,33092171,603.240,634.190,227.760,59.864,25.499
Canada,2008,CAN,33449088,602.950,635.110,213.480,61.296,23.690
Canada,2009,CAN,33826370,580.250,613.870,204.330,62.616,22.811
Canada,2010,CAN,34196900,582.010,607.030,214.780,61.063,24.106
Canada,2011,CAN,34555449,601.590,638.270,206.180,62.151,23.288
Canada,2012,CAN,34922513,589.790,636.540,193.390,63.369,21.832
Canada,2013,CAN,35293421,603.810,655.690,186.960,63.365,20.969
Canada,2014,CAN,35634265,607.360,652.970,188.860,62.367,21.316
Canada,2015,CAN,35962236,601.550,661.080,184.370,63.841,20.866
Canada,2016,CAN,36353345,603.330,667.130,180.880,64.565,20.338
Canada,2017,CAN,36808498,607.110,669.350,172.060,65.819,19.151
Canada,2018,CAN,37294996,613.000,661.200,170.860,65.546,19.325
Canada,2019,CAN,37782934,608.620,655.700,169.990,65.382,19.292
Canada,2020,CAN,38171903,598.250,655.890,161.690,66.595,18.538
Canada,2021,CAN,38454058,605.110,652.400,165.370,66.737,19.165
Canada,2022,CAN,38821259,612.970,664.080,160.600,68.135,18.820
Canada,2023,CAN,39299098,613.630,641.390,174.370,65.397,20.816
Canada,2024,CAN,39742429,624.360,636.790,185.350,64.272,22.306
Canada,2025,CAN,40126728,645.640,652.440,190.720,63.900,23.023
Cape Verde,2000,CPV,453335,0.150,0.150,600.000,6.667,93.333
Cape Verde,2001,CPV,460300,0.170,0.170,647.060,5.882,94.118
Cape Verde,2002,CPV,467056,0.190,0.190,631.580,5.263,94.737
Cape Verde,2003,CPV,473384,0.190,0.190,684.210,0.000,100.000
Cape Verde,2004,CPV,479377,0.220,0.220,636.360,4.545,95.455
Cape Verde,2005,CPV,485128,0.240,0.240,625.000,4.167,95.833
Cape Verde,2006,CPV,490728,0.250,0.250,640.000,4.000,96.000
Cape Verde,2007,CPV,496196,0.270,0.270,629.630,3.704,96.296
Cape Verde,2008,CPV,501362,0.290,0.290,620.690,3.448,96.552
Cape Verde,2009,CPV,506148,0.310,0.310,645.160,3.226,96.774
Cape Verde,2010,CPV,509793,0.340,0.340,647.060,0.000,100.000
Cape Verde,2011,CPV,511453,0.370,0.370,594.600,8.108,91.892
Cape Verde,2012,CPV,511966,0.380,0.380,526.320,18.421,81.579
Cape Verde,2013,CPV,512231,0.410,0.410,512.200,21.951,78.049
Cape Verde,2014,CPV,512334,0.430,0.430,511.630,20.930,79.070
Cape Verde,2015,CPV,512405,0.430,0.430,511.630,20.930,79.070
Cape Verde,2016,CPV,512556,0.450,0.450,533.330,20.000,80.000
Cape Verde,2017,CPV,512899,0.430,0.430,534.880,18.605,81.395
Cape Verde,2018,CPV,513418,0.430,0.430,511.630,20.930,79.070
Cape Verde,2019,CPV,514116,0.440,0.440,545.460,18.182,81.818
Cape Verde,2020,CPV,514683,0.420,0.420,547.620,16.667,83.333
Cape Verde,2021,CPV,516655,0.430,0.430,534.880,18.605,81.395
Cape Verde,2022,CPV,519750,0.500,0.500,480.000,28.000,72.000
Cape Verde,2023,CPV,522335,0.500,0.500,480.000,28.000,72.000
Cape Verde,2024,CPV,524878,0.520,0.520,461.540,30.769,69.231
Cayman Islands,2000,CYM,39699,0.440,0.440,659.090,0.000,100.000
Cayman Islands,2001,CYM,41109,0.470,0.470,659.570,0.000,100.000
Cayman Islands,2002,CYM,42534,0.480,0.480,666.670,0.000,100.000
Cayman Islands,2003,CYM,43952,0.510,0.510,666.670,0.000,100.000
Cayman Islands,2004,CYM,45372,0.450,0.450,666.670,0.000,100.000
Cayman Islands,2005,CYM,46809,0.480,0.480,666.670,0.000,100.000
Cayman Islands,2006,CYM,48252,0.560,0.560,660.710,0.000,100.000
Cayman Islands,2007,CYM,49709,0.600,0.600,650.000,0.000,100.000
Cayman Islands,2008,CYM,51175,0.620,0.620,661.290,0.000,100.000
Cayman Islands,2009,CYM,52639,0.630,0.630,650.790,0.000,100.000
Cayman Islands,2010,CYM,54120,0.620,0.620,661.290,0.000,100.000
Cayman Islands,2011,CYM,55630,0.630,0.630,650.790,0.000,100.000
Cayman Islands,2012,CYM,57155,0.610,0.610,655.740,0.000,100.000
Cayman Islands,2013,CYM,58678,0.620,0.620,661.290,0.000,100.000
Cayman Islands,2014,CYM,60179,0.620,0.620,661.290,0.000,100.000
Cayman Islands,2015,CYM,61665,0.640,0.640,656.250,0.000,100.000
Cayman Islands,2016,CYM,63121,0.670,0.670,656.720,0.000,100.000
Cayman Islands,2017,CYM,64561,0.680,0.680,647.060,1.471,98.529
Cayman Islands,2018,CYM,65962,0.670,0.670,641.790,1.493,98.507
Cayman Islands,2019,CYM,67346,0.720,0.720,638.890,2.778,97.222
Cayman Islands,2020,CYM,68703,0.690,0.690,637.680,2.899,97.101
Cayman Islands,2021,CYM,70126,0.700,0.700,642.860,2.857,97.143
Cayman Islands,2022,CYM,71610,0.700,0.700,642.860,2.857,97.143
Cayman Islands,2023,CYM,73055,0.700,0.700,642.860,2.857,97.143
Cayman Islands,2024,CYM,74476,0.710,0.710,633.800,4.225,95.775
Central African Republic,2000,CAF,3833421,0.100,0.100,100.000,80.000,20.000
Central African Republic,2001,CAF,3919498,0.110,0.110,181.820,72.727,27.273
Central African Republic,2002,CAF,4006079,0.110,0.110,181.820,72.727,27.273
Central African Republic,2003,CAF,4103092,0.110,0.110,181.820,72.727,27.273
Central African Republic,2004,CAF,4192828,0.150,0.150,133.330,80.000,20.000
Central African Republic,2005,CAF,4288814,0.160,0.160,125.000,81.250,18.750
Central African Republic,2006,CAF,4377582,0.170,0.170,117.650,82.353,17.647
Central African Republic,2007,CAF,4462777,0.160,0.160,62.500,87.500,12.500
Central African Republic,2008,CAF,4558989,0.160,0.160,62.500,87.500,12.500
Central African Republic,2009,CAF,4529051,0.160,0.160,62.500,87.500,12.500
Central African Republic,2010,CAF,4493003,0.160,0.160,125.000,81.250,18.750
Central African Republic,2011,CAF,4565023,0.180,0.180,111.110,83.333,16.667
Central African Republic,2012,CAF,4610848,0.180,0.180,111.110,83.333,16.667
Central African Republic,2013,CAF,4642423,0.140,0.140,0.000,100.000,0.000
Central African Republic,2014,CAF,4623187,0.170,0.170,0.000,100.000,0.000
Central African Republic,2015,CAF,4629322,0.170,0.170,0.000,100.000,0.000
Central African Republic,2016,CAF,4713663,0.170,0.170,0.000,100.000,0.000
Central African Republic,2017,CAF,4793512,0.150,0.150,0.000,100.000,0.000
Central African Republic,2018,CAF,4878663,0.150,0.150,0.000,100.000,0.000
Central African Republic,2019,CAF,4944708,0.150,0.150,0.000,100.000,0.000
Central African Republic,2020,CAF,5026629,0.150,0.150,0.000,100.000,0.000
Central African Republic,2021,CAF,5112103,0.150,0.150,0.000,100.000,0.000
Central African Republic,2022,CAF,5098038,0.140,0.140,0.000,100.000,0.000
Central African Republic,2023,CAF,5152415,0.140,0.140,0.000,100.000,0.000
Central America (EI),2000,,,,26.618,,68.924,
Central America (EI),2001,,,,28.499,,59.455,
Central America (EI),2002,,,,30.117,,59.907,
Central America (EI),2003,,,,32.148,,58.693,
Central America (EI),2004,,,,33.974,,58.901,
Central America (EI),2005,,,,35.820,,59.706,
Central America (EI),2006,,,,37.950,,59.510,
Central America (EI),2007,,,,39.967,,57.447,
Central America (EI),2008,,,,40.883,,61.670,
Central America (EI),2009,,,,41.612,,59.119,
Central America (EI),2010,,,,42.975,,64.447,
Central America (EI),2011,,,,44.487,,62.395,
Central America (EI),2012,,,,46.588,,65.171,
Central America (EI),2013,,,,48.054,,63.672,
Central America (EI),2014,,,,49.424,,63.700,
Central America (EI),2015,,,,52.167,,65.695,
Central America (EI),2016,,,,53.773,,66.882,
Central America (EI),2017,,,,54.461,,73.833,
Central America (EI),2018,,,,56.384,,74.695,
Central America (EI),2019,,,,59.323,,64.774,
Central America (EI),2020,,,,57.198,,75.354,
Central America (EI),2021,,,,61.612,,76.536,
Central America (EI),2022,,,,63.038,,76.147,
Central America (EI),2023,,,,65.601,,65.791,
Central America (EI),2024,,,,66.945,,68.467,
Central and South America (EIA),2000,,,,,,,
Central and South America (EIA),2001,,,,,,,
Central and South America (EIA),2002,,,,,,,
Central and South America (EIA),2003,,,,,,,
Central and South America (EIA),2004,,,,,,,
Central and South America (EIA),2005,,,,,,,
Central and South America (EIA),2006,,,,,,,
Central and South America (EIA),2007,,,,,,,
Central and South America (EIA),2008,,,,,,,
Central and South America (EIA),2009,,,,,,,
Central and South America (EIA),2010,,,,,,,
Central and South America (EIA),2011,,,,,,,
Central and South America (EIA),2012,,,,,,,
Central and South America (EIA),2013,,,,,,,
Central and South America (EIA),2014,,,,,,,
Central and South America (EIA),2015,,,,,,,
Central and South America (EIA),2016,,,,,,,
Central and South America (EIA),2017,,,,,,,
Central and South America (EIA),2018,,,,,,,
Central and South America (EIA),2019,,,,,,,
Central and South America (EIA),2020,,,,,,,
Central and South America (EIA),2021,,,,,,,
Central and South America (EIA),2022,,,,,,,
Central and South America (EIA),2023,,,,,,,
Central and South America (Shift),2000,,,,,,,
Central and South America (Shift),2001,,,,,,,
Central and South America (Shift),2002,,,,,,,
Central and South America (Shift),2003,,,,,,,
Central and South America (Shift),2004,,,,,,,
Central and South America (Shift),2005,,,,,,,
Central and South America (Shift),2006,,,,,,,
Central and South America (Shift),2007,,,,,,,
Central and South America (Shift),2008,,,,,,,
Central and South America (Shift),2009,,,,,,,
Central and South America (Shift),2010,,,,,,,
Central and South America (Shift),2011,,,,,,,
Central and South America (Shift),2012,,,,,,,
Central and South America (Shift),2013,,,,,,,
Central and South America (Shift),2014,,,,,,,
Central and South America (Shift),2015,,,,,,,
Central and South America (Shift),2016,,,,,,,
Chad,2000,TCD,8512092,0.090,0.090,666.670,0.000,100.000
Chad,2001,TCD,8804122,0.100,0.100,700.000,0.000,100.000
Chad,2002,TCD,9116195,0.100,0.100,700.000,0.000,100.000
Chad,2003,TCD,9487830,0.110,0.110,636.360,0.000,100.000
Chad,2004,TCD,9920036,0.120,0.120,666.670,0.000,100.000
Chad,2005,TCD,10328094,0.120,0.120,666.670,0.000,100.000
Chad,2006,TCD,10706426,0.120,0.120,666.670,0.000,100.000
Chad,2007,TCD,11081667,0.120,0.120,666.670,0.000,100.000
Chad,2008,TCD,11476299,0.140,0.140,642.860,0.000,100.000
Chad,2009,TCD,11893753,0.170,0.170,647.060,0.000,100.000
Chad,2010,TCD,12312580,0.190,0.190,684.210,0.000,100.000
Chad,2011,TCD,12755004,0.200,0.200,650.000,0.000,100.000
Chad,2012,TCD,13211006,0.240,0.240,625.000,4.167,95.833
Chad,2013,TCD,13691081,0.280,0.280,642.860,3.571,96.429
Chad,2014,TCD,14188680,0.300,0.300,633.330,3.333,96.667
Chad,2015,TCD,14647626,0.300,0.300,633.330,3.333,96.667
Chad,2016,TCD,15114652,0.310,0.310,612.900,6.452,93.548
Chad,2017,TCD,15622756,0.320,0.320,625.000,6.250,93.750
Chad,2018,TCD,16156535,0.340,0.340,617.650,5.882,94.118
Chad,2019,TCD,16685223,0.350,0.350,628.570,5.714,94.286
Chad,2020,TCD,17224686,0.350,0.350,628.570,5.714,94.286
Chad,2021,TCD,17828274,0.430,0.430,627.910,4.651,95.349
Chad,2022,TCD,18455319,0.390,0.390,615.390,5.128,94.872
Chad,2023,TCD,19319075,0.360,0.360,611.110,5.556,94.444
Chad,2024,TCD,20299131,0.370,0.370,621.620,5.405,94.595
Chile,2000,CHL,15503638,42.310,41.120,388.130,49.830,50.170
Chile,2001,CHL,15683852,43.710,42.320,336.480,54.041,45.959
Chile,2002,CHL,15857926,45.250,43.440,330.110,55.226,44.774
Chile,2003,CHL,16024755,48.580,46.630,355.350,49.925,50.075
Chile,2004,CHL,16187324,52.900,51.000,391.770,46.667,53.333
Chile,2005,CHL,16348780,54.370,52.220,347.570,53.658,46.342
Chile,2006,CHL,16509195,57.330,55.040,355.380,55.015,44.985
Chile,2007,CHL,16671571,59.910,58.280,456.930,43.943,56.057
Chile,2008,CHL,16838987,60.610,59.460,454.420,45.526,54.474
Chile,2009,CHL,17009730,61.720,60.370,435.980,48.683,51.317
Chile,2010,CHL,17181463,61.210,60.250,481.660,40.199,59.801
Chile,2011,CHL,17351810,66.380,65.650,493.070,39.528,60.472
Chile,2012,CHL,17519116,69.570,69.570,531.410,36.280,63.720
Chile,2013,CHL,17687006,72.840,72.840,551.760,35.695,64.305
Chile,2014,CHL,17864192,70.170,70.170,493.660,42.839,57.161
Chile,2015,CHL,18047630,74.910,74.910,491.390,43.199,56.801
Chile,2016,CHL,18267225,78.830,78.830,496.390,42.890,57.110
Chile,2017,CHL,18558868,78.890,78.930,487.270,43.545,56.455
Chile,2018,CHL,18893185,81.760,81.760,470.280,45.866,54.134
Chile,2019,CHL,19197748,83.980,83.980,456.540,46.213,53.787
Chile,2020,CHL,19370621,83.580,83.580,436.830,48.445,51.555
Chile,2021,CHL,19456323,88.100,88.100,430.990,48.888,51.112
Chile,2022,CHL,19553033,91.040,91.040,372.800,55.327,44.673
Chile,2023,CHL,19658833,89.230,89.230,303.820,63.140,36.860
Chile,2024,CHL,19764774,88.620,88.620,259.870,70.041,29.959
Chile,2025,CHL,19859919,88.500,88.500,289.490,66.373,33.627
China,2000,CHN,1269581174,1346.850,1355.600,783.510,16.639,82.126
China,2001,CHN,1278725061,1472.190,1480.790,762.880,18.958,79.862
China,2002,CHN,1286866835,1645.610,1654.010,773.300,17.618,80.862
China,2003,CHN,1294517323,1903.220,1910.580,790.920,15.036,82.695
China,2004,CHN,1302100316,2197.230,2203.310,778.500,16.222,81.487
China,2005,CHN,1310027135,2494.080,2500.260,782.080,16.173,81.704
China,2006,CHN,1318054030,2858.840,2865.720,786.640,15.588,82.498
China,2007,CHN,1325813576,3271.230,3281.540,785.240,15.258,82.848
China,2008,CHN,1333821011,3482.960,3495.760,747.060,19.025,79.018
China,2009,CHN,1342522717,3703.260,3714.640,753.130,17.886,80.229
China,2010,CHN,1351561505,4193.650,4207.160,740.750,18.691,79.532
China,2011,CHN,1360250658,4700.280,4713.020,752.360,16.813,81.337
China,2012,CHN,1369520866,4976.760,4987.540,720.280,20.041,77.988
China,2013,CHN,1379008040,5420.400,5431.630,717.510,20.130,77.818
China,2014,CHN,1387951970,5783.040,5794.450,693.850,22.249,75.452
China,2015,CHN,1396134171,5802.140,5814.580,667.850,23.968,73.084
China,2016,CHN,1404052628,6120.440,6133.160,651.760,24.829,71.695
China,2017,CHN,1412354730,6591.390,6604.440,644.210,25.242,71.002
China,2018,CHN,1419008954,7150.920,7166.140,636.890,25.612,70.271
China,2019,CHN,1423520357,7486.630,7503.430,619.630,26.850,68.503
China,2020,CHN,1426106093,7762.030,7779.070,606.290,28.088,67.204
China,2021,CHN,1426437269,8520.020,8534.260,599.050,28.694,66.531
China,2022,CHN,1425179562,8835.760,8848.710,586.750,30.181,65.097
China,2023,CHN,1422584930,9439.370,9456.450,583.040,30.606,64.797
China,2024,CHN,1419321284,10069.880,10086.880,555.400,33.696,61.835
China,2025,CHN,1416096093,10563.900,10583.360,525.340,37.044,58.349
Colombia,2000,COL,39089939,42.850,42.810,189.210,75.356,24.644
Colombia,2001,COL,39709263,42.970,43.140,197.730,74.154,25.846
Colombia,2002,COL,40324684,44.100,44.710,183.400,76.336,23.664
Colombia,2003,COL,40937426,45.090,46.200,172.080,78.615,21.385
Colombia,2004,COL,41543177,47.700,49.330,148.390,81.512,18.488
Colombia,2005,COL,42128978,48.200,49.940,159.990,80.016,19.984
Colombia,2006,COL,42691081,51.550,53.340,158.980,80.446,19.554
Colombia,2007,COL,43235374,53.950,54.790,155.140,81.383,18.617
Colombia,2008,COL,43758805,54.080,55.480,137.530,83.886,16.114
Colombia,2009,COL,44271543,55.690,56.750,211.630,72.687,27.313
Colombia,2010,COL,44777325,59.440,60.230,229.450,70.513,29.487
Colombia,2011,COL,45259614,60.170,61.700,151.380,81.750,18.250
Colombia,2012,COL,45715807,62.350,63.060,179.040,77.894,22.106
Colombia,2013,COL,46151583,72.160,73.510,236.020,69.215,30.785
Colombia,2014,COL,46565426,69.660,70.460,236.730,69.089,30.911
Colombia,2015,COL,46969938,77.560,77.970,275.360,63.345,36.655
Colombia,2016,COL,47437513,76.500,76.170,259.550,65.616,34.384
Colombia,2017,COL,48131076,78.540,78.470,166.180,79.100,20.900
Colombia,2018,COL,49024463,78.320,78.210,187.440,76.333,23.667
Colombia,2019,COL,49907987,79.090,78.780,240.920,69.485,30.515
Colombia,2020,COL,50629997,78.800,77.750,271.250,65.325,34.675
Colombia,2021,COL,51188174,84.480,84.360,195.830,75.071,24.929
Colombia,2022,COL,51737944,83.290,82.860,202.150,74.354,25.646
Colombia,2023,COL,52321152,86.580,86.580,258.370,66.990,33.010
Colombia,2024,COL,52886360,89.140,89.140,298.300,61.342,38.658
Colombia,2025,COL,53425629,91.610,90.360,186.810,77.025,22.975
Comoros,2000,COM,536084,0.030,0.030,666.670,0.000,100.000
Comoros,2001,COM,547221,0.030,0.030,666.670,0.000,100.000
Comoros,2002,COM,558927,0.030,0.030,666.670,0.000,100.000
Comoros,2003,COM,569808,0.040,0.040,750.000,0.000,100.000
Comoros,2004,COM,580711,0.040,0.040,750.000,0.000,100.000
Comoros,2005,COM,592679,0.050,0.050,600.000,0.000,100.000
Comoros,2006,COM,604752,0.050,0.050,600.000,0.000,100.000
Comoros,2007,COM,616935,0.050,0.050,600.000,0.000,100.000
Comoros,2008,COM,629314,0.040,0.040,750.000,0.000,100.000
Comoros,2009,COM,641949,0.050,0.050,600.000,0.000,100.000
Comoros,2010,COM,654846,0.060,0.060,666.670,0.000,100.000
Comoros,2011,COM,668064,0.060,0.060,666.670,0.000,100.000
Comoros,2012,COM,681637,0.060,0.060,666.670,0.000,100.000
Comoros,2013,COM,696203,0.060,0.060,666.670,0.000,100.000
Comoros,2014,COM,711512,0.050,0.050,600.000,0.000,100.000
Comoros,2015,COM,726685,0.050,0.050,600.000,0.000,100.000
Comoros,2016,COM,741745,0.060,0.060,666.670,0.000,100.000
Comoros,2017,COM,756672,0.090,0.090,666.670,0.000,100.000
Comoros,2018,COM,771597,0.100,0.100,700.000,0.000,100.000
Comoros,2019,COM,786582,0.110,0.110,636.360,0.000,100.000
Comoros,2020,COM,802172,0.130,0.130,692.310,0.000,100.000
Comoros,2021,COM,818178,0.130,0.130,692.310,0.000,100.000
Comoros,2022,COM,834191,0.140,0.140,642.860,0.000,100.000
Comoros,2023,COM,850390,0.140,0.140,642.860,0.000,100.000
Congo,2000,COG,3151349,0.550,0.290,34.480,100.000,0.000
Congo,2001,COG,3272542,0.630,0.330,30.300,100.000,0.000
Congo,2002,COG,3350770,0.750,0.390,25.640,100.000,0.000
Congo,2003,COG,3445758,0.760,0.400,150.000,85.000,15.000
Congo,2004,COG,3565565,0.800,0.400,175.000,82.500,17.500
Congo,2005,COG,3696399,0.850,0.430,186.050,81.395,18.605
Congo,2006,COG,3837411,0.860,0.450,177.780,82.222,17.778
Congo,2007,COG,3980430,0.850,0.400,175.000,82.500,17.500
Congo,2008,COG,4113514,0.900,0.460,195.650,80.435,19.565
Congo,2009,COG,4281218,0.980,0.540,351.850,61.111,38.889
Congo,2010,COG,4462304,1.090,0.810,419.750,56.790,43.210
Congo,2011,COG,4609728,1.340,1.310,374.050,61.832,38.168
Congo,2012,COG,4740457,1.750,1.720,395.350,58.721,41.279
Congo,2013,COG,4857104,1.770,1.730,410.410,57.225,42.775
Congo,2014,COG,4975887,1.760,1.760,426.140,55.114,44.886
Congo,2015,COG,5097583,2.770,2.790,541.220,40.143,59.857
Congo,2016,COG,5222545,2.970,2.970,558.920,38.721,61.279
Congo,2017,COG,5351013,2.980,2.980,543.620,40.940,59.060
Congo,2018,COG,5483128,3.080,3.080,594.160,35.065,64.935
Congo,2019,COG,5616656,3.870,3.890,655.530,27.763,72.237
Congo,2020,COG,5752792,4.010,4.010,663.340,26.933,73.067
Congo,2021,COG,5892187,4.110,4.110,669.100,26.277,73.723
Congo,2022,COG,6035104,4.950,4.950,707.070,21.818,78.182
Congo,2023,COG,6182890,5.310,5.360,692.160,23.507,76.493
Congo,2024,COG,6332969,5.380,5.460,716.120,20.879,79.121
Cook Islands,2000,COK,15876,0.030,0.030,666.670,0.000,100.000
Cook Islands,2001,COK,15259,0.030,0.030,666.670,0.000,100.000
Cook Islands,2002,COK,14994,0.030,0.030,666.670,0.000,100.000
Cook Islands,2003,COK,15049,0.030,0.030,666.670,0.000,100.000
Cook Islands,2004,COK,15103,0.030,0.030,666.670,0.000,100.000
Cook Islands,2005,COK,15153,0.030,0.030,666.670,0.000,100.000
Cook Islands,2006,COK,15233,0.030,0.030,666.670,0.000,100.000
Cook Islands,2007,COK,15519,0.030,0.030,666.670,0.000,100.000
Cook Islands,2008,COK,16003,0.030,0.030,666.670,0.000,100.000
Cook Islands,2009,COK,16497,0.030,0.030,666.670,0.000,100.000
Cook Islands,2010,COK,17000,0.030,0.030,666.670,0.000,100.000
Cook Islands,2011,COK,17480,0.030,0.030,666.670,0.000,100.000
Cook Islands,2012,COK,17690,0.030,0.030,666.670,0.000,100.000
Cook Islands,2013,COK,17629,0.030,0.030,666.670,0.000,100.000
Cook Islands,2014,COK,17556,0.030,0.030,666.670,0.000,100.000
Cook Islands,2015,COK,17471,0.030,0.030,666.670,0.000,100.000
Cook Islands,2016,COK,17360,0.030,0.030,666.670,0.000,100.000
Cook Islands,2017,COK,17066,0.040,0.040,500.000,25.000,75.000
Cook Islands,2018,COK,16623,0.050,0.050,400.000,40.000,60.000
Cook Islands,2019,COK,16151,0.040,0.040,500.000,25.000,75.000
Cook Islands,2020,COK,15664,0.040,0.040,500.000,25.000,75.000
Cook Islands,2021,COK,15205,0.040,0.040,250.000,50.000,50.000
Cook Islands,2022,COK,14747,0.040,0.040,250.000,50.000,50.000
Cook Islands,2023,COK,14244,0.040,0.040,250.000,50.000,50.000
Cook Islands,2024,COK,13750,0.040,0.040,250.000,50.000,50.000
Costa Rica,2000,CRI,3937737,6.390,6.860,30.610,99.125,0.875
Costa Rica,2001,CRI,4008951,6.650,6.900,34.780,98.551,1.449
Costa Rica,2002,CRI,4075710,7.000,7.420,36.390,98.383,1.617
Costa Rica,2003,CRI,4138791,7.220,7.300,39.730,97.808,2.192
Costa Rica,2004,CRI,4200079,7.740,7.980,31.330,99.123,0.877
Costa Rica,2005,CRI,4261240,8.200,8.190,47.620,96.703,3.297
Costa Rica,2006,CRI,4321337,8.710,8.620,67.290,93.852,6.148
Costa Rica,2007,CRI,4380250,9.140,8.980,77.950,91.982,8.018
Costa Rica,2008,CRI,4440058,9.330,9.400,72.340,92.766,7.234
Costa Rica,2009,CRI,4499788,9.260,9.240,58.440,95.130,4.870
Costa Rica,2010,CRI,4555965,9.540,9.510,69.400,93.270,6.730
Costa Rica,2011,CRI,4609834,9.710,9.750,84.100,91.179,8.821
Costa Rica,2012,CRI,4663930,10.130,10.110,80.120,91.790,8.210
Costa Rica,2013,CRI,4716153,10.240,10.190,103.040,88.224,11.776
Costa Rica,2014,CRI,4767126,10.370,10.170,93.410,89.774,10.226
Costa Rica,2015,CRI,4818045,10.660,10.770,33.430,98.979,1.021
Costa Rica,2016,CRI,4867003,11.040,10.860,38.670,98.250,1.750
Costa Rica,2017,CRI,4913177,11.080,11.280,28.370,99.645,0.355
Costa Rica,2018,CRI,4957813,11.200,11.440,34.970,98.601,1.399
Costa Rica,2019,CRI,4999549,11.440,11.420,31.520,99.124,0.876
Costa Rica,2020,CRI,5034323,11.210,11.720,27.300,99.829,0.171
Costa Rica,2021,CRI,5059991,11.730,12.730,25.920,100.000,0.000
Costa Rica,2022,CRI,5081764,11.720,12.440,24.120,100.000,0.000
Costa Rica,2023,CRI,5105526,12.070,11.720,24.740,99.915,0.085
Costa Rica,2024,CRI,5129909,11.220,11.000,25.460,99.909,0.091
Costa Rica,2025,CRI,5152949,12.450,12.810,24.200,100.000,0.000
Cote d'Ivoire,2000,CIV,17699007,3.560,4.800,364.580,36.458,63.542
Cote d'Ivoire,2001,CIV,18178920,3.720,4.880,362.710,36.475,63.525
Cote d'Ivoire,2002,CIV,18654772,3.720,5.290,385.630,32.325,67.675
Cote d'Ivoire,2003,CIV,19125546,3.750,5.080,368.110,35.630,64.370
Cote d'Ivoire,2004,CIV,19594997,4.090,5.500,383.640,33.455,66.545
Cote d'Ivoire,2005,CIV,20068468,4.270,5.670,416.230,26.984,73.016
Cote d'Ivoire,2006,CIV,20546808,4.570,5.640,409.570,28.369,71.631
Cote d'Ivoire,2007,CIV,21030558,4.850,5.620,380.780,33.808,66.192
Cote d'Ivoire,2008,CIV,21514446,5.190,5.790,378.240,34.542,65.458
Cote d'Ivoire,2009,CIV,21997936,5.370,5.850,362.390,37.265,62.735
Cote d'Ivoire,2010,CIV,22488068,5.600,5.950,413.450,28.067,71.933
Cote d'Ivoire,2011,CIV,22982003,5.490,6.080,399.670,29.934,70.066
Cote d'Ivoire,2012,CIV,23467083,6.410,7.000,425.710,26.286,73.714
Cote d'Ivoire,2013,CIV,23939775,6.810,7.630,446.920,21.756,78.244
Cote d'Ivoire,2014,CIV,24527393,7.390,8.270,440.150,23.700,76.300
Cote d'Ivoire,2015,CIV,25246347,7.850,8.700,475.860,16.552,83.448
Cote d'Ivoire,2016,CIV,25989404,9.020,10.230,475.070,16.422,83.578
Cote d'Ivoire,2017,CIV,26733376,8.260,10.120,446.640,21.245,78.755
Cote d'Ivoire,2018,CIV,27464175,8.990,10.040,399.400,29.880,70.120
Cote d'Ivoire,2019,CIV,28193014,9.570,10.660,382.740,33.114,66.886
Cote d'Ivoire,2020,CIV,28915452,10.140,11.260,396.090,30.551,69.449
Cote d'Ivoire,2021,CIV,29639737,10.800,11.350,431.720,23.877,76.123
Cote d'Ivoire,2022,CIV,30395004,11.850,12.610,413.160,27.359,72.641
Cote d'Ivoire,2023,CIV,31165653,10.270,10.980,398.910,30.146,69.854
Cote d'Ivoire,2024,CIV,31934229,10.060,10.790,405.010,28.916,71.084
Croatia,2000,HRV,4326105,14.630,11.210,302.410,57.538,42.462
Croatia,2001,HRV,4301079,15.270,12.750,306.670,56.314,43.686
Croatia,2002,HRV,4305783,15.730,12.690,370.370,46.099,53.901
Croatia,2003,HRV,4306683,16.470,13.160,414.130,41.489,58.511
Croatia,2004,HRV,4310050,16.870,13.870,315.070,55.011,44.989
Croatia,2005,HRV,4313946,17.460,13.050,336.400,54.100,45.900
Croatia,2006,HRV,4315802,17.910,12.910,347.020,51.510,48.490
Croatia,2007,HRV,4315959,18.440,12.540,420.260,37.799,62.201
Croatia,2008,HRV,4314635,18.790,12.780,382.630,45.696,54.304
Croatia,2009,HRV,4310537,18.350,13.350,301.870,56.030,43.970
Croatia,2010,HRV,4301150,18.760,14.790,268.430,62.880,37.120
Croatia,2011,HRV,4280827,18.380,11.230,374.890,47.017,52.983
Croatia,2012,HRV,4259233,18.000,10.570,351.940,49.763,50.237
Croatia,2013,HRV,4242403,17.810,13.940,256.100,66.571,33.429
Croatia,2014,HRV,4219485,17.380,13.430,226.360,74.013,25.987
Croatia,2015,HRV,4183732,18.030,11.240,274.910,66.904,33.096
Croatia,2016,HRV,4136438,18.130,12.600,275.400,66.349,33.651
Croatia,2017,HRV,4079198,18.720,11.770,255.740,60.493,39.507
Croatia,2018,HRV,4024868,18.910,13.520,201.180,72.337,27.663
Croatia,2019,HRV,3986338,18.780,12.650,242.690,66.008,33.992
Croatia,2020,HRV,3953956,17.870,13.230,226.760,64.626,35.374
Croatia,2021,HRV,3924607,19.070,15.110,210.460,69.689,30.311
Croatia,2022,HRV,3907031,18.790,14.100,244.680,63.475,36.525
Croatia,2023,HRV,3896023,19.020,17.440,194.950,70.126,29.874
Croatia,2024,HRV,3875325,19.650,15.290,170.700,73.447,26.553
Croatia,2025,HRV,3848164,20.050,14.700,158.500,76.259,23.741
Cuba,2000,CUB,11109112,15.030,15.030,630.740,6.853,93.147
Cuba,2001,CUB,11144134,15.300,15.300,632.030,6.536,93.464
Cuba,2002,CUB,11177422,15.690,15.690,630.980,6.628,93.372
Cuba,2003,CUB,11209379,15.810,15.810,637.570,5.376,94.624
Cuba,2004,CUB,11238756,15.640,15.640,637.470,5.627,94.373
Cuba,2005,CUB,11262553,15.350,15.350,648.860,3.192,96.808
Cuba,2006,CUB,11278550,16.470,16.470,650.270,3.036,96.964
Cuba,2007,CUB,11287274,17.610,17.610,650.200,3.010,96.990
Cuba,2008,CUB,11291764,17.680,17.680,645.930,3.959,96.041
Cuba,2009,CUB,11294719,17.730,17.730,645.800,3.892,96.108
Cuba,2010,CUB,11297414,17.400,17.400,648.850,3.276,96.724
Cuba,2011,CUB,11301578,17.750,17.750,648.450,3.211,96.789
Cuba,2012,CUB,11303172,18.430,18.430,645.690,3.744,96.256
Cuba,2013,CUB,11298163,19.250,19.250,639.480,4.883,95.117
Cuba,2014,CUB,11285780,19.430,19.430,643.340,4.375,95.625
Cuba,2015,CUB,11275069,20.390,20.390,643.940,4.414,95.586
Cuba,2016,CUB,11265615,20.550,20.550,643.310,4.428,95.572
Cuba,2017,CUB,11247824,20.570,20.570,645.600,3.889,96.111
Cuba,2018,CUB,11227116,20.800,20.800,647.120,3.462,96.538
Cuba,2019,CUB,11202847,20.700,20.700,641.060,4.300,95.700
Cuba,2020,CUB,11176349,19.030,19.030,638.990,4.729,95.271
Cuba,2021,CUB,11122169,17.830,17.830,638.810,4.431,95.569
Cuba,2022,CUB,11059822,15.650,15.650,640.260,4.281,95.719
Cuba,2023,CUB,11019932,19.740,19.740,644.380,3.647,96.353
Cuba,2024,CUB,10979781,19.430,19.430,642.820,4.014,95.986
Curacao,2000,CUW,145540,,,,,
Curacao,2001,CUW,144758,,,,,
Curacao,2002,CUW,145911,,,,,
Curacao,2003,CUW,147923,,,,,
Curacao,2004,CUW,149805,,,,,
Curacao,2005,CUW,151324,,,,,
Curacao,2006,CUW,152516,,,,,
Curacao,2007,CUW,153672,,,,,
Curacao,2008,CUW,154784,,,,,
Curacao,2009,CUW,155832,,,,,
Curacao,2010,CUW,156881,,,,,
Curacao,2011,CUW,158572,,,,,
Curacao,2012,CUW,160904,,,,,
Curacao,2013,CUW,163122,,,,,
Curacao,2014,CUW,165041,,,,,
Curacao,2015,CUW,166621,,,,,
Curacao,2016,CUW,167787,,,,,
Curacao,2017,CUW,168525,,,,,
Curacao,2018,CUW,181590,,,,,
Curacao,2019,CUW,189555,,,,,
Curacao,2020,CUW,185029,,,,,
Curacao,2021,CUW,185324,,,,,
Curacao,2022,CUW,185350,,,,,
Curacao,2023,CUW,185437,,,,,
Curacao,2024,CUW,185482,,,,,
Cyprus,2000,CYP,947667,3.370,3.370,658.750,0.000,100.000
Cyprus,2001,CYP,964129,3.550,3.550,659.160,0.000,100.000
Cyprus,2002,CYP,981443,3.790,3.790,656.990,0.000,100.000
Cyprus,2003,CYP,999600,4.050,4.050,656.790,0.000,100.000
Cyprus,2004,CYP,1017875,4.200,4.200,657.140,0.000,100.000
Cyprus,2005,CYP,1036156,4.380,4.380,657.530,0.000,100.000
Cyprus,2006,CYP,1054424,4.650,4.650,658.070,0.000,100.000
Cyprus,2007,CYP,1072727,4.870,4.870,657.080,0.000,100.000
Cyprus,2008,CYP,1091029,5.070,5.070,656.810,0.197,99.803
Cyprus,2009,CYP,1109377,5.210,5.210,656.430,0.576,99.424
Cyprus,2010,CYP,1127826,5.330,5.330,649.160,1.501,98.499
Cyprus,2011,CYP,1146493,4.920,4.920,638.210,3.455,96.545
Cyprus,2012,CYP,1165403,4.720,4.720,622.880,5.508,94.492
Cyprus,2013,CYP,1183899,4.290,4.290,610.720,7.692,92.308
Cyprus,2014,CYP,1201806,4.340,4.340,612.900,7.143,92.857
Cyprus,2015,CYP,1219504,4.540,4.540,603.520,8.811,91.189
Cyprus,2016,CYP,1237114,4.890,4.890,603.270,8.793,91.207
Cyprus,2017,CYP,1254274,5.000,5.000,606.000,8.600,91.400
Cyprus,2018,CYP,1270743,5.060,5.060,598.810,9.486,90.514
Cyprus,2019,CYP,1286669,5.150,5.150,596.120,10.097,89.903
Cyprus,2020,CYP,1302250,4.850,4.850,581.440,12.371,87.629
Cyprus,2021,CYP,1317311,5.120,5.120,564.450,15.234,84.766
Cyprus,2022,CYP,1331376,5.260,5.260,555.130,16.730,83.270
Cyprus,2023,CYP,1344981,5.330,5.330,532.830,20.450,79.550
Cyprus,2024,CYP,1358287,5.790,5.790,511.230,24.007,75.993
Cyprus,2025,CYP,1370754,5.910,5.910,489.000,27.750,72.250
Czechia,2000,CZE,10236809,62.880,72.900,767.080,3.128,78.230
Czechia,2001,CZE,10231942,64.680,74.220,751.820,3.463,76.664
Czechia,2002,CZE,10239474,64.610,76.000,699.340,3.934,71.408
Czechia,2003,CZE,10248907,66.580,82.790,651.890,2.259,66.494
Czechia,2004,CZE,10261453,68.070,83.790,640.170,3.270,65.306
Czechia,2005,CZE,10280155,69.300,81.930,646.650,3.820,65.995
Czechia,2006,CZE,10304592,71.030,83.660,634.110,4.208,64.655
Czechia,2007,CZE,10337539,71.620,87.770,652.270,3.897,66.287
Czechia,2008,CZE,10378298,71.810,83.280,627.520,4.467,63.653
Czechia,2009,CZE,10420985,68.000,81.640,603.140,5.708,60.963
Czechia,2010,CZE,10464035,70.270,85.220,593.640,6.935,60.209
Czechia,2011,CZE,10495508,69.600,86.640,583.560,8.356,59.003
Czechia,2012,CZE,10507339,69.460,86.580,552.780,9.321,55.660
Czechia,2013,CZE,10511164,69.020,85.910,527.530,10.825,53.381
Czechia,2014,CZE,10517223,68.680,84.980,530.830,10.791,53.518
Czechia,2015,CZE,10524418,69.980,82.490,553.160,11.407,56.055
Czechia,2016,CZE,10531946,71.030,82.000,573.900,11.451,59.159
Czechia,2017,CZE,10541343,72.720,85.760,542.330,11.229,55.725
Czechia,2018,CZE,10548934,72.930,86.840,532.590,10.859,54.687
Czechia,2019,CZE,10554872,72.620,85.720,503.500,11.736,52.975
Czechia,2020,CZE,10550129,69.950,80.100,460.180,12.909,49.588
Czechia,2021,CZE,10530683,72.580,83.660,471.790,12.718,50.550
Czechia,2022,CZE,10673216,70.200,83.730,488.360,12.863,50.090
Czechia,2023,CZE,10809722,66.620,75.800,442.610,14.697,45.185
Czechia,2024,CZE,10735857,66.150,72.810,414.230,16.893,42.316
Czechia,2025,CZE,10609241,68.040,75.500,401.460,16.848,40.848
Democratic Republic of Congo,2000,COD,50507445,4.670,5.940,23.570,100.000,0.000
Democratic Republic of Congo,2001,COD,52132646,4.730,5.920,25.340,99.831,0.169
Democratic Republic of Congo,2002,COD,53750529,4.750,6.060,24.750,99.835,0.165
Democratic Republic of Congo,2003,COD,55343873,4.780,6.110,24.550,99.836,0.164
Democratic Republic of Congo,2004,COD,56997740,5.630,7.020,25.640,99.858,0.142
Democratic Republic of Congo,2005,COD,58775726,5.670,7.330,24.560,99.864,0.136
Democratic Republic of Congo,2006,COD,60615909,6.190,7.500,28.000,99.333,0.667
Democratic Republic of Congo,2007,COD,62477753,6.500,7.830,30.650,98.851,1.149
Democratic Republic of Congo,2008,COD,64390658,6.920,7.510,31.960,98.668,1.332
Democratic Republic of Congo,2009,COD,66412038,7.030,7.810,30.730,98.848,1.152
Democratic Republic of Congo,2010,COD,68563038,7.080,7.830,30.650,98.851,1.149
Democratic Republic of Congo,2011,COD,70849311,7.690,7.820,30.690,98.849,1.151
Democratic Republic of Congo,2012,COD,73254623,8.100,7.520,25.270,99.867,0.133
Democratic Republic of Congo,2013,COD,75789397,8.740,8.160,24.510,99.877,0.123
Democratic Republic of Congo,2014,COD,78403248,9.810,8.740,25.170,99.886,0.114
Democratic Republic of Congo,2015,COD,81035532,9.900,8.840,24.890,99.887,0.113
Democratic Republic of Congo,2016,COD,83956416,9.730,9.020,24.390,99.889,0.111
Democratic Republic of Congo,2017,COD,87083400,10.150,9.420,24.420,99.894,0.106
Democratic Republic of Congo,2018,COD,90047647,11.190,10.460,24.860,99.904,0.096
Democratic Republic of Congo,2019,COD,92947450,12.710,11.790,24.600,99.915,0.085
Democratic Republic of Congo,2020,COD,95990000,13.630,12.490,24.820,99.920,0.080
Democratic Republic of Congo,2021,COD,99148930,15.600,14.190,25.370,100.000,0.000
Democratic Republic of Congo,2022,COD,102396974,16.640,15.310,26.780,100.000,0.000
Democratic Republic of Congo,2023,COD,105789733,17.070,15.630,26.870,100.000,0.000
Democratic Republic of Congo,2024,COD,109276264,17.360,15.920,27.640,100.000,0.000
Denmark,2000,DNK,5339659,36.510,35.850,627.890,15.537,84.463
Denmark,2001,DNK,5358825,36.970,37.540,630.790,15.583,84.417
Denmark,2002,DNK,5375967,37.030,39.100,618.670,17.366,82.634
Denmark,2003,DNK,5390621,37.420,45.970,651.510,17.555,82.445
Denmark,2004,DNK,5404594,37.370,40.240,581.260,23.683,76.317
Denmark,2005,DNK,5419550,37.450,36.080,552.660,27.162,72.838
Denmark,2006,DNK,5437425,38.510,45.440,635.340,20.224,79.776
Denmark,2007,DNK,5461604,38.190,39.140,597.090,26.316,73.684
Denmark,2008,DNK,5493762,37.930,36.480,577.300,27.686,72.314
Denmark,2009,DNK,5523169,36.580,36.250,582.900,27.779,72.221
Denmark,2010,DNK,5547865,37.610,38.750,540.390,32.077,67.923
Denmark,2011,DNK,5570848,36.430,35.110,486.470,40.359,59.641
Denmark,2012,DNK,5591911,35.780,30.570,431.140,48.544,51.456
Denmark,2013,DNK,5615333,35.690,34.610,472.410,46.114,53.886
Denmark,2014,DNK,5643795,34.890,32.040,400.750,56.149,43.851
Denmark,2015,DNK,5683698,34.690,28.780,313.760,65.775,34.225
Denmark,2016,DNK,5728196,35.460,30.400,360.860,60.493,39.507
Denmark,2017,DNK,5765164,35.460,30.900,282.850,70.550,29.450
Denmark,2018,DNK,5793824,35.430,30.210,296.920,68.686,31.314
Denmark,2019,DNK,5814618,35.180,29.370,204.290,78.550,21.450
Denmark,2020,DNK,5831529,35.460,28.580,188.940,82.050,17.950
Denmark,2021,DNK,5856774,37.790,32.920,222.970,79.283,20.717
Denmark,2022,DNK,5902901,36.520,35.160,203.640,80.859,19.141
Denmark,2023,DNK,5948134,37.020,33.890,151.960,86.397,13.603
Denmark,2024,DNK,5977417,38.770,35.060,131.770,89.190,10.810
Denmark,2025,DNK,6002515,40.670,33.300,114.410,91.171,8.829
Djibouti,2000,DJI,747326,0.180,0.180,666.670,0.000,100.000
Djibouti,2001,DJI,771311,0.190,0.190,684.210,0.000,100.000
Djibouti,2002,DJI,795576,0.200,0.200,650.000,0.000,100.000
Djibouti,2003,DJI,813528,0.200,0.200,650.000,0.000,100.000
Djibouti,2004,DJI,826133,0.220,0.220,636.360,0.000,100.000
Djibouti,2005,DJI,839174,0.300,0.300,666.670,0.000,100.000
Djibouti,2006,DJI,855767,0.310,0.310,645.160,0.000,100.000
Djibouti,2007,DJI,874530,0.320,0.320,656.250,0.000,100.000
Djibouti,2008,DJI,892739,0.340,0.340,647.060,0.000,100.000
Djibouti,2009,DJI,911524,0.350,0.350,657.140,0.000,100.000
Djibouti,2010,DJI,930252,0.380,0.380,657.900,0.000,100.000
Djibouti,2011,DJI,948565,0.390,0.390,666.670,0.000,100.000
Djibouti,2012,DJI,966754,0.390,0.390,666.670,0.000,100.000
Djibouti,2013,DJI,984833,0.430,0.430,651.160,0.000,100.000
Djibouti,2014,DJI,1002720,0.440,0.100,700.000,0.000,100.000
Djibouti,2015,DJI,1020316,0.490,0.180,666.670,0.000,100.000
Djibouti,2016,DJI,1037660,0.540,0.090,666.670,0.000,100.000
Djibouti,2017,DJI,1054844,0.570,0.060,666.670,0.000,100.000
Djibouti,2018,DJI,1071886,0.580,0.050,600.000,0.000,100.000
Djibouti,2019,DJI,1088710,0.600,0.090,666.670,0.000,100.000
Djibouti,2020,DJI,1105193,0.630,0.130,692.310,0.000,100.000
Djibouti,2021,DJI,1121251,0.710,0.200,450.000,35.000,65.000
Djibouti,2022,DJI,1137101,0.710,0.200,450.000,35.000,65.000
Djibouti,2023,DJI,1152951,0.710,0.200,450.000,35.000,65.000
Djibouti,2024,DJI,1168726,0.800,0.200,450.000,35.000,65.000
Dominica,2000,DMA,68527,0.080,0.080,375.000,37.500,62.500
Dominica,2001,DMA,68299,0.080,0.080,375.000,37.500,62.500
Dominica,2002,DMA,68385,0.070,0.070,428.570,42.857,57.143
Dominica,2003,DMA,68552,0.080,0.080,375.000,37.500,62.500
Dominica,2004,DMA,68664,0.110,0.110,454.550,27.273,72.727
Dominica,2005,DMA,68750,0.120,0.120,500.000,25.000,75.000
Dominica,2006,DMA,68823,0.120,0.120,500.000,25.000,75.000
Dominica,2007,DMA,68862,0.120,0.120,583.330,16.667,83.333
Dominica,2008,DMA,68866,0.130,0.130,538.460,15.385,84.615
Dominica,2009,DMA,68879,0.130,0.130,538.460,15.385,84.615
Dominica,2010,DMA,68872,0.140,0.140,571.430,14.286,85.714
Dominica,2011,DMA,69073,0.150,0.150,466.670,26.667,73.333
Dominica,2012,DMA,69138,0.150,0.150,533.330,20.000,80.000
Dominica,2013,DMA,69733,0.150,0.150,466.670,26.667,73.333
Dominica,2014,DMA,70387,0.150,0.150,533.330,20.000,80.000
Dominica,2015,DMA,70429,0.150,0.150,600.000,13.333,86.667
Dominica,2016,DMA,69627,0.160,0.160,500.000,25.000,75.000
Dominica,2017,DMA,68514,0.130,0.130,538.460,23.077,76.923
Dominica,2018,DMA,68195,0.110,0.110,545.460,18.182,81.818
Dominica,2019,DMA,67901,0.140,0.140,571.430,14.286,85.714
Dominica,2020,DMA,67588,0.140,0.140,571.430,14.286,85.714
Dominica,2021,DMA,67222,0.140,0.140,571.430,14.286,85.714
Dominica,2022,DMA,66847,0.150,0.150,600.000,13.333,86.667
Dominica,2023,DMA,66531,0.150,0.150,600.000,13.333,86.667
Dominican Republic,2000,DOM,8584196,13.010,13.010,615.680,6.995,93.005
Dominican Republic,2001,DOM,8720287,12.840,12.840,619.940,6.698,93.302
Dominican Republic,2002,DOM,8852231,13.900,13.900,621.580,7.482,92.518
Dominican Republic,2003,DOM,8980626,14.180,14.180,612.130,9.591,90.409
Dominican Republic,2004,DOM,9104889,12.020,12.020,584.030,14.476,85.524
Dominican Republic,2005,DOM,9225035,13.340,13.340,574.960,15.442,84.558
Dominican Republic,2006,DOM,9341187,14.110,14.110,588.240,13.536,86.464
Dominican Republic,2007,DOM,9455663,14.570,14.570,588.200,12.766,87.234
Dominican Republic,2008,DOM,9573135,14.610,14.610,601.640,10.541,89.459
Dominican Republic,2009,DOM,9695270,13.750,13.750,593.460,11.782,88.218
Dominican Republic,2010,DOM,9820180,14.780,14.780,587.960,10.758,89.242
Dominican Republic,2011,DOM,9945623,15.760,15.760,590.100,10.787,89.213
Dominican Republic,2012,DOM,10070409,16.900,16.900,582.250,12.130,87.870
Dominican Republic,2013,DOM,10193838,17.720,17.720,571.670,13.036,86.964
Dominican Republic,2014,DOM,10315523,17.280,17.280,593.750,10.127,89.873
Dominican Republic,2015,DOM,10434826,18.000,18.000,606.110,7.889,92.111
Dominican Republic,2016,DOM,10551430,18.780,18.780,589.990,11.076,88.924
Dominican Republic,2017,DOM,10666846,19.200,19.200,550.520,15.833,84.167
Dominican Republic,2018,DOM,10782048,19.600,19.600,566.330,13.776,86.224
Dominican Republic,2019,DOM,10894043,21.280,21.280,582.710,12.547,87.453
Dominican Republic,2020,DOM,11008298,19.490,19.490,581.320,16.162,83.838
Dominican Republic,2021,DOM,11123480,21.430,21.430,558.560,17.779,82.221
Dominican Republic,2022,DOM,11230734,22.170,22.170,580.060,18.448,81.552
Dominican Republic,2023,DOM,11331269,24.560,24.560,579.400,17.264,82.736
Dominican Republic,2024,DOM,11427558,24.030,24.030,567.620,18.851,81.149
Dominican Republic,2025,DOM,11520483,22.680,22.680,537.480,23.810,76.190
EU (Ember),2000,,,2631.020,2622.180,419.040,15.518,51.687
EU (Ember),2001,,,2695.570,2698.920,409.100,16.167,50.897
EU (Ember),2002,,,2729.240,2722.120,419.600,14.327,52.525
EU (Ember),2003,,,2797.840,2799.930,424.190,14.194,53.406
EU (Ember),2004,,,2855.740,2867.550,411.990,15.350,52.272
EU (Ember),2005,,,2891.720,2884.390,409.890,15.375,52.865
EU (Ember),2006,,,2932.770,2932.310,408.670,15.932,52.883
EU (Ember),2007,,,2958.350,2947.710,413.040,16.832,53.577
EU (Ember),2008,,,2971.810,2959.780,392.350,18.267,51.842
EU (Ember),2009,,,2825.630,2808.340,382.380,20.334,50.292
EU (Ember),2010,,,2950.460,2945.540,369.350,22.161,48.830
EU (Ember),2011,,,2909.640,2908.680,376.660,22.208,48.990
EU (Ember),2012,,,2910.220,2903.460,371.880,25.103,46.932
EU (Ember),2013,,,2881.880,2883.690,357.110,27.982,44.060
EU (Ember),2014,,,2818.880,2823.910,342.870,29.645,41.580
EU (Ember),2015,,,2863.720,2870.370,348.320,29.820,42.773
EU (Ember),2016,,,2892.050,2891.400,341.430,30.135,43.305
EU (Ember),2017,,,2918.430,2922.980,340.410,29.909,44.111
EU (Ember),2018,,,2917.460,2908.620,321.260,32.363,41.441
EU (Ember),2019,,,2877.430,2874.500,287.350,34.053,39.322
EU (Ember),2020,,,2767.060,2753.090,261.180,38.495,36.678
EU (Ember),2021,,,2882.270,2874.990,272.520,37.455,37.094
EU (Ember),2022,,,2790.430,2777.490,291.550,38.883,39.181
EU (Ember),2023,,,2709.730,2710.200,235.840,45.240,31.898
EU (Ember),2024,,,2760.900,2773.210,211.200,48.013,28.565
EU (Ember),2025,,,2774.640,2797.090,209.900,47.727,28.948
EU28 (Shift),2000,,,,,,,
EU28 (Shift),2001,,,,,,,
EU28 (Shift),2002,,,,,,,
EU28 (Shift),2003,,,,,,,
EU28 (Shift),2004,,,,,,,
EU28 (Shift),2005,,,,,,,
EU28 (Shift),2006,,,,,,,
EU28 (Shift),2007,,,,,,,
EU28 (Shift),2008,,,,,,,
EU28 (Shift),2009,,,,,,,
EU28 (Shift),2010,,,,,,,
EU28 (Shift),2011,,,,,,,
EU28 (Shift),2012,,,,,,,
EU28 (Shift),2013,,,,,,,
EU28 (Shift),2014,,,,,,,
EU28 (Shift),2015,,,,,,,
EU28 (Shift),2016,,,,,,,
East Timor,2003,TLS,916876,0.060,0.060,666.670,0.000,100.000
East Timor,2004,TLS,929081,0.070,0.070,714.290,0.000,100.000
East Timor,2005,TLS,948310,0.070,0.070,714.290,0.000,100.000
East Timor,2006,TLS,976610,0.070,0.070,714.290,0.000,100.000
East Timor,2007,TLS,1004898,0.090,0.090,666.670,0.000,100.000
East Timor,2008,TLS,1032431,0.110,0.110,636.360,0.000,100.000
East Timor,2009,TLS,1058783,0.130,0.130,692.310,0.000,100.000
East Timor,2010,TLS,1084688,0.140,0.140,642.860,0.000,100.000
East Timor,2011,TLS,1110212,0.140,0.140,642.860,0.000,100.000
East Timor,2012,TLS,1134891,0.130,0.130,692.310,0.000,100.000
East Timor,2013,TLS,1158697,0.290,0.290,655.170,0.000,100.000
East Timor,2014,TLS,1181913,0.350,0.350,657.140,0.000,100.000
East Timor,2015,TLS,1205133,0.350,0.350,657.140,0.000,100.000
East Timor,2016,TLS,1228314,0.410,0.410,658.540,0.000,100.000
East Timor,2017,TLS,1251711,0.430,0.430,651.160,0.000,100.000
East Timor,2018,TLS,1275962,0.450,0.450,666.670,0.000,100.000
East Timor,2019,TLS,1300946,0.520,0.520,653.850,0.000,100.000
East Timor,2020,TLS,1326051,0.500,0.500,660.000,0.000,100.000
East Timor,2021,TLS,1350142,0.510,0.510,666.670,0.000,100.000
East Timor,2022,TLS,1369299,0.510,0.510,666.670,0.000,100.000
East Timor,2023,TLS,1384292,0.510,0.510,666.670,0.000,100.000
East Timor,2024,TLS,1400638,0.510,0.510,666.670,0.000,100.000
Eastern Africa (EI),2000,,,,43.691,,74.049,
Eastern Africa (EI),2001,,,,48.794,,74.926,
Eastern Africa (EI),2002,,,,51.388,,76.879,
Eastern Africa (EI),2003,,,,51.349,,78.469,
Eastern Africa (EI),2004,,,,55.226,,74.535,
Eastern Africa (EI),2005,,,,58.379,,72.754,
Eastern Africa (EI),2006,,,,60.444,,74.322,
Eastern Africa (EI),2007,,,,64.157,,75.852,
Eastern Africa (EI),2008,,,,65.112,,74.015,
Eastern Africa (EI),2009,,,,68.860,,73.830,
Eastern Africa (EI),2010,,,,74.174,,77.022,
Eastern Africa (EI),2011,,,,78.356,,75.151,
Eastern Africa (EI),2012,,,,81.857,,75.114,
Eastern Africa (EI),2013,,,,86.994,,75.529,
Eastern Africa (EI),2014,,,,93.577,,76.183,
Eastern Africa (EI),2015,,,,98.672,,73.564,
Eastern Africa (EI),2016,,,,97.152,,71.355,
Eastern Africa (EI),2017,,,,103.542,,69.856,
Eastern Africa (EI),2018,,,,108.758,,70.876,
Eastern Africa (EI),2019,,,,110.869,,71.211,
Eastern Africa (EI),2020,,,,110.858,,75.338,
Eastern Africa (EI),2021,,,,117.221,,75.052,
Eastern Africa (EI),2022,,,,123.355,,75.239,
Eastern Africa (EI),2023,,,,126.976,,74.707,
Eastern Africa (EI),2024,,,,129.125,,75.088,
Eastern Europe and Eurasia (EIA),2000,,,,,,,
Eastern Europe and Eurasia (EIA),2001,,,,,,,
Eastern Europe and Eurasia (EIA),2002,,,,,,,
Eastern Europe and Eurasia (EIA),2003,,,,,,,
Eastern Europe and Eurasia (EIA),2004,,,,,,,
Eastern Europe and Eurasia (EIA),2005,,,,,,,
Eastern Europe and Eurasia (EIA),2006,,,,,,,
Eastern Europe and Eurasia (EIA),2007,,,,,,,
Eastern Europe and Eurasia (EIA),2008,,,,,,,
Eastern Europe and Eurasia (EIA),2009,,,,,,,
Eastern Europe and Eurasia (EIA),2010,,,,,,,
Eastern Europe and Eurasia (EIA),2011,,,,,,,
Eastern Europe and Eurasia (EIA),2012,,,,,,,
Eastern Europe and Eurasia (EIA),2013,,,,,,,
Eastern Europe and Eurasia (EIA),2014,,,,,,,
Eastern Europe and Eurasia (EIA),2015,,,,,,,
Eastern Europe and Eurasia (EIA),2016,,,,,,,
Eastern Europe and Eurasia (EIA),2017,,,,,,,
Eastern Europe and Eurasia (EIA),2018,,,,,,,
Eastern Europe and Eurasia (EIA),2019,,,,,,,
Eastern Europe and Eurasia (EIA),2020,,,,,,,
Eastern Europe and Eurasia (EIA),2021,,,,,,,
Eastern Europe and Eurasia (EIA),2022,,,,,,,
Eastern Europe and Eurasia (EIA),2023,,,,,,,
Ecuador,2000,ECU,12689215,10.550,10.530,204.180,71.510,28.490
Ecuador,2001,ECU,12910736,11.000,10.980,254.100,63.752,36.248
Ecuador,2002,ECU,13138473,11.870,11.810,262.490,63.082,36.918
Ecuador,2003,ECU,13372304,12.530,11.480,274.390,61.934,38.066
Ecuador,2004,ECU,13608700,14.410,12.800,303.910,57.344,42.656
Ecuador,2005,ECU,13846162,14.350,12.640,327.530,54.035,45.965
Ecuador,2006,ECU,14086138,15.650,14.080,352.270,50.284,49.716
Ecuador,2007,ECU,14328783,18.070,17.250,340.290,52.000,48.000
Ecuador,2008,ECU,14575201,18.950,18.490,283.940,60.573,39.427
Ecuador,2009,ECU,14825960,19.260,18.160,349.670,50.385,49.615
Ecuador,2010,ECU,15076697,20.280,19.420,389.800,44.130,55.870
Ecuador,2011,ECU,15326232,21.710,20.430,325.500,53.989,46.011
Ecuador,2012,ECU,15572195,22.960,22.730,329.960,53.410,46.590
Ecuador,2013,ECU,15807132,23.790,23.160,368.740,47.625,52.375
Ecuador,2014,ECU,16035127,24.980,24.190,369.160,47.540,52.460
Ecuador,2015,ECU,16266229,26.300,25.830,345.720,51.103,48.897
Ecuador,2016,ECU,16505142,26.840,27.160,288.660,59.978,40.022
Ecuador,2017,ECU,16759515,27.640,27.830,201.220,73.518,26.482
Ecuador,2018,ECU,17049542,29.080,29.230,210.060,71.912,28.088
Ecuador,2019,ECU,17340017,30.630,32.450,171.960,77.781,22.219
Ecuador,2020,ECU,17546058,30.200,31.290,159.480,79.642,20.358
Ecuador,2021,ECU,17682454,31.960,32.120,149.130,81.196,18.804
Ecuador,2022,ECU,17823900,33.330,33.060,181.190,76.013,23.987
Ecuador,2023,ECU,17980079,36.600,35.820,195.420,73.618,26.382
Ecuador,2024,ECU,18135478,33.360,32.660,203.610,72.443,27.557
Ecuador,2025,ECU,18289898,36.640,36.600,159.020,79.399,20.601
Egypt,2000,EGY,73083287,73.170,73.320,525.640,19.449,80.551
Egypt,2001,EGY,74652035,80.500,80.710,533.760,18.077,81.923
Egypt,2002,EGY,76239140,85.450,86.230,542.970,16.468,83.532
Egypt,2003,EGY,77853548,91.270,92.190,556.030,14.351,85.649
Egypt,2004,EGY,79477441,97.550,98.250,559.900,13.567,86.433
Egypt,2005,EGY,81101012,104.160,104.940,566.990,12.531,87.469
Egypt,2006,EGY,82700404,111.310,111.660,570.210,11.992,88.008
Egypt,2007,EGY,84276224,119.300,119.860,567.580,12.414,87.586
Egypt,2008,EGY,85864791,127.900,128.800,567.390,12.446,87.554
Egypt,2009,EGY,87501635,133.330,134.270,576.450,11.030,88.970
Egypt,2010,EGY,89196073,142.990,144.430,582.700,9.963,90.037
Egypt,2011,EGY,91093066,147.980,149.560,583.180,9.842,90.158
Egypt,2012,EGY,93161000,162.440,162.840,587.880,9.132,90.868
Egypt,2013,EGY,95333551,164.680,165.080,589.170,8.996,91.004
Egypt,2014,EGY,97528655,170.560,171.240,591.860,8.619,91.381
Egypt,2015,EGY,99597334,181.140,181.830,592.260,8.585,91.415
Egypt,2016,EGY,101644583,187.920,188.190,592.970,8.412,91.588
Egypt,2017,EGY,103696055,192.870,193.210,594.690,8.022,91.978
Egypt,2018,EGY,105682092,198.820,199.390,592.410,8.255,91.745
Egypt,2019,EGY,107553159,199.780,200.570,582.490,9.767,90.233
Egypt,2020,EGY,109315118,197.180,198.600,569.080,11.964,88.036
Egypt,2021,EGY,110957005,208.190,209.660,568.060,12.096,87.904
Egypt,2022,EGY,112618252,215.150,216.720,570.040,11.817,88.183
Egypt,2023,EGY,114535772,220.530,221.920,571.290,11.702,88.298
Egypt,2024,EGY,116538256,235.990,237.390,574.500,11.197,88.803
Egypt,2025,EGY,118365995,244.310,245.710,563.230,13.015,86.985
El Salvador,2000,SLV,5943363,4.350,3.650,309.590,55.890,44.110
El Salvador,2001,SLV,5968058,4.410,4.100,321.950,53.902,46.098
El Salvador,2002,SLV,5986629,4.780,4.400,343.180,50.682,49.318
El Salvador,2003,SLV,5998597,4.990,4.670,308.350,56.317,43.683
El Salvador,2004,SLV,6004673,5.210,4.830,329.190,52.795,47.205
El Salvador,2005,SLV,6005583,5.380,5.100,305.880,56.863,43.137
El Salvador,2006,SLV,6002321,5.700,5.700,294.740,58.596,41.404
El Salvador,2007,SLV,6009820,5.960,5.930,305.230,57.167,42.833
El Salvador,2008,SLV,6029302,6.090,6.100,267.210,63.279,36.721
El Salvador,2009,SLV,6048284,5.980,5.850,309.400,56.752,43.248
El Salvador,2010,SLV,6068253,6.140,6.050,256.200,65.455,34.545
El Salvador,2011,SLV,6090128,6.280,6.170,267.420,63.533,36.467
El Salvador,2012,SLV,6113977,6.390,6.300,288.890,60.635,39.365
El Salvador,2013,SLV,6138845,6.510,6.320,287.980,60.759,39.241
El Salvador,2014,SLV,6162952,6.680,6.300,293.650,60.159,39.841
El Salvador,2015,SLV,6183675,6.970,6.070,308.070,58.320,41.680
El Salvador,2016,SLV,6200808,7.150,6.160,308.440,59.416,40.584
El Salvador,2017,SLV,6213538,7.140,5.550,212.610,74.775,25.225
El Salvador,2018,SLV,6219803,7.200,5.440,194.850,77.941,22.059
El Salvador,2019,SLV,6222316,7.460,6.170,238.250,71.475,28.525
El Salvador,2020,SLV,6234679,7.070,6.430,152.410,84.759,15.241
El Salvador,2021,SLV,6255780,8.370,7.090,143.870,86.037,13.963
El Salvador,2022,SLV,6280316,7.250,6.630,113.120,90.799,9.201
El Salvador,2023,SLV,6309629,5.590,5.980,135.450,87.793,12.207
El Salvador,2024,SLV,6338197,6.200,6.530,113.320,90.812,9.188
El Salvador,2025,SLV,6365506,6.270,6.460,139.320,86.533,13.467
Equatorial Guinea,2000,GNQ,703287,0.050,0.050,800.000,20.000,80.000
Equatorial Guinea,2001,GNQ,749836,0.060,0.060,666.670,16.667,83.333
Equatorial Guinea,2002,GNQ,797968,0.070,0.070,714.290,14.286,85.714
Equatorial Guinea,2003,GNQ,847867,0.070,0.070,714.290,14.286,85.714
Equatorial Guinea,2004,GNQ,899924,0.090,0.090,777.780,11.111,88.889
Equatorial Guinea,2005,GNQ,947370,0.100,0.100,800.000,10.000,90.000
Equatorial Guinea,2006,GNQ,990349,0.110,0.110,818.180,9.091,90.909
Equatorial Guinea,2007,GNQ,1036053,0.130,0.130,846.150,7.692,92.308
Equatorial Guinea,2008,GNQ,1084538,0.200,0.200,650.000,25.000,75.000
Equatorial Guinea,2009,GNQ,1135683,0.220,0.220,681.820,22.727,77.273
Equatorial Guinea,2010,GNQ,1189097,0.220,0.220,772.730,13.636,86.364
Equatorial Guinea,2011,GNQ,1241843,0.300,0.300,800.000,10.000,90.000
Equatorial Guinea,2012,GNQ,1293485,0.540,0.540,740.740,14.815,85.185
Equatorial Guinea,2013,GNQ,1346220,0.850,0.850,623.530,29.412,70.588
Equatorial Guinea,2014,GNQ,1399829,1.090,1.090,577.980,34.862,65.138
Equatorial Guinea,2015,GNQ,1453925,1.300,1.300,569.230,36.154,63.846
Equatorial Guinea,2016,GNQ,1508192,1.400,1.400,585.710,33.571,66.429
Equatorial Guinea,2017,GNQ,1562401,1.340,1.340,597.020,32.836,67.164
Equatorial Guinea,2018,GNQ,1616425,1.350,1.350,592.590,32.593,67.407
Equatorial Guinea,2019,GNQ,1670184,1.400,1.400,600.000,32.143,67.857
Equatorial Guinea,2020,GNQ,1716479,1.410,1.410,574.470,34.752,65.248
Equatorial Guinea,2021,GNQ,1758796,1.430,1.430,594.410,32.867,67.133
Equatorial Guinea,2022,GNQ,1803549,1.510,1.510,602.650,31.788,68.212
Equatorial Guinea,2023,GNQ,1847556,1.430,1.430,664.340,24.476,75.524
Equatorial Guinea,2024,GNQ,1892523,1.490,1.490,644.300,26.846,73.154
Eritrea,2000,ERI,2247036,0.210,0.210,666.670,0.000,100.000
Eritrea,2001,ERI,2312083,0.230,0.230,652.170,0.000,100.000
Eritrea,2002,ERI,2392981,0.260,0.260,653.850,0.000,100.000
Eritrea,2003,ERI,2493906,0.280,0.280,642.860,0.000,100.000
Eritrea,2004,ERI,2598288,0.280,0.280,642.860,0.000,100.000
Eritrea,2005,ERI,2661215,0.290,0.290,655.170,0.000,100.000
Eritrea,2006,ERI,2703501,0.270,0.270,666.670,0.000,100.000
Eritrea,2007,ERI,2743226,0.290,0.290,655.170,0.000,100.000
Eritrea,2008,ERI,2816331,0.280,0.280,642.860,0.000,100.000
Eritrea,2009,ERI,2887887,0.290,0.290,655.170,0.000,100.000
Eritrea,2010,ERI,2945184,0.310,0.310,645.160,0.000,100.000
Eritrea,2011,ERI,2998493,0.320,0.320,656.250,0.000,100.000
Eritrea,2012,ERI,3036998,0.320,0.320,656.250,0.000,100.000
Eritrea,2013,ERI,3074367,0.270,0.270,666.670,0.000,100.000
Eritrea,2014,ERI,3095168,0.270,0.270,666.670,0.000,100.000
Eritrea,2015,ERI,3105554,0.260,0.260,653.850,0.000,100.000
Eritrea,2016,ERI,3124700,0.270,0.270,666.670,0.000,100.000
Eritrea,2017,ERI,3150350,0.340,0.340,647.060,2.941,97.059
Eritrea,2018,ERI,3192763,0.390,0.390,564.100,12.821,87.179
Eritrea,2019,ERI,3240194,0.400,0.400,575.000,12.500,87.500
Eritrea,2020,ERI,3291277,0.410,0.410,585.370,12.195,87.805
Eritrea,2021,ERI,3350185,0.420,0.420,571.430,11.905,88.095
Eritrea,2022,ERI,3409450,0.440,0.440,590.910,11.364,88.636
Eritrea,2023,ERI,3470391,0.490,0.490,591.840,10.204,89.796
Eritrea,2024,ERI,3535610,0.450,0.450,577.780,11.111,88.889
Estonia,2000,EST,1397001,7.580,8.510,634.550,0.118,99.882
Estonia,2001,EST,1388174,7.870,8.490,633.690,0.236,99.764
Estonia,2002,EST,1379438,7.840,8.530,634.230,0.352,99.648
Estonia,2003,EST,1370849,8.260,10.160,638.780,0.492,99.508
Estonia,2004,EST,1362682,8.520,10.310,639.190,0.582,99.418
Estonia,2005,EST,1354847,8.590,10.200,634.310,1.078,98.922
Estonia,2006,EST,1346885,8.980,9.730,632.070,1.336,98.664
Estonia,2007,EST,1340709,9.760,12.180,642.040,1.149,98.851
Estonia,2008,EST,1337078,9.640,10.580,633.270,1.890,98.110
Estonia,2009,EST,1334528,8.860,8.780,621.870,6.150,93.850
Estonia,2010,EST,1331450,9.720,12.970,609.870,8.096,91.904
Estonia,2011,EST,1327366,9.330,12.890,604.340,9.154,90.846
Estonia,2012,EST,1322615,9.720,11.960,592.810,12.291,87.709
Estonia,2013,EST,1317920,9.690,13.280,606.180,9.262,90.738
Estonia,2014,EST,1314457,9.700,12.450,595.980,11.165,88.835
Estonia,2015,EST,1314580,9.230,10.150,573.400,15.369,84.631
Estonia,2016,EST,1315850,10.130,12.170,588.330,13.065,86.935
Estonia,2017,EST,1317430,10.430,13.160,582.830,14.134,85.866
Estonia,2018,EST,1321972,10.470,12.370,573.970,16.087,83.913
Estonia,2019,EST,1326822,9.770,7.610,509.860,28.121,71.879
Estonia,2020,EST,1329675,9.720,6.080,404.610,48.849,51.151
Estonia,2021,EST,1331750,9.820,7.190,450.630,39.917,60.083
Estonia,2022,EST,1350093,9.950,8.940,487.700,31.991,68.009
Estonia,2023,EST,1367195,9.040,5.740,395.470,48.780,51.220
Estonia,2024,EST,1360548,9.180,6.260,343.450,55.751,44.249
Estonia,2025,EST,1344236,9.340,6.110,319.150,59.574,40.426
Eswatini,2000,SWZ,1041428,1.280,0.660,166.670,98.485,1.515
Eswatini,2001,SWZ,1051066,1.340,0.700,171.430,98.571,1.429
Eswatini,2002,SWZ,1059456,1.520,0.720,194.440,95.833,4.167
Eswatini,2003,SWZ,1066706,1.440,0.640,218.750,95.313,4.688
Eswatini,2004,SWZ,1073170,1.280,0.580,224.140,94.828,5.172
Eswatini,2005,SWZ,1079022,1.480,0.620,193.550,96.774,3.226
Eswatini,2006,SWZ,1084442,1.630,0.690,188.410,97.101,2.899
Eswatini,2007,SWZ,1090713,1.690,0.710,183.100,97.183,2.817
Eswatini,2008,SWZ,1098098,1.610,0.690,188.410,97.101,2.899
Eswatini,2009,SWZ,1105158,1.570,0.660,181.820,96.970,3.030
Eswatini,2010,SWZ,1111651,1.550,0.740,175.680,97.297,2.703
Eswatini,2011,SWZ,1117845,1.390,0.580,155.170,96.552,3.448
Eswatini,2012,SWZ,1123870,1.340,0.520,173.080,92.308,7.692
Eswatini,2013,SWZ,1130000,1.460,0.600,150.000,93.333,6.667
Eswatini,2014,SWZ,1136305,1.460,0.480,166.670,95.833,4.167
Eswatini,2015,SWZ,1142822,1.460,0.380,184.210,94.737,5.263
Eswatini,2016,SWZ,1149516,1.420,0.360,222.220,91.667,8.333
Eswatini,2017,SWZ,1158198,1.450,0.430,139.540,95.349,4.651
Eswatini,2018,SWZ,1168933,1.430,0.490,142.860,95.918,4.082
Eswatini,2019,SWZ,1179885,1.530,0.490,204.080,91.837,8.163
Eswatini,2020,SWZ,1192734,1.400,0.490,163.270,95.918,4.082
Eswatini,2021,SWZ,1206598,1.410,0.510,137.260,96.078,3.922
Eswatini,2022,SWZ,1218921,1.470,0.550,127.270,96.364,3.636
Eswatini,2023,SWZ,1230507,1.700,0.660,121.210,96.970,3.030
Eswatini,2024,SWZ,1242829,1.650,0.610,131.150,96.721,3.279
Ethiopia,2000,ETH,67411496,1.690,1.690,35.500,98.817,1.183
Ethiopia,2001,ETH,69487767,2.040,2.040,34.310,99.020,0.980
Ethiopia,2002,ETH,71635521,2.060,2.060,33.980,99.029,0.971
Ethiopia,2003,ETH,73832664,2.330,2.330,30.040,99.142,0.858
Ethiopia,2004,ETH,76077211,2.570,2.570,31.130,99.222,0.778
Ethiopia,2005,ETH,78367476,2.880,2.880,31.250,99.653,0.347
Ethiopia,2006,ETH,80703495,3.310,3.310,30.210,99.396,0.604
Ethiopia,2007,ETH,83103218,3.430,3.430,34.990,98.834,1.166
Ethiopia,2008,ETH,85543670,3.330,3.330,30.030,99.700,0.300
Ethiopia,2009,ETH,88007641,3.620,3.620,35.910,98.343,1.657
Ethiopia,2010,ETH,90538518,5.010,5.010,31.940,99.002,0.998
Ethiopia,2011,ETH,93149977,6.010,6.340,29.970,99.211,0.789
Ethiopia,2012,ETH,95798771,7.010,7.570,25.100,99.736,0.264
Ethiopia,2013,ETH,98438752,8.030,8.670,25.380,99.885,0.115
Ethiopia,2014,ETH,101115615,8.710,9.470,23.230,100.000,0.000
Ethiopia,2015,ETH,103867140,9.690,10.390,24.060,100.000,0.000
Ethiopia,2016,ETH,106718163,11.170,12.470,24.060,100.000,0.000
Ethiopia,2017,ETH,109666482,11.690,13.120,23.630,100.000,0.000
Ethiopia,2018,ETH,112664157,13.230,14.230,23.890,100.000,0.000
Ethiopia,2019,ETH,115737384,14.170,15.310,24.170,99.935,0.065
Ethiopia,2020,ETH,118917670,13.980,15.620,24.330,99.936,0.064
Ethiopia,2021,ETH,122138588,14.120,15.780,22.810,100.000,0.000
Ethiopia,2022,ETH,125384285,15.660,17.410,23.550,100.000,0.000
Ethiopia,2023,ETH,128691695,15.990,17.770,23.640,100.000,0.000
Ethiopia,2024,ETH,132059770,23.440,25.200,23.410,100.000,0.000
Ethiopia,2025,ETH,135472048,31.020,33.370,23.080,100.000,0.000
Eurasia (EIA),2000,,,,,,,
Eurasia (EIA),2001,,,,,,,
Eurasia (EIA),2002,,,,,,,
Eurasia (EIA),2003,,,,,,,
Eurasia (EIA),2004,,,,,,,
Eurasia (EIA),2005,,,,,,,
Eurasia (EIA),2006,,,,,,,
Eurasia (EIA),2007,,,,,,,
Eurasia (EIA),2008,,,,,,,
Eurasia (EIA),2009,,,,,,,
Eurasia (EIA),2010,,,,,,,
Eurasia (EIA),2011,,,,,,,
Eurasia (EIA),2012,,,,,,,
Eurasia (EIA),2013,,,,,,,
Eurasia (EIA),2014,,,,,,,
Eurasia (EIA),2015,,,,,,,
Eurasia (EIA),2016,,,,,,,
Eurasia (EIA),2017,,,,,,,
Eurasia (EIA),2018,,,,,,,
Eurasia (EIA),2019,,,,,,,
Eurasia (EIA),2020,,,,,,,
Eurasia (EIA),2021,,,,,,,
Eurasia (EIA),2022,,,,,,,
Eurasia (EIA),2023,,,,,,,
Eurasia (Shift),2000,,,,,,,
Eurasia (Shift),2001,,,,,,,
Eurasia (Shift),2002,,,,,,,
Eurasia (Shift),2003,,,,,,,
Eurasia (Shift),2004,,,,,,,
Eurasia (Shift),2005,,,,,,,
Eurasia (Shift),2006,,,,,,,
Eurasia (Shift),2007,,,,,,,
Eurasia (Shift),2008,,,,,,,
Eurasia (Shift),2009,,,,,,,
Eurasia (Shift),2010,,,,,,,
Eurasia (Shift),2011,,,,,,,
Eurasia (Shift),2012,,,,,,,
Eurasia (Shift),2013,,,,,,,
Eurasia (Shift),2014,,,,,,,
Eurasia (Shift),2015,,,,,,,
Eurasia (Shift),2016,,,,,,,
Europe,2000,,729129967,4346.330,4353.870,421.965,18.394,54.515
Europe,2001,,729220001,4435.220,4436.870,416.494,18.540,53.988
Europe,2002,,730126161,4470.570,4468.680,423.069,17.169,55.149
Europe,2003,,731394229,4571.260,4569.350,430.451,16.280,56.252
Europe,2004,,732282324,4663.450,4661.930,418.567,17.568,55.252
Europe,2005,,733101021,4730.840,4732.340,416.378,17.962,55.429
Europe,2006,,733756870,4812.280,4815.390,421.337,17.850,55.893
Europe,2007,,734987444,4873.180,4876.080,422.298,18.586,56.480
Europe,2008,,736658822,4912.860,4916.940,412.826,19.421,55.811
Europe,2009,,738063440,4674.860,4676.100,397.951,21.157,53.860
Europe,2010,,739291483,4877.720,4880.210,392.415,21.822,53.537
Europe,2011,,740524016,4834.770,4843.020,398.627,21.665,53.626
Europe,2012,,741642607,4860.000,4873.940,396.796,23.966,51.917
Europe,2013,,742672989,4822.730,4831.730,383.757,26.394,49.628
Europe,2014,,743860819,4737.890,4747.560,369.306,27.554,47.738
Europe,2015,,745474876,4775.480,4783.430,365.995,28.037,47.646
Europe,2016,,747258527,4822.760,4832.220,358.138,28.551,47.891
Europe,2017,,748701837,4842.860,4847.120,352.966,28.762,47.743
Europe,2018,,749853945,4866.490,4867.900,339.689,30.607,45.943
Europe,2019,,750809114,4817.930,4819.630,319.495,31.674,44.674
Europe,2020,,750844584,4654.820,4658.360,295.812,35.764,41.691
Europe,2021,,749949128,4862.030,4865.600,304.339,34.809,42.346
Europe,2022,,748314268,4713.650,4725.050,318.475,35.250,44.192
Europe,2023,,746966209,4535.360,4556.240,286.058,40.036,39.911
Europe,2024,,746460441,4623.690,4650.720,270.638,42.032,37.637
Europe,2025,,745787940,4598.530,4626.240,271.190,41.551,38.047
Europe (EI),2000,,,,3619.413,,18.825,50.472
Europe (EI),2001,,,,3685.059,,18.564,50.414
Europe (EI),2002,,,,3719.250,,17.525,51.377
Europe (EI),2003,,,,3810.969,,16.634,52.696
Europe (EI),2004,,,,3895.765,,17.985,51.534
Europe (EI),2005,,,,3958.623,,18.290,51.828
Europe (EI),2006,,,,4014.906,,18.382,52.200
Europe (EI),2007,,,,4064.024,,19.038,53.171
Europe (EI),2008,,,,4087.432,,20.384,52.112
Europe (EI),2009,,,,3894.372,,22.108,50.387
Europe (EI),2010,,,,4064.781,,23.735,49.130
Europe (EI),2011,,,,4021.048,,23.634,49.115
Europe (EI),2012,,,,4052.894,,26.542,47.000
Europe (EI),2013,,,,4021.854,,29.078,44.496
Europe (EI),2014,,,,3938.882,,30.261,42.580
Europe (EI),2015,,,,3983.585,,31.711,41.985
Europe (EI),2016,,,,4022.540,,32.118,42.415
Europe (EI),2017,,,,4062.601,,32.083,42.823
Europe (EI),2018,,,,4065.767,,34.522,40.447
Europe (EI),2019,,,,3998.091,,36.639,38.128
Europe (EI),2020,,,,3880.632,,40.788,35.731
Europe (EI),2021,,,,4042.213,,39.596,36.664
Europe (EI),2022,,,,3903.207,,41.249,37.579
Europe (EI),2023,,,,3818.348,,46.637,31.902
Europe (EI),2024,,,,3887.631,,49.173,28.922
Europe (EIA),2000,,,,,,,
Europe (EIA),2001,,,,,,,
Europe (EIA),2002,,,,,,,
Europe (EIA),2003,,,,,,,
Europe (EIA),2004,,,,,,,
Europe (EIA),2005,,,,,,,
Europe (EIA),2006,,,,,,,
Europe (EIA),2007,,,,,,,
Europe (EIA),2008,,,,,,,
Europe (EIA),2009,,,,,,,
Europe (EIA),2010,,,,,,,
Europe (EIA),2011,,,,,,,
Europe (EIA),2012,,,,,,,
Europe (EIA),2013,,,,,,,
Europe (EIA),2014,,,,,,,
Europe (EIA),2015,,,,,,,
Europe (EIA),2016,,,,,,,
Europe (EIA),2017,,,,,,,
Europe (EIA),2018,,,,,,,
Europe (EIA),2019,,,,,,,
Europe (EIA),2020,,,,,,,
Europe (EIA),2021,,,,,,,
Europe (EIA),2022,,,,,,,
Europe (EIA),2023,,,,,,,
Europe (Ember),2000,,,4478.250,4478.250,426.190,18.578,55.083
Europe (Ember),2001,,,4559.110,4559.110,421.560,18.576,54.688
Europe (Ember),2002,,,4597.140,4597.140,426.230,17.428,55.663
Europe (Ember),2003,,,4708.890,4708.890,433.260,16.552,56.794
Europe (Ember),2004,,,4811.680,4811.680,420.930,17.983,55.682
Europe (Ember),2005,,,4893.970,4893.970,420.580,18.180,56.089
Europe (Ember),2006,,,4991.640,4991.640,425.440,18.112,56.558
Europe (Ember),2007,,,5067.600,5067.600,428.170,18.603,57.405
Europe (Ember),2008,,,5115.310,5115.310,419.840,19.341,56.852
Europe (Ember),2009,,,4870.910,4870.910,405.130,21.094,54.922
Europe (Ember),2010,,,5091.390,5091.390,397.920,22.011,54.370
Europe (Ember),2011,,,5072.410,5072.410,405.070,21.831,54.578
Europe (Ember),2012,,,5113.430,5113.430,402.930,24.119,52.893
Europe (Ember),2013,,,5071.880,5071.880,389.730,26.510,50.648
Europe (Ember),2014,,,4999.510,4999.510,379.280,27.217,49.320
Europe (Ember),2015,,,5045.200,5045.200,373.190,28.240,48.704
Europe (Ember),2016,,,5106.620,5106.620,366.990,28.784,48.924
Europe (Ember),2017,,,5144.410,5144.410,363.450,28.796,49.067
Europe (Ember),2018,,,5168.050,5168.050,351.430,30.703,47.209
Europe (Ember),2019,,,5119.810,5119.810,329.410,32.385,45.350
Europe (Ember),2020,,,4960.360,4960.360,307.190,36.153,42.675
Europe (Ember),2021,,,5193.480,5193.480,316.740,34.846,43.751
Europe (Ember),2022,,,5045.610,5045.610,329.250,35.674,45.075
Europe (Ember),2023,,,4979.970,4979.970,299.060,39.737,40.870
Europe (Ember),2024,,,5093.600,5093.600,283.550,41.826,38.570
Europe (Ember),2025,,,5101.690,5101.690,282.680,41.604,38.859
Europe (Shift),2000,,,,,,,
Europe (Shift),2001,,,,,,,
Europe (Shift),2002,,,,,,,
Europe (Shift),2003,,,,,,,
Europe (Shift),2004,,,,,,,
Europe (Shift),2005,,,,,,,
Europe (Shift),2006,,,,,,,
Europe (Shift),2007,,,,,,,
Europe (Shift),2008,,,,,,,
Europe (Shift),2009,,,,,,,
Europe (Shift),2010,,,,,,,
Europe (Shift),2011,,,,,,,
Europe (Shift),2012,,,,,,,
Europe (Shift),2013,,,,,,,
Europe (Shift),2014,,,,,,,
Europe (Shift),2015,,,,,,,
Europe (Shift),2016,,,,,,,
European Union (27),2000,,427627361,2631.020,2622.180,419.041,15.518,51.687
European Union (27),2001,,428578326,2695.570,2698.920,409.104,16.167,50.897
European Union (27),2002,,429890525,2729.240,2722.120,419.603,14.327,52.525
European Union (27),2003,,431461841,2797.840,2799.930,424.189,14.194,53.406
European Union (27),2004,,433058605,2855.740,2867.550,411.993,15.350,52.272
European Union (27),2005,,434557134,2891.720,2884.390,409.889,15.375,52.865
European Union (27),2006,,435683170,2932.770,2932.310,408.674,15.932,52.883
European Union (27),2007,,436994510,2958.350,2947.710,413.043,16.832,53.577
European Union (27),2008,,438548227,2971.810,2959.780,392.353,18.267,51.842
European Union (27),2009,,439690812,2825.630,2808.340,382.379,20.334,50.292
European Union (27),2010,,440608965,2950.460,2945.540,369.348,22.161,48.830
European Union (27),2011,,441440625,2909.640,2908.680,376.655,22.208,48.990
European Union (27),2012,,441999248,2910.220,2903.460,371.880,25.103,46.932
European Union (27),2013,,442399413,2881.880,2883.690,357.112,27.982,44.060
European Union (27),2014,,442964758,2818.880,2823.910,342.869,29.645,41.580
European Union (27),2015,,443910920,2863.720,2870.370,348.321,29.820,42.773
European Union (27),2016,,444911502,2892.050,2891.400,341.426,30.135,43.305
European Union (27),2017,,445696788,2918.430,2922.980,340.413,29.909,44.111
European Union (27),2018,,446503671,2917.460,2908.620,321.259,32.363,41.441
European Union (27),2019,,447369201,2877.430,2874.500,287.347,34.053,39.322
European Union (27),2020,,447777523,2767.060,2753.090,261.183,38.495,36.678
European Union (27),2021,,447705920,2882.270,2874.990,272.523,37.455,37.094
European Union (27),2022,,449113463,2790.430,2777.490,291.551,38.883,39.181
European Union (27),2023,,450657572,2709.730,2710.200,235.842,45.240,31.898
European Union (27),2024,,450259560,2760.900,2773.210,211.203,48.013,28.565
European Union (27),2025,,448992615,2774.640,2797.090,209.897,47.727,28.948
Falkland Islands,2000,FLK,3119,0.010,0.010,1000.000,0.000,100.000
Falkland Islands,2001,FLK,3167,0.010,0.010,1000.000,0.000,100.000
Falkland Islands,2002,FLK,3193,0.010,0.010,1000.000,0.000,100.000
Falkland Islands,2003,FLK,3212,0.010,0.010,1000.000,0.000,100.000
Falkland Islands,2004,FLK,3230,0.010,0.010,1000.000,0.000,100.000
Falkland Islands,2005,FLK,3242,0.010,0.010,1000.000,0.000,100.000
Falkland Islands,2006,FLK,3254,0.020,0.020,500.000,0.000,100.000
Falkland Islands,2007,FLK,3249,0.020,0.020,500.000,0.000,100.000
Falkland Islands,2008,FLK,3244,0.010,0.010,1000.000,0.000,100.000
Falkland Islands,2009,FLK,3233,0.010,0.010,1000.000,0.000,100.000
Falkland Islands,2010,FLK,3218,0.010,0.010,1000.000,0.000,100.000
Falkland Islands,2011,FLK,3205,0.020,0.020,500.000,50.000,50.000
Falkland Islands,2012,FLK,3223,0.020,0.020,500.000,50.000,50.000
Falkland Islands,2013,FLK,3291,0.020,0.020,500.000,50.000,50.000
Falkland Islands,2014,FLK,3362,0.020,0.020,500.000,50.000,50.000
Falkland Islands,2015,FLK,3432,0.020,0.020,500.000,50.000,50.000
Falkland Islands,2016,FLK,3499,0.020,0.020,500.000,50.000,50.000
Falkland Islands,2017,FLK,3541,0.010,0.010,1000.000,0.000,100.000
Falkland Islands,2018,FLK,3549,0.010,0.010,1000.000,0.000,100.000
Falkland Islands,2019,FLK,3541,0.010,0.010,1000.000,0.000,100.000
Falkland Islands,2020,FLK,3537,0.010,0.010,1000.000,0.000,100.000
Falkland Islands,2021,FLK,3524,0.010,0.010,1000.000,0.000,100.000
Falkland Islands,2022,FLK,3515,0.010,0.010,1000.000,0.000,100.000
Falkland Islands,2023,FLK,3498,0.010,0.010,1000.000,0.000,100.000
Faroe Islands,2000,FRO,45687,0.220,0.220,409.090,36.364,63.636
Faroe Islands,2001,FRO,46262,0.240,0.240,458.330,33.333,66.667
Faroe Islands,2002,FRO,46852,0.240,0.240,375.000,41.667,58.333
Faroe Islands,2003,FRO,47448,0.240,0.240,458.330,33.333,66.667
Faroe Islands,2004,FRO,48041,0.250,0.250,400.000,40.000,60.000
Faroe Islands,2005,FRO,48386,0.250,0.250,360.000,44.000,56.000
Faroe Islands,2006,FRO,48456,0.250,0.250,360.000,44.000,56.000
Faroe Islands,2007,FRO,48498,0.270,0.270,370.370,44.444,55.556
Faroe Islands,2008,FRO,48528,0.270,0.270,407.410,37.037,62.963
Faroe Islands,2009,FRO,48512,0.270,0.270,407.410,37.037,62.963
Faroe Islands,2010,FRO,48191,0.280,0.280,464.290,28.571,71.429
Faroe Islands,2011,FRO,47957,0.270,0.270,407.410,37.037,62.963
Faroe Islands,2012,FRO,48113,0.290,0.290,413.790,37.931,62.069
Faroe Islands,2013,FRO,48297,0.290,0.290,413.790,37.931,62.069
Faroe Islands,2014,FRO,48515,0.310,0.310,322.580,51.613,48.387
Faroe Islands,2015,FRO,48916,0.320,0.320,281.250,59.375,40.625
Faroe Islands,2016,FRO,49554,0.310,0.310,354.840,48.387,51.613
Faroe Islands,2017,FRO,50268,0.330,0.330,333.330,51.515,48.485
Faroe Islands,2018,FRO,51062,0.350,0.350,342.860,48.571,51.429
Faroe Islands,2019,FRO,51868,0.380,0.380,394.740,39.474,60.526
Faroe Islands,2020,FRO,52615,0.410,0.410,390.240,39.024,60.976
Faroe Islands,2021,FRO,53324,0.430,0.430,395.350,39.535,60.465
Faroe Islands,2022,FRO,54039,0.480,0.480,354.170,45.833,54.167
Faroe Islands,2023,FRO,54738,0.490,0.490,346.940,46.939,53.061
Fiji,2000,FJI,840913,0.750,0.750,240.000,72.000,28.000
Fiji,2001,FJI,849606,0.790,0.790,215.190,74.684,25.316
Fiji,2002,FJI,858057,0.830,0.830,240.960,69.880,30.120
Fiji,2003,FJI,866297,0.870,0.870,344.830,54.023,45.977
Fiji,2004,FJI,874369,0.880,0.880,329.550,56.818,43.182
Fiji,2005,FJI,882384,0.890,0.890,359.550,52.809,47.191
Fiji,2006,FJI,890370,0.900,0.900,355.560,52.222,47.778
Fiji,2007,FJI,897843,0.890,0.890,235.960,68.539,31.461
Fiji,2008,FJI,903403,0.840,0.840,238.100,67.857,32.143
Fiji,2009,FJI,907248,0.830,0.830,265.060,62.651,37.349
Fiji,2010,FJI,910427,0.880,0.880,340.910,52.273,47.727
Fiji,2011,FJI,912991,0.850,0.850,305.880,57.647,42.353
Fiji,2012,FJI,914920,0.860,0.860,244.190,66.279,33.721
Fiji,2013,FJI,916359,0.880,0.880,261.360,63.636,36.364
Fiji,2014,FJI,917589,0.910,0.910,362.640,48.352,51.648
Fiji,2015,FJI,918585,0.930,0.930,365.590,48.387,51.613
Fiji,2016,FJI,919167,0.950,0.950,305.260,54.737,45.263
Fiji,2017,FJI,918762,1.020,1.020,343.140,50.000,50.000
Fiji,2018,FJI,917185,1.100,1.100,300.000,59.091,40.909
Fiji,2019,FJI,914906,1.140,1.140,307.020,57.895,42.105
Fiji,2020,FJI,914971,1.080,1.080,268.520,62.963,37.037
Fiji,2021,FJI,916718,1.060,1.060,273.590,62.264,37.736
Fiji,2022,FJI,919428,1.070,1.070,280.370,60.748,39.252
Fiji,2023,FJI,924150,1.150,1.150,278.260,63.478,36.522
Fiji,2024,FJI,928800,1.150,1.150,278.260,63.478,36.522
Finland,2000,FIN,5176197,81.850,69.970,246.820,33.414,34.458
Finland,2001,FIN,5187970,84.410,74.450,284.890,28.932,40.484
Finland,2002,FIN,5200548,86.840,74.920,316.200,26.468,43.767
Finland,2003,FIN,5212958,89.130,84.280,371.380,22.615,50.415
Finland,2004,FIN,5228147,90.710,85.840,325.370,29.858,43.674
Finland,2005,FIN,5246078,87.570,70.560,230.870,33.248,33.773
Finland,2006,FIN,5266248,93.690,82.290,335.760,27.294,44.866
Finland,2007,FIN,5288715,93.730,81.170,309.100,29.962,41.185
Finland,2008,FIN,5313379,90.120,77.350,246.150,35.902,34.415
Finland,2009,FIN,5338854,84.150,72.060,276.160,30.114,37.233
Finland,2010,FIN,5363347,91.140,80.640,314.860,29.985,41.741
Finland,2011,FIN,5388236,87.350,73.500,268.160,32.898,35.551
Finland,2012,FIN,5413978,87.850,70.410,215.170,40.562,26.786
Finland,2013,FIN,5439057,86.970,71.260,257.650,35.967,30.901
Finland,2014,FIN,5461686,86.070,68.100,226.430,38.590,26.784
Finland,2015,FIN,5479719,84.950,68.610,182.040,44.498,21.615
Finland,2016,FIN,5495468,87.700,68.750,199.560,44.233,22.022
Finland,2017,FIN,5508398,87.950,67.520,186.170,46.608,20.098
Finland,2018,FIN,5515730,90.170,70.230,193.370,45.764,21.786
Finland,2019,FIN,5521754,88.650,68.610,171.550,46.466,18.744
Finland,2020,FIN,5529616,84.340,69.240,130.270,51.892,14.471
Finland,2021,FIN,5541069,89.880,72.110,135.630,52.947,14.325
Finland,2022,FIN,5569300,84.690,72.170,129.970,53.568,11.320
Finland,2023,FIN,5601185,83.240,81.520,81.210,51.889,6.023
Finland,2024,FIN,5617311,85.730,82.550,66.630,55.857,4.652
Finland,2025,FIN,5623328,87.780,82.300,57.470,56.464,3.657
France,2000,FRA,59483716,463.080,532.560,79.770,12.737,9.308
France,2001,FRA,59905131,474.210,542.600,68.630,14.023,8.373
France,2002,FRA,60327247,474.210,551.240,75.210,11.373,9.395
France,2003,FRA,60741119,492.720,559.130,80.860,10.994,10.121
France,2004,FRA,61175244,504.390,566.300,77.190,11.022,9.825
France,2005,FRA,61625031,508.810,569.140,85.530,9.660,11.004
France,2006,FRA,62049831,503.960,567.300,76.570,10.737,9.907
France,2007,FRA,62432438,505.030,561.840,80.110,11.445,10.289
France,2008,FRA,62780187,518.990,566.980,76.030,12.757,9.736
France,2009,FRA,63106460,502.940,528.870,75.600,12.886,9.639
France,2010,FRA,63417366,531.650,562.360,78.560,13.635,10.164
France,2011,FRA,63733776,511.240,567.650,74.620,11.630,10.436
France,2012,FRA,64058465,523.060,567.580,77.590,15.020,10.029
France,2013,FRA,64387736,528.290,576.750,76.290,17.240,9.300
France,2014,FRA,64692495,499.120,566.310,52.220,16.604,6.322
France,2015,FRA,64916337,510.080,574.140,59.170,15.996,7.815
France,2016,FRA,65086853,517.340,558.840,68.620,17.715,10.135
France,2017,FRA,65284775,515.610,555.740,78.310,16.538,11.781
France,2018,FRA,65519537,513.270,576.240,59.920,19.757,8.581
France,2019,FRA,65729460,507.850,565.520,59.790,19.964,9.480
France,2020,FRA,65905273,482.210,527.250,59.080,23.714,9.178
France,2021,FRA,66083547,505.420,550.310,59.800,22.187,8.877
France,2022,FRA,66277412,483.390,468.450,78.540,24.201,12.883
France,2023,FRA,66438828,468.280,518.750,53.260,26.890,7.915
France,2024,FRA,66548532,471.800,561.780,40.480,27.176,5.102
France,2025,FRA,66650804,476.660,569.980,41.440,26.064,5.149
French Guiana,2000,GUF,160633,0.460,0.460,86.960,89.130,10.870
French Guiana,2001,GUF,168544,0.600,0.600,216.670,70.000,30.000
French Guiana,2002,GUF,176719,0.630,0.630,238.100,66.667,33.333
French Guiana,2003,GUF,185101,0.670,0.670,343.280,50.746,49.254
French Guiana,2004,GUF,193656,0.670,0.670,268.660,61.194,38.806
French Guiana,2005,GUF,202452,0.710,0.710,267.610,60.563,39.437
French Guiana,2006,GUF,210976,0.730,0.730,191.780,73.973,26.027
French Guiana,2007,GUF,219123,0.730,0.730,219.180,68.493,31.507
French Guiana,2008,GUF,226106,0.750,0.750,226.670,66.667,33.333
French Guiana,2009,GUF,230715,0.780,0.780,371.800,44.872,55.128
French Guiana,2010,GUF,234578,0.830,0.830,301.210,56.627,43.373
French Guiana,2011,GUF,239525,0.830,0.830,265.060,61.446,38.554
French Guiana,2012,GUF,245784,0.890,0.890,213.480,69.663,30.337
French Guiana,2013,GUF,253250,0.890,0.890,269.660,60.674,39.326
French Guiana,2014,GUF,260564,0.920,0.920,271.740,60.870,39.130
French Guiana,2015,GUF,266377,0.930,0.930,279.570,59.140,40.860
French Guiana,2016,GUF,271278,0.910,0.910,307.690,54.945,45.055
French Guiana,2017,GUF,276158,0.920,0.920,228.260,67.391,32.609
French Guiana,2018,GUF,280972,0.930,0.930,247.310,64.516,35.484
French Guiana,2019,GUF,285574,0.950,0.950,347.370,49.474,50.526
French Guiana,2020,GUF,289063,0.950,0.950,326.320,52.632,47.368
French Guiana,2021,GUF,293023,0.970,0.970,216.500,70.103,29.897
French Guiana,2022,GUF,298319,0.950,0.950,210.530,71.579,28.421
French Guiana,2023,GUF,303408,0.980,0.980,244.900,65.306,34.694
French Polynesia,2000,PYF,240346,0.410,0.410,463.420,29.268,70.732
French Polynesia,2001,PYF,244107,0.420,0.420,500.000,23.810,76.190
French Polynesia,2002,PYF,247785,0.460,0.460,478.260,28.261,71.739
French Polynesia,2003,PYF,251650,0.470,0.470,446.810,31.915,68.085
French Polynesia,2004,PYF,255663,0.540,0.540,444.440,33.333,66.667
French Polynesia,2005,PYF,259517,0.510,0.510,431.370,35.294,64.706
French Polynesia,2006,PYF,263234,0.530,0.530,415.090,37.736,62.264
French Polynesia,2007,PYF,266448,0.550,0.550,418.180,40.000,60.000
French Polynesia,2008,PYF,268390,0.570,0.570,421.050,36.842,63.158
French Polynesia,2009,PYF,269494,0.580,0.580,413.790,36.207,63.793
French Polynesia,2010,PYF,270590,0.790,0.790,443.040,34.177,65.823
French Polynesia,2011,PYF,271734,0.740,0.740,472.970,31.081,68.919
French Polynesia,2012,PYF,273092,0.720,0.720,472.220,29.167,70.833
French Polynesia,2013,PYF,274736,0.680,0.680,500.000,25.000,75.000
French Polynesia,2014,PYF,276391,0.680,0.680,470.590,29.412,70.588
French Polynesia,2015,PYF,277877,0.680,0.680,470.590,29.412,70.588
French Polynesia,2016,PYF,279180,0.680,0.680,455.880,30.882,69.118
French Polynesia,2017,PYF,280096,0.690,0.690,449.280,31.884,68.116
French Polynesia,2018,PYF,279823,0.680,0.680,470.590,29.412,70.588
French Polynesia,2019,PYF,279040,0.690,0.690,463.770,28.986,71.014
French Polynesia,2020,PYF,279218,0.660,0.660,454.550,30.303,69.697
French Polynesia,2021,PYF,279808,0.660,0.660,469.700,28.788,71.212
French Polynesia,2022,PYF,280388,0.710,0.710,436.620,33.803,66.197
French Polynesia,2023,PYF,281125,0.710,0.710,436.620,33.803,66.197
French Polynesia,2024,PYF,281816,0.720,0.720,430.560,34.722,65.278
G20 (Ember),2000,,,13030.160,13030.160,536.780,16.573,65.040
G20 (Ember),2001,,,13187.940,13187.940,537.020,16.028,65.237
G20 (Ember),2002,,,13629.910,13629.910,540.750,15.884,65.729
G20 (Ember),2003,,,14125.770,14125.770,553.700,15.527,67.132
G20 (Ember),2004,,,14779.590,14779.590,547.700,16.196,66.470
G20 (Ember),2005,,,15357.690,15357.690,553.190,16.182,67.084
G20 (Ember),2006,,,15946.050,15946.050,555.290,16.484,67.219
G20 (Ember),2007,,,16696.260,16696.260,564.250,16.261,68.539
G20 (Ember),2008,,,16998.381,16998.381,555.740,17.394,67.708
G20 (Ember),2009,,,16822.330,16822.330,550.270,18.091,67.050
G20 (Ember),2010,,,17946.650,17946.650,550.050,18.531,67.183
G20 (Ember),2011,,,18578.930,18578.930,557.340,18.846,67.995
G20 (Ember),2012,,,18951.381,18951.381,555.310,19.888,68.148
G20 (Ember),2013,,,19483.090,19483.090,555.420,20.737,67.526
G20 (Ember),2014,,,19983.930,19983.930,550.240,21.565,66.778
G20 (Ember),2015,,,20121.650,20121.650,536.110,22.438,65.757
G20 (Ember),2016,,,20676.080,20676.080,526.090,23.292,64.989
G20 (Ember),2017,,,21330.369,21330.369,523.190,23.999,64.522
G20 (Ember),2018,,,22203.051,22203.051,518.700,24.761,63.966
G20 (Ember),2019,,,22483.109,22483.109,503.110,26.003,62.456
G20 (Ember),2020,,,22358.260,22358.260,487.820,28.057,60.779
G20 (Ember),2021,,,23682.631,23682.631,492.810,28.010,61.047
G20 (Ember),2022,,,24275.410,24275.410,487.430,29.522,60.290
G20 (Ember),2023,,,24889.289,24889.289,480.570,30.465,59.387
G20 (Ember),2024,,,26009.641,26009.641,466.910,32.286,57.723
G20 (Ember),2025,,,26769.539,26769.539,453.290,34.225,55.896
G7 (Ember),2000,,,7254.100,7254.100,499.820,13.536,61.442
G7 (Ember),2001,,,7176.680,7176.680,499.770,12.510,61.740
G7 (Ember),2002,,,7346.860,7346.860,497.540,13.085,61.615
G7 (Ember),2003,,,7395.440,7395.440,509.260,13.160,63.001
G7 (Ember),2004,,,7535.170,7535.170,500.260,13.206,62.116
G7 (Ember),2005,,,7684.020,7684.020,502.090,13.174,62.585
G7 (Ember),2006,,,7720.100,7720.100,494.900,13.758,61.868
G7 (Ember),2007,,,7852.790,7852.790,502.620,13.377,63.427
G7 (Ember),2008,,,7826.140,7826.140,495.910,14.250,62.831
G7 (Ember),2009,,,7447.660,7447.660,474.280,15.521,60.623
G7 (Ember),2010,,,7742.270,7742.270,476.830,15.482,61.004
G7 (Ember),2011,,,7670.330,7670.330,471.950,17.320,60.967
G7 (Ember),2012,,,7630.600,7630.600,476.220,17.943,62.704
G7 (Ember),2013,,,7649.800,7649.800,472.260,19.255,61.163
G7 (Ember),2014,,,7611.370,7611.370,464.320,20.090,60.189
G7 (Ember),2015,,,7607.070,7607.070,444.520,21.096,59.155
G7 (Ember),2016,,,7643.880,7643.880,429.370,22.064,58.526
G7 (Ember),2017,,,7629.030,7629.030,416.810,23.875,56.730
G7 (Ember),2018,,,7774.020,7774.020,407.150,24.482,56.092
G7 (Ember),2019,,,7644.270,7644.270,386.100,25.582,54.720
G7 (Ember),2020,,,7391.210,7391.210,365.950,28.118,52.956
G7 (Ember),2021,,,7563.220,7563.220,375.610,27.747,53.380
G7 (Ember),2022,,,7631.620,7631.620,376.060,29.145,53.994
G7 (Ember),2023,,,7481.580,7481.580,353.390,30.419,51.847
G7 (Ember),2024,,,7653.690,7653.690,342.440,31.628,50.429
G7 (Ember),2025,,,7829.550,7829.550,342.420,32.489,49.724
Gabon,2000,GAB,1275578,1.310,1.310,305.340,61.832,38.168
Gabon,2001,GAB,1309594,1.400,1.400,307.140,62.857,37.143
Gabon,2002,GAB,1345142,1.470,1.470,306.120,62.585,37.415
Gabon,2003,GAB,1382354,1.530,1.530,326.800,58.824,41.176
Gabon,2004,GAB,1421620,1.530,1.530,333.330,58.170,41.830
Gabon,2005,GAB,1463503,1.570,1.570,375.800,51.592,48.408
Gabon,2006,GAB,1508338,1.660,1.660,337.350,57.229,42.771
Gabon,2007,GAB,1556242,1.730,1.730,404.620,46.243,53.757
Gabon,2008,GAB,1607182,1.810,1.810,403.320,49.171,50.829
Gabon,2009,GAB,1661567,1.830,1.830,398.910,51.913,48.087
Gabon,2010,GAB,1719883,1.930,1.930,445.600,47.150,52.850
Gabon,2011,GAB,1781987,2.030,2.030,492.610,41.379,58.621
Gabon,2012,GAB,1846893,2.160,2.160,481.480,42.130,57.870
Gabon,2013,GAB,1913061,2.270,2.090,454.550,44.976,55.024
Gabon,2014,GAB,1978400,2.380,1.990,497.490,40.201,59.799
Gabon,2015,GAB,2040990,2.460,2.120,476.420,43.396,56.604
Gabon,2016,GAB,2100310,2.540,2.190,525.110,37.900,62.100
Gabon,2017,GAB,2156902,2.700,2.240,495.540,41.964,58.036
Gabon,2018,GAB,2212320,3.290,2.780,438.850,47.122,52.878
Gabon,2019,GAB,2267711,3.370,2.840,443.660,46.479,53.521
Gabon,2020,GAB,2322538,3.470,2.930,423.210,48.805,51.195
Gabon,2021,GAB,2376729,3.490,2.960,439.190,46.622,53.378
Gabon,2022,GAB,2430750,3.730,3.190,429.470,47.962,52.038
Gabon,2023,GAB,2484790,3.170,2.590,525.100,35.521,64.479
Gabon,2024,GAB,2538953,3.180,2.600,523.080,35.385,64.615
Gambia,2000,GMB,1455095,0.130,0.130,692.310,0.000,100.000
Gambia,2001,GMB,1495023,0.150,0.150,666.670,0.000,100.000
Gambia,2002,GMB,1535700,0.150,0.150,666.670,0.000,100.000
Gambia,2003,GMB,1577619,0.170,0.170,647.060,0.000,100.000
Gambia,2004,GMB,1621309,0.190,0.190,684.210,0.000,100.000
Gambia,2005,GMB,1667035,0.200,0.200,650.000,0.000,100.000
Gambia,2006,GMB,1715285,0.220,0.220,636.360,0.000,100.000
Gambia,2007,GMB,1765778,0.230,0.230,652.170,0.000,100.000
Gambia,2008,GMB,1817859,0.240,0.240,666.670,0.000,100.000
Gambia,2009,GMB,1871428,0.240,0.240,666.670,0.000,100.000
Gambia,2010,GMB,1926634,0.250,0.250,640.000,0.000,100.000
Gambia,2011,GMB,1983785,0.250,0.250,640.000,0.000,100.000
Gambia,2012,GMB,2043097,0.250,0.250,640.000,0.000,100.000
Gambia,2013,GMB,2103825,0.250,0.250,640.000,0.000,100.000
Gambia,2014,GMB,2164535,0.250,0.250,640.000,0.000,100.000
Gambia,2015,GMB,2224530,0.280,0.280,642.860,0.000,100.000
Gambia,2016,GMB,2283775,0.300,0.300,666.670,0.000,100.000
Gambia,2017,GMB,2342191,0.310,0.310,645.160,0.000,100.000
Gambia,2018,GMB,2399633,0.390,0.390,666.670,0.000,100.000
Gambia,2019,GMB,2456847,0.460,0.460,652.170,0.000,100.000
Gambia,2020,GMB,2515744,0.480,0.480,666.670,0.000,100.000
Gambia,2021,GMB,2576015,0.500,0.500,660.000,0.000,100.000
Gambia,2022,GMB,2636472,0.510,0.510,666.670,0.000,100.000
Gambia,2023,GMB,2697846,0.510,0.510,666.670,0.000,100.000
Gambia,2024,GMB,2759999,0.510,0.510,666.670,0.000,100.000
Georgia,2000,GEO,4328361,7.610,7.360,152.170,78.804,21.196
Georgia,2001,GEO,4209641,7.150,6.880,146.800,79.797,20.203
Georgia,2002,GEO,4127854,7.640,7.190,65.370,93.185,6.815
Georgia,2003,GEO,4085489,8.010,7.100,77.470,90.986,9.014
Georgia,2004,GEO,4056076,8.140,6.860,100.580,87.318,12.682
Georgia,2005,GEO,4026135,8.550,7.200,111.110,85.694,14.306
Georgia,2006,GEO,3996584,8.090,7.470,200.800,70.415,29.585
Georgia,2007,GEO,3967592,8.300,8.500,148.240,79.412,20.588
Georgia,2008,GEO,3941192,8.260,8.380,116.950,84.606,15.394
Georgia,2009,GEO,3918935,7.840,8.330,94.840,88.115,11.885
Georgia,2010,GEO,3895932,8.690,9.950,65.330,93.166,6.834
Georgia,2011,GEO,3868724,9.570,10.020,157.690,77.944,22.056
Georgia,2012,GEO,3839208,9.710,9.620,177.760,74.324,25.676
Georgia,2013,GEO,3809128,10.010,9.980,131.260,82.064,17.936
Georgia,2014,GEO,3792921,10.540,10.290,143.830,80.175,19.825
Georgia,2015,GEO,3791570,10.790,10.750,157.210,77.860,22.140
Georgia,2016,GEO,3792061,11.410,11.490,141.860,80.505,19.495
Georgia,2017,GEO,3792860,12.250,11.440,141.610,80.507,19.493
Georgia,2018,GEO,3794881,12.960,12.040,128.740,82.475,17.525
Georgia,2019,GEO,3796722,13.240,11.860,167.790,76.054,23.946
Georgia,2020,GEO,3795680,12.620,11.160,175.630,74.731,25.269
Georgia,2021,GEO,3788450,14.260,12.640,136.870,81.171,18.829
Georgia,2022,GEO,3794782,14.810,14.250,167.020,76.211,23.789
Georgia,2023,GEO,3807494,13.750,14.430,167.710,76.091,23.909
Georgia,2024,GEO,3807668,14.110,13.930,145.010,79.828,20.172
Georgia,2025,GEO,3806669,14.700,13.500,145.930,79.630,20.370
Germany,2000,DEU,81797255,572.010,568.950,573.160,6.224,63.965
Germany,2001,DEU,81933882,582.600,578.940,565.480,6.543,63.868
Germany,2002,DEU,82068328,593.760,583.760,569.620,7.621,64.141
Germany,2003,DEU,82111619,598.760,602.030,570.010,7.752,64.831
Germany,2004,DEU,82092706,606.980,609.600,554.710,9.510,63.084
Germany,2005,DEU,82046733,608.770,613.340,546.300,10.342,63.074
Germany,2006,DEU,81701971,613.220,630.200,536.210,11.514,61.944
Germany,2007,DEU,81298546,614.540,631.100,551.810,14.172,63.560
Germany,2008,DEU,81110780,612.190,632.290,525.410,14.925,61.590
Germany,2009,DEU,80935276,575.690,587.960,521.550,16.341,60.710
Germany,2010,DEU,80830916,609.260,624.210,516.650,16.887,60.595
Germany,2011,DEU,80857877,601.230,605.000,529.670,20.567,61.587
Germany,2012,DEU,80916391,599.270,619.810,534.160,23.136,60.817
Germany,2013,DEU,81041581,597.500,629.690,538.040,24.131,60.419
Germany,2014,DEU,81376078,584.870,618.750,521.680,26.171,58.132
Germany,2015,DEU,82077546,590.890,639.170,503.590,29.435,56.204
Germany,2016,DEU,82760102,591.000,641.520,498.300,29.482,57.326
Germany,2017,DEU,83104010,592.000,644.460,469.710,33.467,54.691
Germany,2018,DEU,83368507,583.540,632.280,454.550,35.258,52.722
Germany,2019,DEU,83559184,567.420,600.090,392.510,40.189,47.301
Germany,2020,DEU,83628711,547.720,566.750,355.610,44.374,44.266
Germany,2021,DEU,83697080,560.250,578.830,394.640,40.167,47.890
Germany,2022,DEU,84086227,539.620,566.880,419.740,44.373,49.504
Germany,2023,DEU,84548233,515.940,506.720,362.920,54.685,43.890
Germany,2024,DEU,84552234,522.260,495.990,336.380,58.642,41.358
Germany,2025,DEU,84075075,520.270,500.470,329.650,59.092,40.908
Ghana,2000,GHA,19637085,7.380,7.170,79.500,91.353,8.647
Ghana,2001,GHA,20167073,7.960,7.810,126.760,83.867,16.133
Ghana,2002,GHA,20729392,7.700,7.270,221.460,68.776,31.224
Ghana,2003,GHA,21296710,6.220,5.880,241.500,65.646,34.354
Ghana,2004,GHA,21868298,6.210,6.000,103.330,87.333,12.667
Ghana,2005,GHA,22449446,6.920,6.740,132.050,82.789,17.211
Ghana,2006,GHA,23040704,8.260,8.390,237.190,66.389,33.611
Ghana,2007,GHA,23642284,7.150,6.960,321.840,53.161,46.839
Ghana,2008,GHA,24249945,8.060,8.320,189.900,73.918,26.082
Ghana,2009,GHA,24862667,8.390,8.940,173.380,76.398,23.602
Ghana,2010,GHA,25475000,9.190,10.120,230.240,68.676,31.324
Ghana,2011,GHA,26095091,10.700,11.310,253.760,66.401,33.599
Ghana,2012,GHA,26734273,11.610,12.150,251.030,65.926,34.074
Ghana,2013,GHA,27386193,12.490,12.990,266.360,62.895,37.105
Ghana,2014,GHA,28041592,12.610,13.080,269.110,63.609,36.391
Ghana,2015,GHA,28696071,11.280,11.640,369.420,49.914,50.086
Ghana,2016,GHA,29356736,13.730,13.170,410.020,42.217,57.783
Ghana,2017,GHA,30008364,13.350,13.300,407.520,42.632,57.368
Ghana,2018,GHA,30637592,14.310,14.910,421.870,40.711,59.289
Ghana,2019,GHA,31258943,16.000,17.300,416.760,42.312,57.688
Ghana,2020,GHA,31887802,17.990,19.730,459.200,37.354,62.646
Ghana,2021,GHA,32518662,20.390,22.080,478.260,34.783,65.217
Ghana,2022,GHA,33149152,21.050,23.220,469.420,36.047,63.953
Ghana,2023,GHA,33787916,21.850,24.300,452.680,38.519,61.481
Ghana,2024,GHA,34427417,21.830,24.270,468.890,36.218,63.782
Gibraltar,2000,GIB,27734,0.130,0.130,692.310,0.000,100.000
Gibraltar,2001,GIB,27685,0.130,0.130,692.310,0.000,100.000
Gibraltar,2002,GIB,27850,0.130,0.130,692.310,0.000,100.000
Gibraltar,2003,GIB,28301,0.130,0.130,692.310,0.000,100.000
Gibraltar,2004,GIB,28741,0.140,0.140,642.860,0.000,100.000
Gibraltar,2005,GIB,29191,0.140,0.140,642.860,0.000,100.000
Gibraltar,2006,GIB,29620,0.150,0.150,666.670,0.000,100.000
Gibraltar,2007,GIB,30032,0.160,0.160,687.500,0.000,100.000
Gibraltar,2008,GIB,30431,0.170,0.170,647.060,0.000,100.000
Gibraltar,2009,GIB,30847,0.170,0.170,647.060,0.000,100.000
Gibraltar,2010,GIB,31271,0.180,0.180,666.670,0.000,100.000
Gibraltar,2011,GIB,31685,0.170,0.170,647.060,0.000,100.000
Gibraltar,2012,GIB,32054,0.180,0.180,666.670,0.000,100.000
Gibraltar,2013,GIB,32429,0.190,0.190,684.210,0.000,100.000
Gibraltar,2014,GIB,32836,0.200,0.200,650.000,0.000,100.000
Gibraltar,2015,GIB,33214,0.220,0.220,636.360,0.000,100.000
Gibraltar,2016,GIB,33682,0.210,0.210,666.670,0.000,100.000
Gibraltar,2017,GIB,34267,0.210,0.210,666.670,0.000,100.000
Gibraltar,2018,GIB,34883,0.220,0.220,636.360,0.000,100.000
Gibraltar,2019,GIB,35518,0.220,0.220,636.360,0.000,100.000
Gibraltar,2020,GIB,36198,0.210,0.210,571.430,0.000,100.000
Gibraltar,2021,GIB,36881,0.230,0.230,565.220,0.000,100.000
Gibraltar,2022,GIB,37631,0.210,0.210,571.430,0.000,100.000
Gibraltar,2023,GIB,38493,0.230,0.230,608.700,0.000,100.000
Gibraltar,2024,GIB,39351,0.220,0.220,590.910,0.000,100.000
Greece,2000,GRC,10782638,52.930,52.940,822.820,7.820,92.180
Greece,2001,GRC,10843166,55.040,52.540,845.640,5.596,94.404
Greece,2002,GRC,10890287,56.260,53.360,827.590,6.709,93.291
Greece,2003,GRC,10918467,59.370,57.280,790.330,10.283,89.717
Greece,2004,GRC,10947369,61.040,58.220,786.160,10.151,89.849
Greece,2005,GRC,10981340,62.510,58.730,782.560,10.914,89.086
Greece,2006,GRC,11016107,63.610,59.410,743.140,12.910,87.090
Greece,2007,GRC,11045737,66.760,62.400,776.920,7.356,92.644
Greece,2008,GRC,11076874,67.790,62.180,758.930,9.247,90.753
Greece,2009,GRC,11108067,64.710,60.340,747.100,13.523,86.477
Greece,2010,GRC,11124666,62.320,56.610,707.300,18.601,81.399
Greece,2011,GRC,11108838,61.680,58.450,725.060,13.944,86.056
Greece,2012,GRC,11048291,61.690,59.910,704.060,16.909,83.091
Greece,2013,GRC,10967534,58.260,56.370,636.690,25.475,74.525
Greece,2014,GRC,10893169,58.440,49.620,667.880,24.547,75.453
Greece,2015,GRC,10820902,60.660,51.050,603.530,29.089,70.911
Greece,2016,GRC,10775506,62.640,53.840,571.510,27.656,72.344
Greece,2017,GRC,10753532,61.040,54.800,579.750,25.182,74.818
Greece,2018,GRC,10730846,58.890,52.610,545.140,30.679,69.321
Greece,2019,GRC,10718581,57.890,47.950,496.980,33.577,66.423
Greece,2020,GRC,10699370,56.370,47.510,423.070,36.940,63.060
Greece,2021,GRC,10579561,57.920,54.240,383.110,40.800,59.200
Greece,2022,GRC,10412481,55.120,51.670,376.810,43.449,56.551
Greece,2023,GRC,10242910,53.840,48.930,336.400,49.826,50.174
Greece,2024,GRC,10047813,56.770,57.080,321.650,49.229,50.771
Greece,2025,GRC,9938847,55.560,58.270,315.090,49.700,50.300
Greenland,2000,GRL,56228,0.290,0.290,275.860,58.621,41.379
Greenland,2001,GRL,56433,0.280,0.280,285.710,57.143,42.857
Greenland,2002,GRL,56617,0.310,0.310,290.320,58.065,41.935
Greenland,2003,GRL,56781,0.310,0.310,290.320,58.065,41.935
Greenland,2004,GRL,56926,0.330,0.330,272.730,57.576,42.424
Greenland,2005,GRL,56969,0.340,0.340,264.710,58.824,41.176
Greenland,2006,GRL,56901,0.350,0.350,285.710,57.143,42.857
Greenland,2007,GRL,56807,0.360,0.360,305.560,55.556,44.444
Greenland,2008,GRL,56683,0.370,0.370,297.300,54.054,45.946
Greenland,2009,GRL,56547,0.410,0.410,268.290,63.415,36.585
Greenland,2010,GRL,56634,0.410,0.410,219.510,70.732,29.268
Greenland,2011,GRL,56853,0.450,0.450,177.780,75.556,24.444
Greenland,2012,GRL,56797,0.450,0.450,177.780,75.556,24.444
Greenland,2013,GRL,56532,0.460,0.460,152.170,80.435,19.565
Greenland,2014,GRL,56195,0.480,0.480,145.830,81.250,18.750
Greenland,2015,GRL,56048,0.510,0.510,137.260,82.353,17.647
Greenland,2016,GRL,56082,0.480,0.480,125.000,83.333,16.667
Greenland,2017,GRL,56094,0.500,0.500,180.000,76.000,24.000
Greenland,2018,GRL,56100,0.520,0.520,153.850,80.769,19.231
Greenland,2019,GRL,56109,0.490,0.490,122.450,83.673,16.327
Greenland,2020,GRL,56105,0.520,0.520,134.620,82.692,17.308
Greenland,2021,GRL,56065,0.510,0.510,117.650,84.314,15.686
Greenland,2022,GRL,56014,0.540,0.540,111.110,87.037,12.963
Greenland,2023,GRL,55951,0.610,0.610,131.150,81.967,18.033
Greenland,2024,GRL,55864,0.600,0.600,150.000,83.333,16.667
Grenada,2000,GRD,107466,0.130,0.130,692.310,0.000,100.000
Grenada,2001,GRD,107998,0.140,0.140,642.860,0.000,100.000
Grenada,2002,GRD,108414,0.150,0.150,666.670,0.000,100.000
Grenada,2003,GRD,108895,0.160,0.160,687.500,0.000,100.000
Grenada,2004,GRD,109338,0.140,0.140,642.860,0.000,100.000
Grenada,2005,GRD,109744,0.150,0.150,666.670,0.000,100.000
Grenada,2006,GRD,110149,0.170,0.170,647.060,0.000,100.000
Grenada,2007,GRD,110532,0.180,0.180,666.670,0.000,100.000
Grenada,2008,GRD,110911,0.190,0.190,684.210,0.000,100.000
Grenada,2009,GRD,111266,0.200,0.200,650.000,0.000,100.000
Grenada,2010,GRD,111600,0.210,0.210,666.670,0.000,100.000
Grenada,2011,GRD,112093,0.200,0.200,650.000,0.000,100.000
Grenada,2012,GRD,112792,0.200,0.200,650.000,0.000,100.000
Grenada,2013,GRD,113499,0.200,0.200,650.000,0.000,100.000
Grenada,2014,GRD,114148,0.200,0.200,650.000,0.000,100.000
Grenada,2015,GRD,114691,0.210,0.210,666.670,0.000,100.000
Grenada,2016,GRD,115147,0.220,0.220,636.360,0.000,100.000
Grenada,2017,GRD,115448,0.230,0.230,652.170,0.000,100.000
Grenada,2018,GRD,115703,0.230,0.230,652.170,0.000,100.000
Grenada,2019,GRD,115995,0.240,0.240,666.670,0.000,100.000
Grenada,2020,GRD,116353,0.220,0.220,636.360,0.000,100.000
Grenada,2021,GRD,116696,0.230,0.230,652.170,0.000,100.000
Grenada,2022,GRD,116928,0.240,0.240,666.670,0.000,100.000
Grenada,2023,GRD,117094,0.240,0.240,666.670,0.000,100.000
Grenada,2024,GRD,117218,0.240,0.240,666.670,0.000,100.000
Guadeloupe,2000,GLP,419565,1.220,1.220,672.130,9.836,90.164
Guadeloupe,2001,GLP,417844,1.290,1.290,666.670,8.527,91.473
Guadeloupe,2002,GLP,415762,1.330,1.330,654.140,10.526,89.474
Guadeloupe,2003,GLP,413418,1.380,1.380,659.420,9.420,90.580
Guadeloupe,2004,GLP,410859,1.430,1.430,636.360,11.888,88.112
Guadeloupe,2005,GLP,408085,1.500,1.500,620.000,14.000,86.000
Guadeloupe,2006,GLP,407230,1.530,1.530,633.990,13.072,86.928
Guadeloupe,2007,GLP,408303,1.600,1.600,625.000,13.750,86.250
Guadeloupe,2008,GLP,408987,1.610,1.610,621.120,13.665,86.335
Guadeloupe,2009,GLP,408998,1.630,1.630,613.500,11.656,88.344
Guadeloupe,2010,GLP,408815,1.730,1.730,641.620,8.671,91.329
Guadeloupe,2011,GLP,409063,1.680,1.680,648.810,11.905,88.095
Guadeloupe,2012,GLP,409153,1.720,1.720,633.720,15.116,84.884
Guadeloupe,2013,GLP,408367,1.740,1.740,614.940,17.816,82.184
Guadeloupe,2014,GLP,406652,1.740,1.740,603.450,18.391,81.609
Guadeloupe,2015,GLP,403950,1.760,1.760,596.590,17.614,82.386
Guadeloupe,2016,GLP,404642,1.770,1.770,610.170,16.949,83.051
Guadeloupe,2017,GLP,412701,1.760,1.760,596.590,20.455,79.545
Guadeloupe,2018,GLP,415184,1.710,1.710,584.800,21.637,78.363
Guadeloupe,2019,GLP,410266,1.720,1.720,569.770,21.512,78.488
Guadeloupe,2020,GLP,407401,1.700,1.700,547.060,24.118,75.882
Guadeloupe,2021,GLP,399157,1.660,1.660,500.000,33.735,66.265
Guadeloupe,2022,GLP,384702,1.640,1.640,493.900,34.756,65.244
Guadeloupe,2023,GLP,376518,1.670,1.670,497.010,35.329,64.671
Guam,2000,GUM,160078,1.940,1.940,659.790,0.000,100.000
Guam,2001,GUM,161339,1.950,1.950,656.410,0.000,100.000
Guam,2002,GUM,162326,1.720,1.720,656.980,0.000,100.000
Guam,2003,GUM,163146,1.780,1.780,657.300,0.000,100.000
Guam,2004,GUM,163815,1.880,1.880,659.570,0.000,100.000
Guam,2005,GUM,164373,1.900,1.900,657.900,0.000,100.000
Guam,2006,GUM,164848,1.890,1.890,656.090,0.000,100.000
Guam,2007,GUM,165278,1.880,1.880,659.570,0.000,100.000
Guam,2008,GUM,165704,1.880,1.880,659.570,0.000,100.000
Guam,2009,GUM,166189,1.870,1.870,657.750,0.000,100.000
Guam,2010,GUM,166533,1.870,1.870,657.750,0.000,100.000
Guam,2011,GUM,166554,1.840,1.840,657.610,0.000,100.000
Guam,2012,GUM,166348,1.780,1.780,657.300,0.000,100.000
Guam,2013,GUM,165979,1.740,1.740,655.170,0.000,100.000
Guam,2014,GUM,165492,1.700,1.700,658.820,0.000,100.000
Guam,2015,GUM,164914,1.710,1.710,649.120,1.754,98.246
Guam,2016,GUM,164240,1.740,1.740,632.180,4.023,95.977
Guam,2017,GUM,163501,1.770,1.770,638.420,3.390,96.610
Guam,2018,GUM,162689,1.730,1.730,630.060,4.046,95.954
Guam,2019,GUM,161819,1.750,1.750,628.570,4.571,95.429
Guam,2020,GUM,162167,1.710,1.710,625.730,4.678,95.322
Guam,2021,GUM,163741,1.740,1.740,626.440,4.598,95.402
Guam,2022,GUM,165193,1.800,1.800,611.110,7.778,92.222
Guam,2023,GUM,166522,1.800,1.800,611.110,7.778,92.222
Guam,2024,GUM,167790,1.860,1.860,607.530,8.602,91.398
Guatemala,2000,GTM,11697592,5.760,6.460,374.610,50.155,49.845
Guatemala,2001,GTM,11969423,6.420,6.730,426.450,43.685,56.315
Guatemala,2002,GTM,12246923,6.280,6.660,454.960,39.640,60.360
Guatemala,2003,GTM,12525843,6.510,6.910,393.630,48.770,51.230
Guatemala,2004,GTM,12807409,6.000,6.420,389.410,50.935,49.065
Guatemala,2005,GTM,13087637,6.640,6.950,358.270,56.115,43.885
Guatemala,2006,GTM,13367455,7.790,7.870,368.490,53.494,46.506
Guatemala,2007,GTM,13652042,8.600,8.720,389.910,50.917,49.083
Guatemala,2008,GTM,13935172,8.610,8.680,355.990,54.954,45.046
Guatemala,2009,GTM,14215614,8.850,8.910,405.160,45.791,54.209
Guatemala,2010,GTM,14500118,9.060,8.840,316.740,63.688,36.312
Guatemala,2011,GTM,14792123,9.090,8.760,315.070,62.671,37.329
Guatemala,2012,GTM,15089639,9.390,9.360,295.940,66.667,33.333
Guatemala,2013,GTM,15387339,9.800,10.120,301.380,67.589,32.411
Guatemala,2014,GTM,15681725,10.140,10.640,300.750,68.421,31.579
Guatemala,2015,GTM,15971745,10.670,11.170,368.850,61.146,38.854
Guatemala,2016,GTM,16268761,11.270,11.860,371.840,61.804,38.196
Guatemala,2017,GTM,16567363,11.370,12.340,312.800,68.639,31.361
Guatemala,2018,GTM,16845688,11.580,13.250,340.380,66.113,33.887
Guatemala,2019,GTM,17103803,11.650,12.700,363.780,63.858,36.142
Guatemala,2020,GTM,17357331,12.350,12.420,265.700,75.765,24.235
Guatemala,2021,GTM,17598652,15.500,15.470,285.710,73.497,26.503
Guatemala,2022,GTM,17847877,13.860,13.480,191.400,84.644,15.356
Guatemala,2023,GTM,18124841,15.790,14.910,309.860,67.270,32.730
Guatemala,2024,GTM,18406366,16.350,15.790,301.460,68.334,31.666
Guinea,2000,GIN,8428837,0.810,0.810,333.330,50.617,49.383
Guinea,2001,GIN,8539963,0.960,0.960,291.670,57.292,42.708
Guinea,2002,GIN,8674072,1.010,1.010,287.130,58.416,41.584
Guinea,2003,GIN,8870790,0.860,0.860,360.470,46.512,53.488
Guinea,2004,GIN,9062724,0.900,0.900,266.670,61.111,38.889
Guinea,2005,GIN,9245844,0.790,0.790,265.820,62.025,37.975
Guinea,2006,GIN,9441174,0.730,0.730,260.270,63.014,36.986
Guinea,2007,GIN,9662278,0.780,0.780,217.950,67.949,32.051
Guinea,2008,GIN,9898870,0.810,0.810,246.910,64.198,35.802
Guinea,2009,GIN,10143540,0.800,0.800,237.500,65.000,35.000
Guinea,2010,GIN,10396090,0.630,0.630,174.600,76.190,23.810
Guinea,2011,GIN,10656812,0.550,0.550,181.820,74.545,25.455
Guinea,2012,GIN,10921580,0.730,0.730,232.880,67.123,32.877
Guinea,2013,GIN,11191874,0.650,0.650,184.620,73.846,26.154
Guinea,2014,GIN,11472921,0.710,0.710,281.690,59.155,40.845
Guinea,2015,GIN,11767077,1.140,1.140,157.900,78.947,21.053
Guinea,2016,GIN,12073031,1.610,1.610,229.810,68.323,31.677
Guinea,2017,GIN,12385668,1.770,1.770,220.340,69.492,30.508
Guinea,2018,GIN,12704776,1.940,1.940,262.890,62.371,37.629
Guinea,2019,GIN,13034349,2.050,2.050,253.660,63.902,36.098
Guinea,2020,GIN,13371185,2.480,2.480,274.190,60.887,39.113
Guinea,2021,GIN,13710515,3.640,3.640,192.310,73.077,26.923
Guinea,2022,GIN,14055136,4.000,4.000,185.000,74.500,25.500
Guinea,2023,GIN,14405469,4.000,4.000,185.000,74.500,25.500
Guinea,2024,GIN,14754779,4.030,4.030,181.140,75.186,24.814
Guinea-Bissau,2000,GNB,1234747,0.030,0.030,666.670,0.000,100.000
Guinea-Bissau,2001,GNB,1261281,0.020,0.020,500.000,0.000,100.000
Guinea-Bissau,2002,GNB,1289317,0.020,0.020,500.000,0.000,100.000
Guinea-Bissau,2003,GNB,1318809,0.020,0.020,500.000,0.000,100.000
Guinea-Bissau,2004,GNB,1349569,0.030,0.030,666.670,0.000,100.000
Guinea-Bissau,2005,GNB,1381590,0.030,0.030,666.670,0.000,100.000
Guinea-Bissau,2006,GNB,1415315,0.030,0.030,666.670,0.000,100.000
Guinea-Bissau,2007,GNB,1450989,0.030,0.030,666.670,0.000,100.000
Guinea-Bissau,2008,GNB,1488059,0.030,0.030,666.670,0.000,100.000
Guinea-Bissau,2009,GNB,1526384,0.030,0.030,666.670,0.000,100.000
Guinea-Bissau,2010,GNB,1566352,0.030,0.030,666.670,0.000,100.000
Guinea-Bissau,2011,GNB,1608084,0.030,0.030,666.670,0.000,100.000
Guinea-Bissau,2012,GNB,1651425,0.030,0.030,666.670,0.000,100.000
Guinea-Bissau,2013,GNB,1695980,0.020,0.020,500.000,0.000,100.000
Guinea-Bissau,2014,GNB,1741126,0.030,0.030,666.670,0.000,100.000
Guinea-Bissau,2015,GNB,1786461,0.060,0.060,666.670,0.000,100.000
Guinea-Bissau,2016,GNB,1831898,0.080,0.080,625.000,0.000,100.000
Guinea-Bissau,2017,GNB,1877074,0.080,0.080,625.000,0.000,100.000
Guinea-Bissau,2018,GNB,1922167,0.080,0.080,625.000,0.000,100.000
Guinea-Bissau,2019,GNB,1967704,0.080,0.080,625.000,0.000,100.000
Guinea-Bissau,2020,GNB,2013259,0.080,0.080,625.000,0.000,100.000
Guinea-Bissau,2021,GNB,2058841,0.080,0.080,625.000,0.000,100.000
Guinea-Bissau,2022,GNB,2105535,0.080,0.080,625.000,0.000,100.000
Guinea-Bissau,2023,GNB,2153343,0.080,0.080,625.000,0.000,100.000
Guinea-Bissau,2024,GNB,2201360,0.080,0.080,625.000,0.000,100.000
Guyana,2000,GUY,764836,0.900,0.900,655.560,1.111,98.889
Guyana,2001,GUY,764484,0.920,0.920,652.170,1.087,98.913
Guyana,2002,GUY,763657,0.920,0.920,652.170,1.087,98.913
Guyana,2003,GUY,763107,0.820,0.820,646.340,1.220,98.780
Guyana,2004,GUY,762424,0.860,0.860,651.160,1.163,98.837
Guyana,2005,GUY,760922,0.650,0.650,646.150,1.538,98.462
Guyana,2006,GUY,758976,0.660,0.660,651.520,1.515,98.485
Guyana,2007,GUY,756874,0.700,0.700,642.860,1.429,98.571
Guyana,2008,GUY,754614,0.710,0.710,647.890,1.408,98.592
Guyana,2009,GUY,752097,0.830,0.830,650.600,1.205,98.795
Guyana,2010,GUY,749259,0.900,0.900,644.440,4.444,95.556
Guyana,2011,GUY,746161,0.950,0.950,631.580,5.263,94.737
Guyana,2012,GUY,746296,0.960,0.960,645.830,4.167,95.833
Guyana,2013,GUY,750020,0.980,0.980,642.860,4.082,95.918
Guyana,2014,GUY,754231,1.000,1.000,640.000,4.000,96.000
Guyana,2015,GUY,758783,1.010,1.010,643.560,3.960,96.040
Guyana,2016,GUY,763553,1.100,1.100,645.460,3.636,96.364
Guyana,2017,GUY,768483,1.120,1.120,642.860,3.571,96.429
Guyana,2018,GUY,791563,1.140,1.140,640.350,2.632,97.368
Guyana,2019,GUY,807668,1.150,1.150,634.780,3.478,96.522
Guyana,2020,GUY,807486,1.140,1.140,640.350,2.632,97.368
Guyana,2021,GUY,815484,1.140,1.140,640.350,3.509,96.491
Guyana,2022,GUY,821638,1.280,1.280,648.440,2.344,97.656
Guyana,2023,GUY,826357,1.380,1.380,644.930,2.899,97.101
Guyana,2024,GUY,831092,1.380,1.380,644.930,2.899,97.101
Haiti,2000,HTI,8303151,0.540,0.540,333.330,51.852,48.148
Haiti,2001,HTI,8455917,0.590,0.590,355.930,47.458,52.542
Haiti,2002,HTI,8607648,0.550,0.550,363.640,47.273,52.727
Haiti,2003,HTI,8759913,0.530,0.530,358.490,47.170,52.830
Haiti,2004,HTI,8910267,0.550,0.550,363.640,47.273,52.727
Haiti,2005,HTI,9061274,0.550,0.550,363.640,47.273,52.727
Haiti,2006,HTI,9216569,0.570,0.570,368.420,47.368,52.632
Haiti,2007,HTI,9373300,0.460,0.460,434.780,32.609,67.391
Haiti,2008,HTI,9530782,0.490,0.490,408.160,36.735,63.265
Haiti,2009,HTI,9689585,0.710,0.710,478.870,28.169,71.831
Haiti,2010,HTI,9803299,0.680,0.680,500.000,25.000,75.000
Haiti,2011,HTI,9914904,0.990,0.990,575.760,12.121,87.879
Haiti,2012,HTI,10069770,1.100,1.100,536.360,20.000,80.000
Haiti,2013,HTI,10222365,1.050,1.050,571.430,13.333,86.667
Haiti,2014,HTI,10373241,1.030,1.030,601.940,8.738,91.262
Haiti,2015,HTI,10523249,1.030,1.030,611.650,7.767,92.233
Haiti,2016,HTI,10671462,1.080,1.080,611.110,6.481,93.519
Haiti,2017,HTI,10817759,1.060,1.060,575.470,12.264,87.736
Haiti,2018,HTI,10962373,1.040,1.040,538.460,18.269,81.731
Haiti,2019,HTI,11105165,1.060,1.060,556.600,16.038,83.962
Haiti,2020,HTI,11243846,1.020,1.020,568.630,13.725,86.275
Haiti,2021,HTI,11374592,1.030,1.030,572.820,12.621,87.379
Haiti,2022,HTI,11503603,1.010,1.010,534.650,18.812,81.188
Haiti,2023,HTI,11637402,0.850,0.850,505.880,22.353,77.647
Haiti,2024,HTI,11772562,0.860,0.860,534.880,18.605,81.395
High-income countries,2000,,1253937735,10772.271,10782.620,497.644,15.592,62.197
High-income countries,2001,,1260506416,10802.771,10811.350,496.708,14.849,62.436
High-income countries,2002,,1267822166,11041.729,11047.229,497.105,14.778,62.709
High-income countries,2003,,1275305584,11195.710,11196.490,507.185,14.481,63.990
High-income countries,2004,,1282405681,11463.270,11454.380,498.590,14.776,63.272
High-income countries,2005,,1289639261,11737.860,11731.330,498.881,14.888,63.599
High-income countries,2006,,1297063813,11872.600,11866.880,495.812,15.075,63.424
High-income countries,2007,,1305649028,12144.880,12145.609,501.031,14.940,64.600
High-income countries,2008,,1314867453,12176.190,12176.819,494.804,15.575,64.115
High-income countries,2009,,1323319806,11731.730,11728.100,478.714,16.722,62.493
High-income countries,2010,,1331186276,12246.540,12239.250,479.168,16.742,62.890
High-income countries,2011,,1339286565,12214.050,12220.780,478.378,17.729,63.047
High-income countries,2012,,1347506296,12252.670,12260.350,479.704,18.534,63.868
High-income countries,2013,,1355469061,12263.030,12257.271,474.454,19.816,62.545
High-income countries,2014,,1363592543,12267.880,12266.649,468.173,20.464,61.706
High-income countries,2015,,1372281696,12348.090,12346.040,456.982,21.089,61.256
High-income countries,2016,,1380894709,12481.370,12479.130,445.650,21.855,60.714
High-income countries,2017,,1388094202,12548.750,12557.250,440.667,22.738,60.070
High-income countries,2018,,1394159697,12739.800,12730.430,432.122,23.498,59.421
High-income countries,2019,,1400146576,12627.060,12627.570,413.927,24.357,58.137
High-income countries,2020,,1403650770,12305.460,12311.240,392.903,26.940,56.024
High-income countries,2021,,1404873283,12720.610,12725.891,399.355,26.854,56.261
High-income countries,2022,,1410112397,12831.840,12850.920,398.503,27.706,56.464
High-income countries,2023,,1416794460,12705.280,12720.200,378.213,29.409,54.275
High-income countries,2024,,1420176158,13013.130,13028.190,368.634,30.663,53.036
Honduras,2000,HND,6577781,3.920,3.640,263.740,61.813,38.187
Honduras,2001,HND,6757992,4.220,3.910,345.270,49.616,50.384
Honduras,2002,HND,6938866,4.560,4.150,404.820,40.723,59.277
Honduras,2003,HND,7119213,5.010,4.680,405.980,41.026,58.974
Honduras,2004,HND,7299003,5.540,5.160,455.430,34.109,65.891
Honduras,2005,HND,7478362,5.580,5.530,452.080,33.092,66.908
Honduras,2006,HND,7656832,5.980,5.960,429.530,36.745,63.255
Honduras,2007,HND,7834806,6.300,6.290,426.070,37.520,62.480
Honduras,2008,HND,8012590,6.470,6.480,421.300,38.117,61.883
Honduras,2009,HND,8189904,6.810,6.860,371.720,47.376,52.624
Honduras,2010,HND,8365881,7.210,7.200,361.110,48.611,51.389
Honduras,2011,HND,8540587,7.510,7.470,382.870,46.051,53.949
Honduras,2012,HND,8715081,7.920,7.840,380.100,46.429,53.571
Honduras,2013,HND,8889276,8.320,8.210,393.420,44.093,55.907
Honduras,2014,HND,9063127,8.620,8.300,410.840,40.602,59.398
Honduras,2015,HND,9237306,9.160,9.010,394.010,44.062,55.938
Honduras,2016,HND,9412380,9.600,9.300,368.820,48.065,51.935
Honduras,2017,HND,9588144,9.800,9.380,311.300,57.356,42.644
Honduras,2018,HND,9765209,10.070,9.710,276.000,62.822,37.178
Honduras,2019,HND,9943637,10.910,10.660,342.400,52.908,47.092
Honduras,2020,HND,10119638,10.420,10.140,326.430,54.635,45.365
Honduras,2021,HND,10289881,11.320,11.120,284.170,61.421,38.579
Honduras,2022,HND,10463880,11.520,11.330,296.560,59.665,40.335
Honduras,2023,HND,10644853,12.630,12.490,328.260,54.363,45.637
Honduras,2024,HND,10825704,12.630,12.480,322.120,55.449,44.551
Hong Kong,2000,HKG,6704665,40.280,31.260,792.390,0.000,100.000
Hong Kong,2001,HKG,6774243,41.130,32.360,796.350,0.000,100.000
Hong Kong,2002,HKG,6821412,42.240,34.230,807.190,0.000,100.000
Hong Kong,2003,HKG,6858906,42.820,35.430,866.500,0.000,100.000
Hong Kong,2004,HKG,6888164,43.800,37.050,829.420,0.000,100.000
Hong Kong,2005,HKG,6908483,44.880,38.380,835.070,0.000,100.000
Hong Kong,2006,HKG,6931089,44.910,38.540,828.750,0.000,100.000
Hong Kong,2007,HKG,6971344,45.800,38.880,847.220,0.000,100.000
Hong Kong,2008,HKG,7020689,45.680,37.930,825.470,0.000,100.000
Hong Kong,2009,HKG,7064464,46.480,38.620,837.130,0.000,100.000
Hong Kong,2010,HKG,7101614,46.670,38.230,799.900,0.105,99.895
Hong Kong,2011,HKG,7142969,47.350,38.970,838.340,0.103,99.897
Hong Kong,2012,HKG,7201059,48.500,38.530,812.090,0.104,99.896
Hong Kong,2013,HKG,7264330,48.070,39.010,854.400,0.103,99.897
Hong Kong,2014,HKG,7319502,48.800,39.740,860.590,0.101,99.899
Hong Kong,2015,HKG,7366411,48.420,37.860,814.840,0.185,99.815
Hong Kong,2016,HKG,7408006,48.540,38.120,815.320,0.367,99.633
Hong Kong,2017,HKG,7444889,48.170,36.940,810.500,0.406,99.594
Hong Kong,2018,HKG,7471190,48.610,36.570,790.270,0.410,99.590
Hong Kong,2019,HKG,7485817,49.320,36.940,776.670,0.433,99.567
Hong Kong,2020,HKG,7490240,47.050,34.350,684.130,0.553,99.447
Hong Kong,2021,HKG,7484604,48.780,36.220,691.610,0.718,99.282
Hong Kong,2022,HKG,7465913,48.450,36.100,682.270,0.914,99.086
Hong Kong,2023,HKG,7442738,49.340,37.750,674.440,0.954,99.046
Hong Kong,2024,HKG,7414914,48.810,37.440,675.480,1.042,98.958
Hungary,2000,HUN,10190598,38.630,35.190,450.980,0.682,59.022
Hungary,2001,HUN,10166693,39.590,36.420,439.040,0.714,60.489
Hungary,2002,HUN,10138461,40.410,36.150,432.370,0.636,60.775
Hungary,2003,HUN,10108970,41.070,34.130,468.800,0.967,66.774
Hungary,2004,HUN,10085788,41.180,33.710,431.330,2.788,61.881
Hungary,2005,HUN,10065703,41.980,35.750,382.660,5.231,56.084
Hungary,2006,HUN,10049946,43.060,35.850,389.960,4.156,58.298
Hungary,2007,HUN,10034084,43.950,39.960,385.890,4.705,58.559
Hungary,2008,HUN,10016653,43.920,40.020,376.060,5.872,57.096
Hungary,2009,HUN,10001381,41.420,35.910,343.920,8.048,48.984
Hungary,2010,HUN,9979128,42.560,37.360,341.010,8.084,49.732
Hungary,2011,HUN,9946675,42.660,36.020,341.200,7.524,48.917
Hungary,2012,HUN,9916621,42.590,34.620,332.760,7.626,46.765
Hungary,2013,HUN,9889344,42.150,30.270,317.480,9.184,40.040
Hungary,2014,HUN,9862843,42.780,29.390,300.100,10.752,35.999
Hungary,2015,HUN,9839211,44.020,30.330,299.040,10.617,37.191
Hungary,2016,HUN,9810529,44.590,31.880,300.190,10.194,39.460
Hungary,2017,HUN,9785608,45.800,32.920,290.710,10.571,40.522
Hungary,2018,HUN,9774395,46.400,32.050,284.560,11.763,39.158
Hungary,2019,HUN,9770346,46.860,34.280,266.040,13.711,38.769
Hungary,2020,HUN,9749459,46.600,34.920,257.450,15.808,38.202
Hungary,2021,HUN,9707848,48.850,36.100,238.500,19.141,36.565
Hungary,2022,HUN,9684308,47.930,35.780,228.900,21.409,34.405
Hungary,2023,HUN,9686465,46.640,35.540,196.120,26.393,28.813
Hungary,2024,HUN,9676135,48.730,38.000,184.470,31.474,26.368
Hungary,2025,HUN,9632286,48.900,40.240,163.020,35.313,24.677
Iceland,2000,ISL,281293,7.610,7.610,26.280,100.000,0.000
Iceland,2001,ISL,285058,7.960,7.960,25.130,100.000,0.000
Iceland,2002,ISL,287609,8.350,8.350,26.350,99.880,0.120
Iceland,2003,ISL,289616,8.440,8.440,27.250,99.882,0.118
Iceland,2004,ISL,292172,8.540,8.540,26.930,100.000,0.000
Iceland,2005,ISL,296852,8.610,8.610,26.710,100.000,0.000
Iceland,2006,ISL,303883,9.850,9.850,27.410,100.000,0.000
Iceland,2007,ISL,311662,11.890,11.890,27.750,100.000,0.000
Iceland,2008,ISL,317519,16.340,16.340,26.930,100.000,0.000
Iceland,2009,ISL,318619,16.710,16.710,27.530,100.000,0.000
Iceland,2010,ISL,318163,16.740,16.740,27.480,100.000,0.000
Iceland,2011,ISL,319139,16.850,16.850,27.300,100.000,0.000
Iceland,2012,ISL,320851,17.290,17.290,27.760,100.000,0.000
Iceland,2013,ISL,323891,17.990,17.990,27.790,100.000,0.000
Iceland,2014,ISL,327517,17.800,17.800,28.090,100.000,0.000
Iceland,2015,ISL,330962,18.550,18.550,27.490,100.000,0.000
Iceland,2016,ISL,335571,18.170,18.170,27.520,100.000,0.000
Iceland,2017,ISL,343537,19.070,19.070,27.270,100.000,0.000
Iceland,2018,ISL,352860,19.690,19.690,28.440,100.000,0.000
Iceland,2019,ISL,360709,19.360,19.360,28.410,100.000,0.000
Iceland,2020,ISL,366626,18.890,18.890,28.060,100.000,0.000
Iceland,2021,ISL,372647,19.390,19.390,27.850,100.000,0.000
Iceland,2022,ISL,380368,19.870,19.870,27.680,100.000,0.000
Iceland,2023,ISL,387559,19.810,19.810,27.760,100.000,0.000
Iceland,2024,ISL,393404,19.050,19.050,27.820,100.000,0.000
India,2000,IND,1057922731,572.690,571.390,740.040,14.048,83.192
India,2001,IND,1077898579,587.380,586.090,747.390,13.000,83.777
India,2002,IND,1097600380,610.990,609.640,755.760,11.938,84.888
India,2003,IND,1116803000,639.820,638.130,758.010,11.695,85.462
India,2004,IND,1135991509,700.020,698.320,723.790,15.638,81.318
India,2005,IND,1154676321,706.070,704.520,734.030,15.254,82.229
India,2006,IND,1172878888,747.170,744.430,723.040,17.135,80.496
India,2007,IND,1190676028,801.200,796.260,717.870,17.802,79.959
India,2008,IND,1207930960,834.250,828.410,733.080,16.768,81.393
India,2009,IND,1225524764,883.930,878.630,744.550,15.166,82.920
India,2010,IND,1243481565,941.940,936.390,739.430,15.114,82.421
India,2011,IND,1261224956,1037.440,1032.320,722.110,16.656,80.223
India,2012,IND,1278674501,1093.060,1088.420,742.860,14.868,82.087
India,2013,IND,1295829507,1145.180,1141.230,738.990,16.034,81.047
India,2014,IND,1312277184,1259.250,1258.680,743.220,15.770,81.473
India,2015,IND,1328024494,1310.650,1310.560,750.630,14.625,82.452
India,2016,IND,1343944296,1393.840,1394.930,751.870,14.438,82.845
India,2017,IND,1359657398,1460.800,1462.390,743.090,15.451,81.990
India,2018,IND,1374659067,1567.810,1571.650,737.720,16.294,81.222
India,2019,IND,1389030307,1597.840,1600.980,722.660,17.617,79.563
India,2020,IND,1402617694,1563.320,1563.430,709.060,19.007,78.140
India,2021,IND,1414203896,1678.690,1678.720,715.340,18.791,78.593
India,2022,IND,1425423209,1802.880,1804.610,705.750,20.190,77.250
India,2023,IND,1438069597,1916.200,1918.260,713.360,19.287,78.201
India,2024,IND,1450935785,2034.220,2036.520,705.400,19.808,77.506
India,2025,IND,1463865527,2082.820,2081.600,670.130,24.067,73.347
Indonesia,2000,IDN,216077789,98.040,98.040,630.660,19.992,80.008
Indonesia,2001,IDN,219097905,106.160,106.160,626.040,20.902,79.098
Indonesia,2002,IDN,222088499,113.040,113.040,643.490,18.577,81.423
Indonesia,2003,IDN,225048005,117.390,117.390,656.530,16.884,83.116
Indonesia,2004,IDN,227926649,124.780,124.780,653.710,16.806,83.194
Indonesia,2005,IDN,230871648,132.890,132.890,650.540,17.052,82.948
Indonesia,2006,IDN,233951650,138.000,138.000,668.120,15.348,84.652
Indonesia,2007,IDN,237062338,148.400,148.400,663.140,16.368,83.632
Indonesia,2008,IDN,240157902,155.900,155.900,652.980,16.895,83.105
Indonesia,2009,IDN,243220024,162.870,162.870,660.650,16.449,83.551
Indonesia,2010,IDN,246305327,177.560,177.560,636.910,19.503,80.497
Indonesia,2011,IDN,249470029,191.880,191.880,667.240,15.875,84.125
Indonesia,2012,IDN,252698525,208.960,208.960,687.120,14.888,85.112
Indonesia,2013,IDN,255852464,225.180,225.180,682.170,15.765,84.235
Indonesia,2014,IDN,258877395,237.550,237.540,691.590,14.486,85.514
Indonesia,2015,IDN,261799249,243.290,243.280,696.320,13.795,86.205
Indonesia,2016,IDN,264627429,258.240,257.550,689.030,15.368,84.632
Indonesia,2017,IDN,267346654,266.950,265.830,688.490,16.247,83.753
Indonesia,2018,IDN,269951847,285.290,283.790,684.060,17.048,82.952
Indonesia,2019,IDN,272489381,297.120,295.440,693.810,16.260,83.740
Indonesia,2020,IDN,274814861,293.370,291.820,685.150,18.124,81.876
Indonesia,2021,IDN,276758056,310.330,309.360,684.410,18.167,81.833
Indonesia,2022,IDN,278830527,334.340,333.540,675.810,19.611,80.389
Indonesia,2023,IDN,281190068,351.490,350.600,680.800,18.597,81.403
Indonesia,2024,IDN,283487933,372.500,371.540,680.250,18.090,81.910
Iran,2000,IRN,66418661,118.670,119.350,667.450,3.201,96.799
Iran,2001,IRN,67452005,127.290,127.590,667.760,3.253,96.747
Iran,2002,IRN,68011318,138.410,138.230,651.810,5.816,94.184
Iran,2003,IRN,68769343,152.220,151.650,648.990,6.344,93.656
Iran,2004,IRN,70256316,163.090,162.760,641.560,7.361,92.639
Iran,2005,IRN,71828455,176.390,177.070,636.300,8.200,91.800
Iran,2006,IRN,73392747,193.200,193.430,624.720,9.637,90.363
Iran,2007,IRN,74602648,202.440,203.120,630.860,8.911,91.089
Iran,2008,IRN,75514201,208.300,210.490,662.360,3.630,96.370
Iran,2009,IRN,76457831,217.730,221.810,666.830,3.133,96.867
Iran,2010,IRN,77420851,231.990,235.680,661.240,4.425,95.575
Iran,2011,IRN,78383602,230.580,235.590,654.060,4.631,95.322
Iran,2012,IRN,79370583,241.610,248.740,648.350,5.146,94.271
Iran,2013,IRN,80414689,250.980,258.860,633.620,5.741,92.614
Iran,2014,IRN,81502045,269.740,275.630,644.120,5.351,93.172
Iran,2015,IRN,82619365,277.570,280.240,650.840,4.785,93.966
Iran,2016,IRN,83812230,283.670,286.140,642.130,5.452,92.287
Iran,2017,IRN,85026761,300.850,305.170,641.680,5.787,91.932
Iran,2018,IRN,86117999,308.640,312.350,657.880,3.467,94.327
Iran,2019,IRN,87051649,312.020,318.880,607.820,11.010,86.979
Iran,2020,IRN,87723448,330.410,337.210,632.810,7.393,90.730
Iran,2021,IRN,88455490,349.610,356.410,659.830,4.377,94.630
Iran,2022,IRN,89524247,360.610,367.060,655.370,4.296,93.914
Iran,2023,IRN,90608708,375.290,382.020,641.380,6.473,91.788
Iran,2024,IRN,91567737,393.390,395.790,648.680,5.318,92.824
Iran,2025,IRN,92417684,395.600,395.780,659.530,3.843,94.300
Iraq,2000,IRQ,24424060,31.900,31.900,658.310,1.912,98.088
Iraq,2001,IRQ,25197842,32.250,32.250,656.430,1.922,98.078
Iraq,2002,IRQ,26006558,33.860,33.860,657.120,1.536,98.464
Iraq,2003,IRQ,26802660,28.330,28.330,655.490,1.518,98.482
Iraq,2004,IRQ,27577876,33.610,32.290,652.210,1.517,98.482
Iraq,2005,IRQ,28407450,31.640,30.400,554.930,19.737,80.263
Iraq,2006,IRQ,28616518,36.520,33.830,571.680,18.031,81.969
Iraq,2007,IRQ,28391606,35.440,33.240,574.610,17.268,82.732
Iraq,2008,IRQ,28971042,39.850,36.880,631.240,9.436,90.564
Iraq,2009,IRQ,30058207,43.440,37.850,635.930,8.534,91.466
Iraq,2010,IRQ,31045367,55.630,48.910,616.640,9.753,90.247
Iraq,2011,IRQ,32161425,61.130,53.900,640.260,6.308,93.692
Iraq,2012,IRQ,33654843,56.190,46.020,612.340,9.539,90.461
Iraq,2013,IRQ,35281987,68.140,58.900,620.200,8.166,91.834
Iraq,2014,IRQ,36550058,77.890,69.030,645.230,4.331,95.669
Iraq,2015,IRQ,37560535,79.810,70.640,654.450,3.695,96.305
Iraq,2016,IRQ,38469628,90.070,81.930,648.480,4.187,95.813
Iraq,2017,IRQ,39337358,99.220,93.580,666.810,2.394,97.606
Iraq,2018,IRQ,40265629,103.090,98.410,682.050,1.910,98.090
Iraq,2019,IRQ,41192172,121.760,115.210,668.870,4.357,95.643
Iraq,2020,IRQ,42116602,124.570,117.120,674.180,3.876,96.124
Iraq,2021,IRQ,43071208,125.560,120.460,677.740,3.096,96.904
Iraq,2022,IRQ,44070556,137.390,133.860,688.710,2.264,97.736
Iraq,2023,IRQ,45074055,151.830,145.010,685.130,1.214,98.786
Iraq,2024,IRQ,46042015,156.830,149.730,683.100,1.623,98.377
Ireland,2000,IRL,3802589,23.730,23.630,632.670,5.036,94.964
Ireland,2001,IRL,3862981,24.340,24.590,641.320,4.229,95.771
Ireland,2002,IRL,3928441,25.300,24.800,615.730,5.565,94.435
Ireland,2003,IRL,3992935,26.000,24.830,595.650,4.631,95.369
Ireland,2004,IRL,4066066,26.770,25.200,591.270,5.595,94.405
Ireland,2005,IRL,4155283,27.640,25.600,592.970,7.383,92.617
Ireland,2006,IRL,4268775,28.880,27.100,559.410,9.225,90.775
Ireland,2007,IRL,4393518,29.690,28.360,535.610,10.014,89.986
Ireland,2008,IRL,4485992,30.380,29.930,516.870,12.162,87.838
Ireland,2009,IRL,4533750,28.740,27.980,486.780,14.868,85.132
Ireland,2010,IRL,4559084,28.630,28.160,478.690,13.388,86.612
Ireland,2011,IRL,4579603,27.690,27.200,455.880,20.221,79.779
Ireland,2012,IRL,4600135,27.570,27.160,483.060,19.588,80.412
Ireland,2013,IRL,4624686,27.860,25.620,462.920,22.287,77.713
Ireland,2014,IRL,4658236,28.010,25.860,446.250,25.019,74.981
Ireland,2015,IRL,4702497,28.830,28.160,439.280,28.303,71.697
Ireland,2016,IRL,4753506,29.590,30.300,442.570,25.116,74.884
Ireland,2017,IRL,4810258,30.110,30.790,404.030,29.263,70.737
Ireland,2018,IRL,4872559,31.010,31.040,362.440,33.312,66.688
Ireland,2019,IRL,4933493,31.510,30.870,311.950,38.711,61.289
Ireland,2020,IRL,4982602,32.010,32.160,291.050,42.444,57.556
Ireland,2021,IRL,5028428,33.330,31.740,351.920,37.051,62.949
Ireland,2022,IRL,5110015,34.040,33.790,330.870,39.213,60.787
Ireland,2023,IRL,5196629,34.820,31.550,282.410,45.261,54.739
Ireland,2024,IRL,5255016,36.140,31.080,270.910,46.525,53.475
Ireland,2025,IRL,5308035,37.640,30.950,256.540,48.142,51.858
Israel,2000,ISR,6111194,41.200,42.660,794.420,0.070,99.930
Israel,2001,ISR,6259977,42.550,43.950,807.510,0.046,99.954
Israel,2002,ISR,6387714,44.110,45.500,811.650,0.066,99.934
Israel,2003,ISR,6502821,45.570,47.040,810.800,0.085,99.915
Israel,2004,ISR,6615084,45.820,47.280,803.720,0.085,99.915
Israel,2005,ISR,6728212,46.940,48.610,796.130,0.082,99.918
Israel,2006,ISR,6844029,48.720,50.560,783.430,0.040,99.960
Israel,2007,ISR,6962456,51.710,53.790,779.330,0.037,99.963
Israel,2008,ISR,7082621,53.120,56.790,758.410,0.070,99.930
Israel,2009,ISR,7206096,50.950,54.730,753.880,0.164,99.836
Israel,2010,ISR,7336735,54.580,58.550,740.730,0.290,99.710
Israel,2011,ISR,7471023,55.380,59.600,744.460,0.503,99.497
Israel,2012,ISR,7607781,58.580,63.010,761.780,0.778,99.222
Israel,2013,ISR,7749369,56.640,61.320,719.830,0.930,99.070
Israel,2014,ISR,7897173,56.020,60.860,705.390,1.577,98.423
Israel,2015,ISR,8052916,59.030,64.230,692.670,1.899,98.101
Israel,2016,ISR,8210006,61.460,67.010,662.140,2.537,97.463
Israel,2017,ISR,8361796,61.790,67.440,653.170,2.506,97.494
Israel,2018,ISR,8510067,63.160,69.020,643.580,2.724,97.276
Israel,2019,ISR,8657466,66.400,72.710,634.030,4.827,95.173
Israel,2020,ISR,8800380,66.500,72.740,615.210,6.104,93.896
Israel,2021,ISR,8942925,67.600,74.120,596.330,7.852,92.148
Israel,2022,ISR,9103143,69.950,76.870,583.320,9.718,90.282
Israel,2023,ISR,9256311,70.500,77.430,558.830,11.791,88.209
Israel,2024,ISR,9387015,74.000,80.400,540.550,13.806,86.194
Israel,2025,ISR,9517182,75.700,82.100,492.690,16.931,83.069
Italy,2000,ITA,57272200,314.290,269.940,501.670,18.845,81.155
Italy,2001,ITA,57305760,320.280,271.900,498.680,19.989,80.011
Italy,2002,ITA,57420636,328.130,277.530,523.080,17.407,82.593
Italy,2003,ITA,57739697,337.240,286.270,523.250,16.369,83.631
Italy,2004,ITA,58176736,339.340,293.710,510.980,18.341,81.659
Italy,2005,ITA,58519696,343.780,294.630,510.170,16.438,83.562
Italy,2006,ITA,58754434,350.600,305.610,506.760,16.570,83.430
Italy,2007,ITA,59108723,352.450,306.170,504.750,15.586,84.414
Italy,2008,ITA,59561687,351.600,311.570,485.510,18.667,81.333
Italy,2009,ITA,59904016,331.320,286.360,458.580,24.186,75.814
Italy,2010,ITA,60164212,340.790,296.630,446.450,25.948,74.052
Italy,2011,ITA,60367882,344.100,298.370,445.590,27.801,72.199
Italy,2012,ITA,60531522,338.350,295.250,438.170,31.235,68.765
Italy,2013,ITA,60653864,328.160,286.020,398.960,39.158,60.842
Italy,2014,ITA,60664169,320.250,276.530,379.310,43.641,56.359
Italy,2015,ITA,60575314,326.080,279.700,398.680,38.931,61.069
Italy,2016,ITA,60478103,322.980,285.950,389.580,37.772,62.228
Italy,2017,ITA,60390317,329.850,292.090,392.820,35.568,64.432
Italy,2018,ITA,60277496,329.960,286.060,366.880,39.995,60.005
Italy,2019,ITA,60130136,328.130,289.990,351.320,39.943,60.057
Italy,2020,ITA,59912763,309.010,276.810,334.200,42.231,57.769
Italy,2021,ITA,59729353,328.280,285.490,339.100,40.747,59.253
Italy,2022,ITA,59619106,323.160,280.170,377.840,35.857,64.143
Italy,2023,ITA,59499452,312.800,261.550,323.230,44.550,55.450
Italy,2024,ITA,59342870,318.560,267.560,281.400,50.172,49.828
Italy,2025,ITA,59146263,311.600,264.700,284.780,48.776,51.224
Jamaica,2000,JAM,2607827,6.770,6.770,633.680,4.579,95.421
Jamaica,2001,JAM,2624410,6.790,6.790,642.120,3.387,96.613
Jamaica,2002,JAM,2640582,6.960,6.960,645.120,2.155,97.845
Jamaica,2003,JAM,2656629,7.180,7.180,643.450,2.507,97.493
Jamaica,2004,JAM,2672227,7.250,7.250,640.000,3.172,96.828
Jamaica,2005,JAM,2687070,7.470,7.470,637.220,3.614,96.386
Jamaica,2006,JAM,2700973,7.500,7.500,636.000,3.733,96.267
Jamaica,2007,JAM,2713808,6.060,6.060,628.710,4.950,95.050
Jamaica,2008,JAM,2725633,4.230,4.230,619.390,6.147,93.853
Jamaica,2009,JAM,2737001,4.400,4.400,615.910,7.500,92.500
Jamaica,2010,JAM,2748573,4.320,4.320,615.740,7.639,92.361
Jamaica,2011,JAM,2760493,4.360,4.360,607.800,8.716,91.284
Jamaica,2012,JAM,2772432,4.310,4.310,600.930,10.209,89.791
Jamaica,2013,JAM,2783689,4.290,4.290,603.730,9.324,90.676
Jamaica,2014,JAM,2793756,4.260,4.260,600.940,9.859,90.141
Jamaica,2015,JAM,2802536,4.280,4.280,600.470,10.280,89.720
Jamaica,2016,JAM,2809919,4.490,4.490,587.970,12.249,87.751
Jamaica,2017,JAM,2815765,4.380,4.380,579.910,11.644,88.356
Jamaica,2018,JAM,2820103,3.960,3.960,558.080,14.646,85.354
Jamaica,2019,JAM,2823275,4.640,4.640,571.120,12.716,87.284
Jamaica,2020,JAM,2830745,4.280,4.280,553.740,13.785,86.215
Jamaica,2021,JAM,2837680,4.350,4.350,556.320,13.333,86.667
Jamaica,2022,JAM,2839150,4.490,4.490,561.250,12.918,87.082
Jamaica,2023,JAM,2839785,4.770,4.770,563.940,12.159,87.841
Jamaica,2024,JAM,2839182,4.920,4.920,563.010,12.602,87.398
Japan,2000,JPN,127027794,1099.670,1099.670,424.430,9.187,61.793
Japan,2001,JPN,127260144,1083.140,1083.140,424.020,9.077,61.329
Japan,2002,JPN,127484599,1103.070,1103.070,433.730,8.942,62.568
Japan,2003,JPN,127671254,1092.590,1092.590,476.320,10.263,68.679
Japan,2004,JPN,127815769,1121.190,1121.190,450.260,10.028,64.475
Japan,2005,JPN,127913331,1153.070,1153.070,461.800,8.914,65.672
Japan,2006,JPN,127997247,1164.350,1164.350,447.250,9.831,64.035
Japan,2007,JPN,128087683,1180.110,1180.110,470.190,8.623,67.734
Japan,2008,JPN,128155992,1183.700,1183.700,485.220,8.615,70.117
Japan,2009,JPN,128192471,1114.020,1114.020,460.210,8.732,66.614
Japan,2010,JPN,128185273,1156.040,1156.040,446.660,10.228,64.482
Japan,2011,JPN,128096430,1104.200,1104.200,505.340,10.279,74.966
Japan,2012,JPN,127928283,1106.880,1106.880,594.530,10.058,88.317
Japan,2013,JPN,127723642,1087.760,1087.760,595.900,11.082,87.575
Japan,2014,JPN,127486601,1062.720,1062.720,591.530,12.600,87.400
Japan,2015,JPN,127275868,1030.120,1030.120,578.050,14.952,84.610
Japan,2016,JPN,127159950,1063.700,1063.700,567.040,14.268,84.070
Japan,2017,JPN,127064686,1076.860,1076.860,558.030,15.164,82.136
Japan,2018,JPN,126913432,1082.930,1082.930,541.470,16.191,79.274
Japan,2019,JPN,126699421,1047.400,1047.400,528.490,16.843,76.890
Japan,2020,JPN,126304533,1011.030,1011.030,527.750,19.092,76.654
Japan,2021,JPN,125679342,1034.670,1034.670,514.490,20.117,73.967
Japan,2022,JPN,124997585,1040.570,1040.570,519.600,20.488,74.537
Japan,2023,JPN,124370947,1006.730,1006.730,492.450,22.137,70.169
Japan,2024,JPN,123753041,1016.390,1016.390,483.430,22.935,68.711
Japan,2025,JPN,123103480,1029.860,1029.860,477.260,23.569,67.295
Jordan,2000,JOR,5386945,7.790,7.370,658.070,0.543,99.457
Jordan,2001,JOR,5498900,7.800,7.540,657.830,0.531,99.469
Jordan,2002,JOR,5616077,8.440,8.120,656.400,0.616,99.384
Jordan,2003,JOR,5741837,9.000,8.030,657.530,0.623,99.377
Jordan,2004,JOR,5882066,9.750,8.960,670.760,0.670,99.330
Jordan,2005,JOR,6029597,10.390,9.650,672.540,0.622,99.378
Jordan,2006,JOR,6427377,11.580,11.120,678.960,0.540,99.460
Jordan,2007,JOR,6827235,12.860,12.830,682.780,0.546,99.454
Jordan,2008,JOR,6989874,14.370,14.150,684.100,0.495,99.505
Jordan,2009,JOR,7141763,14.520,14.280,686.280,0.490,99.510
Jordan,2010,JOR,7297046,15.390,14.780,679.970,0.474,99.526
Jordan,2011,JOR,7480431,16.290,14.640,664.620,0.410,99.590
Jordan,2012,JOR,7587133,17.270,16.590,661.240,0.422,99.578
Jordan,2013,JOR,7991812,17.580,17.260,664.540,0.348,99.652
Jordan,2014,JOR,8791715,18.640,18.270,657.910,0.383,99.617
Jordan,2015,JOR,9544730,19.610,19.060,666.840,1.207,98.793
Jordan,2016,JOR,10006369,19.960,19.670,659.890,4.372,95.628
Jordan,2017,JOR,10234227,20.770,20.780,643.410,6.737,93.263
Jordan,2018,JOR,10462310,20.460,20.370,621.010,10.604,89.396
Jordan,2019,JOR,10671893,20.670,20.530,596.690,14.418,85.582
Jordan,2020,JOR,10865232,20.890,20.700,566.670,18.937,81.063
Jordan,2021,JOR,11066356,21.580,21.360,540.260,22.987,77.013
Jordan,2022,JOR,11256269,22.640,22.570,539.210,23.128,76.872
Jordan,2023,JOR,11439220,23.840,23.770,542.280,21.960,78.040
Jordan,2024,JOR,11552885,23.730,23.670,529.790,24.081,75.919
Kazakhstan,2000,KAZ,15501108,54.660,51.640,781.180,14.582,85.418
Kazakhstan,2001,KAZ,15575550,57.180,55.380,783.680,14.590,85.410
Kazakhstan,2002,KAZ,15656680,58.720,58.330,775.240,15.241,84.759
Kazakhstan,2003,KAZ,15747377,62.390,63.860,793.770,13.498,86.502
Kazakhstan,2004,KAZ,15850164,64.780,66.950,813.000,12.039,87.961
Kazakhstan,2005,KAZ,15968118,67.790,67.920,811.690,11.572,88.428
Kazakhstan,2006,KAZ,16103718,71.880,71.660,804.770,10.843,89.157
Kazakhstan,2007,KAZ,16257212,76.700,76.620,802.530,10.663,89.337
Kazakhstan,2008,KAZ,16426527,80.640,80.350,832.110,9.284,90.716
Kazakhstan,2009,KAZ,16619851,78.060,78.730,848.720,8.739,91.261
Kazakhstan,2010,KAZ,16836808,83.810,82.650,835.570,9.704,90.296
Kazakhstan,2011,KAZ,17065996,87.370,86.580,841.650,9.101,90.899
Kazakhstan,2012,KAZ,17306115,91.940,90.620,852.680,8.431,91.569
Kazakhstan,2013,KAZ,17556502,91.760,92.610,854.880,8.347,91.653
Kazakhstan,2014,KAZ,17816285,93.470,94.640,851.440,8.738,91.262
Kazakhstan,2015,KAZ,18084175,91.650,91.650,836.120,10.311,89.689
Kazakhstan,2016,KAZ,18363600,93.380,94.630,814.960,12.660,87.340
Kazakhstan,2017,KAZ,18651931,98.760,103.120,831.850,11.288,88.712
Kazakhstan,2018,KAZ,18932725,103.800,107.280,841.160,10.170,89.830
Kazakhstan,2019,KAZ,19209556,103.420,106.480,839.410,10.415,89.585
Kazakhstan,2020,KAZ,19482116,107.900,108.640,835.880,10.990,89.010
Kazakhstan,2021,KAZ,19743607,114.520,115.080,833.250,10.940,89.060
Kazakhstan,2022,KAZ,20034612,114.890,113.440,831.010,11.707,88.293
Kazakhstan,2023,KAZ,20330109,115.660,113.590,826.660,12.730,87.270
Kazakhstan,2024,KAZ,20592574,120.920,118.510,802.040,15.214,84.786
Kazakhstan,2025,KAZ,20843758,126.100,123.690,805.320,14.860,85.140
Kenya,2000,KEN,30642893,4.510,4.310,403.710,40.371,59.629
Kenya,2001,KEN,31619170,4.980,4.810,282.740,59.459,40.541
Kenya,2002,KEN,32629809,5.370,5.150,188.350,76.699,23.301
Kenya,2003,KEN,33652233,5.670,5.480,156.930,81.934,18.066
Kenya,2004,KEN,34713453,6.320,6.160,228.900,70.455,29.545
Kenya,2005,KEN,35796485,6.700,6.700,250.750,66.716,33.284
Kenya,2006,KEN,36904010,7.470,7.510,274.300,62.850,37.150
Kenya,2007,KEN,38036354,6.630,6.670,203.900,74.063,25.937
Kenya,2008,KEN,39206349,6.130,6.150,214.630,72.683,27.317
Kenya,2009,KEN,40408887,6.560,6.550,290.080,60.611,39.389
Kenya,2010,KEN,41598570,7.160,7.160,199.720,74.441,25.559
Kenya,2011,KEN,42758467,7.830,7.830,233.720,69.221,30.779
Kenya,2012,KEN,43888306,8.180,8.170,179.930,77.479,22.521
Kenya,2013,KEN,44986794,8.080,8.080,174.510,78.342,21.658
Kenya,2014,KEN,46051441,9.330,9.200,188.040,76.413,23.587
Kenya,2015,KEN,47088528,9.820,9.810,103.980,89.806,10.194
Kenya,2016,KEN,48139683,9.730,9.680,108.470,89.256,10.744
Kenya,2017,KEN,49197757,11.050,10.830,163.440,80.886,19.114
Kenya,2018,KEN,50207109,11.390,11.300,117.700,86.283,13.717
Kenya,2019,KEN,51202829,11.760,11.560,102.940,88.668,11.332
Kenya,2020,KEN,52217327,11.800,11.680,71.920,93.579,6.421
Kenya,2021,KEN,53219167,12.650,12.380,96.120,89.822,10.178
Kenya,2022,KEN,54252458,13.260,12.960,109.570,87.809,12.191
Kenya,2023,KEN,55339007,13.690,12.800,96.880,89.766,10.234
Kenya,2024,KEN,56432946,14.750,13.260,85.220,91.478,8.522
Kenya,2025,KEN,57532491,15.580,14.040,95.440,90.028,9.972
Kiribati,2000,KIR,88632,0.010,0.010,1000.000,0.000,100.000
Kiribati,2001,KIR,90350,0.020,0.020,500.000,0.000,100.000
Kiribati,2002,KIR,92281,0.020,0.020,500.000,0.000,100.000
Kiribati,2003,KIR,94189,0.020,0.020,500.000,0.000,100.000
Kiribati,2004,KIR,96096,0.020,0.020,500.000,0.000,100.000
Kiribati,2005,KIR,98045,0.020,0.020,500.000,0.000,100.000
Kiribati,2006,KIR,100028,0.030,0.030,666.670,0.000,100.000
Kiribati,2007,KIR,102081,0.030,0.030,666.670,0.000,100.000
Kiribati,2008,KIR,104235,0.020,0.020,500.000,0.000,100.000
Kiribati,2009,KIR,106479,0.020,0.020,500.000,0.000,100.000
Kiribati,2010,KIR,108717,0.020,0.020,500.000,0.000,100.000
Kiribati,2011,KIR,110660,0.020,0.020,500.000,0.000,100.000
Kiribati,2012,KIR,112293,0.020,0.020,500.000,0.000,100.000
Kiribati,2013,KIR,113847,0.030,0.030,666.670,0.000,100.000
Kiribati,2014,KIR,115339,0.030,0.030,666.670,0.000,100.000
Kiribati,2015,KIR,116826,0.030,0.030,666.670,0.000,100.000
Kiribati,2016,KIR,118488,0.030,0.030,666.670,0.000,100.000
Kiribati,2017,KIR,120288,0.030,0.030,666.670,0.000,100.000
Kiribati,2018,KIR,122097,0.030,0.030,666.670,0.000,100.000
Kiribati,2019,KIR,123928,0.040,0.040,500.000,25.000,75.000
Kiribati,2020,KIR,126110,0.040,0.040,500.000,25.000,75.000
Kiribati,2021,KIR,128387,0.040,0.040,500.000,25.000,75.000
Kiribati,2022,KIR,130483,0.040,0.040,500.000,25.000,75.000
Kiribati,2023,KIR,132540,0.040,0.040,500.000,25.000,75.000
Kiribati,2024,KIR,134521,0.040,0.040,500.000,25.000,75.000
Kosovo,2000,,1802488,3.330,2.960,989.870,1.689,98.311
Kosovo,2001,,1820013,4.200,3.730,994.640,1.340,98.660
Kosovo,2002,,1829467,4.180,3.710,994.610,1.348,98.652
Kosovo,2003,,1826436,4.090,3.630,994.490,1.377,98.623
Kosovo,2004,,1822778,4.540,4.080,980.390,2.696,97.304
Kosovo,2005,,1818356,4.730,4.460,984.310,2.466,97.534
Kosovo,2006,,1813077,4.710,4.430,986.460,2.257,97.743
Kosovo,2007,,1807098,5.050,4.830,989.650,1.863,98.137
Kosovo,2008,,1800861,5.570,5.160,994.190,1.550,98.450
Kosovo,2009,,1794688,5.460,4.970,985.920,2.414,97.586
Kosovo,2010,,1788756,5.640,5.170,976.790,3.095,96.905
Kosovo,2011,,1791949,6.220,5.800,991.380,1.724,98.276
Kosovo,2012,,1806538,6.090,5.940,993.270,1.684,98.316
Kosovo,2013,,1817171,6.180,6.520,989.260,2.147,97.853
Kosovo,2014,,1808983,5.920,5.430,983.430,2.762,97.238
Kosovo,2015,,1779019,6.240,6.110,988.540,2.291,97.709
Kosovo,2016,,1761765,5.470,5.980,969.900,4.181,95.819
Kosovo,2017,,1768125,6.280,5.920,979.730,3.041,96.959
Kosovo,2018,,1767748,6.060,5.910,961.080,5.076,94.924
Kosovo,2019,,1755048,6.370,6.350,960.630,4.882,95.118
Kosovo,2020,,1751413,6.380,6.700,958.210,5.373,94.627
Kosovo,2021,,1741449,7.600,6.910,945.010,6.512,93.488
Kosovo,2022,,1717950,7.460,6.910,945.010,6.512,93.488
Kosovo,2023,,1700039,7.350,6.340,884.860,12.618,87.382
Kosovo,2024,,1684796,7.310,6.770,924.670,8.567,91.433
Kosovo,2025,,1674131,7.400,5.350,900.940,11.028,88.972
Kuwait,2000,KWT,1954713,32.330,32.330,653.880,0.000,100.000
Kuwait,2001,KWT,2008127,34.300,34.300,653.940,0.000,100.000
Kuwait,2002,KWT,2059983,36.370,36.370,655.210,0.000,100.000
Kuwait,2003,KWT,2109886,39.800,39.800,654.770,0.000,100.000
Kuwait,2004,KWT,2157329,41.260,41.260,654.390,0.000,100.000
Kuwait,2005,KWT,2236797,43.730,43.730,654.700,0.000,100.000
Kuwait,2006,KWT,2364741,47.600,47.600,653.780,0.000,100.000
Kuwait,2007,KWT,2507890,48.750,48.750,653.740,0.000,100.000
Kuwait,2008,KWT,2651433,51.750,51.750,653.140,0.000,100.000
Kuwait,2009,KWT,2795489,53.220,53.220,654.270,0.000,100.000
Kuwait,2010,KWT,2943374,57.030,57.030,653.340,0.000,100.000
Kuwait,2011,KWT,3132815,57.460,57.460,652.630,0.000,100.000
Kuwait,2012,KWT,3337025,61.120,61.120,651.010,0.000,100.000
Kuwait,2013,KWT,3507755,60.990,60.990,651.910,0.016,99.984
Kuwait,2014,KWT,3665769,65.150,65.150,650.960,0.015,99.985
Kuwait,2015,KWT,3834465,68.300,68.300,650.510,0.015,99.985
Kuwait,2016,KWT,4003976,70.100,70.100,650.070,0.029,99.971
Kuwait,2017,KWT,4154686,68.890,68.890,650.600,0.058,99.942
Kuwait,2018,KWT,4323389,74.130,74.130,650.070,0.121,99.879
Kuwait,2019,KWT,4442201,75.040,75.040,649.520,0.133,99.867
Kuwait,2020,KWT,4400146,74.640,74.640,650.190,0.121,99.879
Kuwait,2021,KWT,4360748,80.800,80.800,649.630,0.260,99.740
Kuwait,2022,KWT,4589514,85.290,85.290,636.890,2.228,97.772
Kuwait,2023,KWT,4838781,89.760,89.760,636.140,2.128,97.872
Kuwait,2024,KWT,4934508,92.490,92.490,635.200,2.238,97.762
Kuwait,2025,KWT,5026079,92.490,92.490,635.310,2.238,97.762
Kyrgyzstan,2000,KGZ,5025150,13.020,15.850,101.580,85.489,14.511
Kyrgyzstan,2001,KGZ,5071960,12.970,14.810,110.740,83.120,16.880
Kyrgyzstan,2002,KGZ,5116252,12.300,12.980,107.090,82.280,17.720
Kyrgyzstan,2003,KGZ,5159422,13.830,15.440,89.380,86.658,13.342
Kyrgyzstan,2004,KGZ,5203048,12.830,16.160,89.730,86.324,13.676
Kyrgyzstan,2005,KGZ,5246337,12.130,14.810,132.340,85.483,14.517
Kyrgyzstan,2006,KGZ,5282451,12.040,14.550,135.400,84.880,15.120
Kyrgyzstan,2007,KGZ,5313376,12.320,14.700,138.100,85.782,14.218
Kyrgyzstan,2008,KGZ,5342530,10.920,11.690,142.000,85.714,14.286
Kyrgyzstan,2009,KGZ,5398013,9.780,10.980,81.970,92.076,7.923
Kyrgyzstan,2010,KGZ,5491763,10.280,11.990,85.910,91.743,8.257
Kyrgyzstan,2011,KGZ,5594537,12.340,15.010,75.280,93.271,6.729
Kyrgyzstan,2012,KGZ,5696521,13.370,15.030,78.510,93.413,6.587
Kyrgyzstan,2013,KGZ,5797294,13.770,13.920,82.620,93.391,6.609
Kyrgyzstan,2014,KGZ,5898322,14.640,14.430,98.410,91.199,8.801
Kyrgyzstan,2015,KGZ,6001876,13.470,12.920,154.800,85.062,14.938
Kyrgyzstan,2016,KGZ,6108460,13.280,13.150,139.160,86.540,13.460
Kyrgyzstan,2017,KGZ,6220148,14.150,15.370,97.590,91.477,8.523
Kyrgyzstan,2018,KGZ,6341733,14.680,15.430,95.270,91.834,8.166
Kyrgyzstan,2019,KGZ,6494036,14.970,14.970,98.200,91.583,8.417
Kyrgyzstan,2020,KGZ,6664143,15.450,15.400,105.200,90.779,9.221
Kyrgyzstan,2021,KGZ,6820483,16.270,15.140,151.260,85.601,14.399
Kyrgyzstan,2022,KGZ,6955792,16.170,13.820,146.890,86.107,13.893
Kyrgyzstan,2023,KGZ,7073523,16.950,13.600,139.710,86.471,13.529
Kyrgyzstan,2024,KGZ,7186014,19.250,15.770,119.210,88.776,11.224
Kyrgyzstan,2025,KGZ,7295037,19.310,15.780,152.730,84.728,15.272
Laos,2000,LAO,5431213,1.040,3.650,87.670,89.863,10.137
Laos,2001,LAO,5521481,0.990,3.670,87.190,89.918,10.082
Laos,2002,LAO,5610888,1.030,3.570,89.640,89.916,10.084
Laos,2003,LAO,5697944,1.120,3.150,88.890,89.841,10.159
Laos,2004,LAO,5781627,0.830,3.000,23.330,100.000,0.000
Laos,2005,LAO,5869531,1.340,3.510,22.790,100.000,0.000
Laos,2006,LAO,5963199,1.740,3.600,25.000,100.000,0.000
Laos,2007,LAO,6056237,2.420,3.370,23.740,100.000,0.000
Laos,2008,LAO,6148974,2.250,3.720,24.190,100.000,0.000
Laos,2009,LAO,6241649,2.620,3.370,23.740,100.000,0.000
Laos,2010,LAO,6334198,2.920,8.360,23.920,100.000,0.000
Laos,2011,LAO,6426592,3.070,12.840,24.140,100.000,0.000
Laos,2012,LAO,6518981,3.900,12.930,23.980,100.000,0.000
Laos,2013,LAO,6611385,4.140,15.360,23.440,100.000,0.000
Laos,2014,LAO,6703170,4.740,15.120,23.810,100.000,0.000
Laos,2015,LAO,6801647,6.660,16.160,148.520,86.015,13.985
Laos,2016,LAO,6908800,6.700,25.490,302.860,68.772,31.228
Laos,2017,LAO,7018150,6.670,31.070,338.590,64.821,35.179
Laos,2018,LAO,7128043,7.510,34.420,336.140,65.078,34.922
Laos,2019,LAO,7237635,8.470,31.240,350.510,63.476,36.524
Laos,2020,LAO,7346534,10.590,39.960,278.030,71.597,28.403
Laos,2021,LAO,7453192,11.530,44.900,260.360,73.541,26.459
Laos,2022,LAO,7559008,11.950,51.040,237.270,76.136,23.864
Laos,2023,LAO,7665001,17.100,52.300,232.120,76.711,23.289
Laos,2024,LAO,7769823,15.610,52.310,232.080,76.716,23.284
Latin America and Caribbean (Ember),2000,,,1007.870,1007.870,271.700,60.044,37.927
Latin America and Caribbean (Ember),2001,,,999.470,999.470,287.360,56.657,40.334
Latin America and Caribbean (Ember),2002,,,1030.790,1030.790,284.930,57.152,39.995
Latin America and Caribbean (Ember),2003,,,1078.120,1078.120,288.010,56.607,40.478
Latin America and Caribbean (Ember),2004,,,1133.710,1133.710,289.510,56.462,41.009
Latin America and Caribbean (Ember),2005,,,1183.180,1183.180,286.990,57.372,40.302
Latin America and Caribbean (Ember),2006,,,1235.820,1235.820,284.130,57.440,39.943
Latin America and Caribbean (Ember),2007,,,1290.060,1290.060,290.370,56.999,40.674
Latin America and Caribbean (Ember),2008,,,1332.710,1332.710,290.520,56.609,41.053
Latin America and Caribbean (Ember),2009,,,1337.360,1337.360,289.350,57.121,40.513
Latin America and Caribbean (Ember),2010,,,1405.550,1405.550,298.020,56.209,41.827
Latin America and Caribbean (Ember),2011,,,1462.200,1462.200,290.660,57.156,40.646
Latin America and Caribbean (Ember),2012,,,1520.440,1520.440,310.400,54.352,43.595
Latin America and Caribbean (Ember),2013,,,1571.960,1571.960,326.120,52.071,45.801
Latin America and Caribbean (Ember),2014,,,1571.830,1571.830,332.310,51.301,46.754
Latin America and Caribbean (Ember),2015,,,1611.770,1611.770,334.240,50.880,47.051
Latin America and Caribbean (Ember),2016,,,1628.540,1628.540,323.650,52.617,45.252
Latin America and Caribbean (Ember),2017,,,1630.070,1630.070,311.030,54.200,43.794
Latin America and Caribbean (Ember),2018,,,1668.540,1668.540,302.670,55.226,42.611
Latin America and Caribbean (Ember),2019,,,1679.900,1679.900,304.050,55.127,42.744
Latin America and Caribbean (Ember),2020,,,1639.000,1639.000,281.320,58.325,39.525
Latin America and Caribbean (Ember),2021,,,1702.100,1702.100,285.000,57.450,40.389
Latin America and Caribbean (Ember),2022,,,1732.060,1732.060,257.990,62.047,36.055
Latin America and Caribbean (Ember),2023,,,1789.390,1789.390,254.390,62.354,35.642
Latin America and Caribbean (Ember),2024,,,1831.230,1831.230,252.380,62.545,35.350
Latin America and Caribbean (Ember),2025,,,1846.940,1846.940,246.970,63.475,34.533
Latvia,2000,LVA,2368320,5.930,4.140,147.340,68.116,31.884
Latvia,2001,LVA,2338299,6.150,4.270,147.540,66.276,33.724
Latvia,2002,LVA,2311358,6.320,3.970,166.250,62.469,37.531
Latvia,2003,LVA,2288983,6.600,3.970,171.290,58.942,41.058
Latvia,2004,LVA,2264179,6.790,4.690,136.460,68.230,31.770
Latvia,2005,LVA,2239787,7.070,4.920,130.080,69.512,30.488
Latvia,2006,LVA,2219039,7.400,4.890,171.780,57.055,42.945
Latvia,2007,LVA,2200774,7.760,4.760,163.870,59.244,40.756
Latvia,2008,LVA,2177710,7.790,5.270,157.500,60.911,39.089
Latvia,2009,LVA,2142044,7.220,5.570,147.220,63.914,36.086
Latvia,2010,LVA,2097834,7.500,6.630,179.490,54.902,45.098
Latvia,2011,LVA,2059940,7.330,6.090,197.040,50.575,49.425
Latvia,2012,LVA,2034639,7.860,6.170,145.870,66.613,33.387
Latvia,2013,LVA,2013004,7.560,6.200,187.100,56.935,43.065
Latvia,2014,LVA,1994153,7.460,5.140,202.340,54.475,45.525
Latvia,2015,LVA,1977874,7.360,5.540,220.220,50.181,49.819
Latvia,2016,LVA,1959863,7.450,6.420,204.050,54.206,45.794
Latvia,2017,LVA,1942599,7.470,7.530,140.770,72.510,27.490
Latvia,2018,LVA,1927586,7.630,6.720,215.770,51.935,48.065
Latvia,2019,LVA,1914267,7.560,6.440,223.600,49.534,50.466
Latvia,2020,LVA,1901119,7.350,5.720,176.570,63.636,36.364
Latvia,2021,LVA,1885593,7.620,5.850,176.070,63.590,36.410
Latvia,2022,LVA,1881059,7.340,5.030,135.190,75.944,24.056
Latvia,2023,LVA,1882399,7.180,6.380,119.120,77.743,22.257
Latvia,2024,LVA,1871874,7.400,6.330,134.280,73.460,26.540
Latvia,2025,LVA,1853560,7.520,6.270,138.760,73.046,26.954
Lebanon,2000,LBN,4329345,11.350,9.950,630.150,4.422,95.578
Lebanon,2001,LBN,4401923,11.210,9.950,637.190,3.317,96.683
Lebanon,2002,LBN,4463505,12.080,11.550,621.650,5.801,94.199
Lebanon,2003,LBN,4525513,12.930,12.930,591.650,10.441,89.559
Lebanon,2004,LBN,4599285,11.660,11.440,597.030,9.703,90.297
Lebanon,2005,LBN,4671105,12.190,11.730,601.020,8.866,91.134
Lebanon,2006,LBN,4751146,12.260,11.330,619.590,6.090,93.910
Lebanon,2007,LBN,4844119,11.540,10.570,622.520,5.487,94.513
Lebanon,2008,LBN,4925359,13.010,12.450,639.360,2.972,97.028
Lebanon,2009,LBN,4992295,14.130,12.980,626.350,4.777,95.223
Lebanon,2010,LBN,5041290,16.960,15.710,619.990,5.283,94.717
Lebanon,2011,LBN,5096018,17.140,16.300,626.990,4.908,95.092
Lebanon,2012,LBN,5235742,16.780,16.460,619.080,6.075,93.925
Lebanon,2013,LBN,5743441,19.320,18.800,615.430,6.702,93.298
Lebanon,2014,LBN,6346993,18.110,17.970,650.530,1.169,98.831
Lebanon,2015,LBN,6472470,18.910,18.640,641.090,2.682,97.318
Lebanon,2016,LBN,6323061,19.480,19.410,644.000,2.215,97.785
Lebanon,2017,LBN,6160129,21.780,21.250,643.770,2.259,97.741
Lebanon,2018,LBN,5984120,21.290,21.280,644.270,2.209,97.791
Lebanon,2019,LBN,5794601,21.680,21.590,625.750,5.188,94.812
Lebanon,2020,LBN,5702400,18.250,18.250,615.890,6.740,93.260
Lebanon,2021,LBN,5718129,11.140,10.340,599.610,9.284,90.716
Lebanon,2022,LBN,5744492,4.370,4.370,379.860,45.538,54.462
Lebanon,2023,LBN,5773494,6.280,6.280,449.050,34.076,65.924
Lebanon,2024,LBN,5805962,5.340,5.340,389.510,43.820,56.180
Lesotho,2000,LSO,2003919,0.290,0.290,34.480,100.000,0.000
Lesotho,2001,LSO,2000859,0.300,0.280,35.710,100.000,0.000
Lesotho,2002,LSO,1994686,0.290,0.310,32.260,100.000,0.000
Lesotho,2003,LSO,1985060,0.320,0.320,31.250,100.000,0.000
Lesotho,2004,LSO,1971130,0.320,0.300,33.330,100.000,0.000
Lesotho,2005,LSO,1953080,0.450,0.460,21.740,100.000,0.000
Lesotho,2006,LSO,1945066,0.550,0.520,19.230,100.000,0.000
Lesotho,2007,LSO,1953273,0.590,0.550,18.180,100.000,0.000
Lesotho,2008,LSO,1966547,0.630,0.580,17.240,100.000,0.000
Lesotho,2009,LSO,1980884,0.770,0.650,30.770,100.000,0.000
Lesotho,2010,LSO,1996256,0.890,0.690,28.990,100.000,0.000
Lesotho,2011,LSO,2014015,0.710,0.490,20.410,100.000,0.000
Lesotho,2012,LSO,2034363,0.780,0.490,20.410,100.000,0.000
Lesotho,2013,LSO,2056509,0.790,0.510,19.610,100.000,0.000
Lesotho,2014,LSO,2080091,0.790,0.520,19.230,100.000,0.000
Lesotho,2015,LSO,2104614,0.790,0.530,18.870,100.000,0.000
Lesotho,2016,LSO,2130424,0.890,0.520,19.230,100.000,0.000
Lesotho,2017,LSO,2157117,0.930,0.540,18.520,100.000,0.000
Lesotho,2018,LSO,2183611,0.910,0.520,19.230,100.000,0.000
Lesotho,2019,LSO,2209414,0.930,0.390,25.640,100.000,0.000
Lesotho,2020,LSO,2235727,0.870,0.430,23.260,100.000,0.000
Lesotho,2021,LSO,2261549,0.960,0.530,18.870,100.000,0.000
Lesotho,2022,LSO,2286112,0.910,0.480,20.830,100.000,0.000
Lesotho,2023,LSO,2311476,0.450,0.000,,,
Lesotho,2024,LSO,2337428,0.580,0.000,,,
Liberia,2000,LBR,2928117,0.200,0.200,650.000,0.000,100.000
Liberia,2001,LBR,3015343,0.200,0.200,650.000,0.000,100.000
Liberia,2002,LBR,3094793,0.200,0.200,650.000,0.000,100.000
Liberia,2003,LBR,3119534,0.200,0.200,650.000,0.000,100.000
Liberia,2004,LBR,3156893,0.200,0.200,650.000,0.000,100.000
Liberia,2005,LBR,3301016,0.200,0.200,650.000,0.000,100.000
Liberia,2006,LBR,3490792,0.200,0.200,650.000,0.000,100.000
Liberia,2007,LBR,3669050,0.250,0.250,640.000,0.000,100.000
Liberia,2008,LBR,3821006,0.250,0.250,640.000,0.000,100.000
Liberia,2009,LBR,3943035,0.250,0.250,640.000,0.000,100.000
Liberia,2010,LBR,4058897,0.250,0.250,640.000,0.000,100.000
Liberia,2011,LBR,4221177,0.300,0.300,666.670,0.000,100.000
Liberia,2012,LBR,4373046,0.300,0.300,666.670,0.000,100.000
Liberia,2013,LBR,4470246,0.300,0.300,666.670,0.000,100.000
Liberia,2014,LBR,4564299,0.300,0.300,666.670,0.000,100.000
Liberia,2015,LBR,4659436,0.310,0.310,645.160,0.000,100.000
Liberia,2016,LBR,4755607,0.300,0.300,666.670,0.000,100.000
Liberia,2017,LBR,4848927,0.350,0.350,657.140,0.000,100.000
Liberia,2018,LBR,4944728,0.410,0.410,439.020,31.707,68.293
Liberia,2019,LBR,5043719,0.420,0.420,452.380,30.952,69.048
Liberia,2020,LBR,5149470,0.450,0.450,466.670,28.889,71.111
Liberia,2021,LBR,5259327,0.380,0.380,421.050,34.211,65.789
Liberia,2022,LBR,5373297,0.390,0.390,435.900,33.333,66.667
Liberia,2023,LBR,5493035,0.610,0.610,295.080,57.377,42.623
Liberia,2024,LBR,5612813,0.570,0.570,315.790,54.386,45.614
Libya,2000,LBY,5305020,15.500,15.500,707.740,0.000,100.000
Libya,2001,LBY,5403639,16.110,16.110,707.640,0.000,100.000
Libya,2002,LBY,5508412,17.530,17.530,705.650,0.000,100.000
Libya,2003,LBY,5619405,18.950,18.950,704.490,0.000,100.000
Libya,2004,LBY,5736696,20.200,20.200,700.990,0.000,100.000
Libya,2005,LBY,5858793,22.370,22.320,718.640,0.000,100.000
Libya,2006,LBY,5980212,24.780,24.750,747.880,0.000,100.000
Libya,2007,LBY,6104381,26.200,26.230,757.910,0.000,100.000
Libya,2008,LBY,6235433,28.620,28.670,750.960,0.000,100.000
Libya,2009,LBY,6366689,30.350,30.380,746.870,0.000,100.000
Libya,2010,LBY,6497837,32.480,32.560,764.440,0.031,99.969
Libya,2011,LBY,6343210,25.950,26.010,793.540,0.038,99.962
Libya,2012,LBY,6179327,34.340,34.290,794.980,0.029,99.971
Libya,2013,LBY,6304636,37.990,37.930,790.140,0.026,99.974
Libya,2014,LBY,6427260,37.820,37.730,779.750,0.027,99.974
Libya,2015,LBY,6531825,37.510,37.510,780.330,0.027,99.973
Libya,2016,LBY,6632130,31.800,31.420,822.720,0.032,99.968
Libya,2017,LBY,6738771,33.580,33.280,813.400,0.030,99.970
Libya,2018,LBY,6849058,34.650,34.180,806.610,0.029,99.971
Libya,2019,LBY,6951040,35.410,34.630,809.990,0.029,99.971
Libya,2020,LBY,7045403,30.760,29.500,824.070,0.034,99.966
Libya,2021,LBY,7135179,35.570,34.790,831.560,0.029,99.971
Libya,2022,LBY,7223804,35.830,35.110,830.530,0.028,99.972
Libya,2023,LBY,7305659,33.750,33.750,825.190,0.030,99.970
Libya,2024,LBY,7381029,34.590,34.590,826.830,0.029,99.971
Lithuania,2000,LTU,3500410,9.790,11.130,103.320,3.055,21.294
Lithuania,2001,LTU,3473008,10.400,14.360,89.830,2.298,18.593
Lithuania,2002,LTU,3444051,10.800,17.290,76.920,2.024,16.194
Lithuania,2003,LTU,3415276,11.290,18.820,71.730,1.753,15.994
Lithuania,2004,LTU,3376703,11.560,18.750,77.330,2.293,17.173
Lithuania,2005,LTU,3322264,11.450,14.420,110.260,3.190,25.104
Lithuania,2006,LTU,3269809,11.640,12.070,110.190,3.563,24.772
Lithuania,2007,LTU,3231378,12.090,13.460,104.760,4.309,22.660
Lithuania,2008,LTU,3198482,12.370,13.330,103.530,4.501,21.305
Lithuania,2009,LTU,3163255,11.710,14.640,104.510,4.645,21.243
Lithuania,2010,LTU,3097721,10.990,5.000,368.000,18.200,81.800
Lithuania,2011,LTU,3028642,10.990,4.250,322.350,26.118,73.882
Lithuania,2012,LTU,2988334,11.120,4.500,322.220,26.222,73.778
Lithuania,2013,LTU,2958359,11.140,4.190,293.560,36.516,63.484
Lithuania,2014,LTU,2933171,11.310,3.690,284.550,40.921,59.079
Lithuania,2015,LTU,2905771,11.440,4.230,295.510,39.716,60.284
Lithuania,2016,LTU,2869109,11.900,3.630,234.160,57.851,42.149
Lithuania,2017,LTU,2829317,12.240,3.560,182.580,71.067,28.933
Lithuania,2018,LTU,2802485,12.550,2.920,178.080,75.342,24.658
Lithuania,2019,LTU,2795057,12.680,3.340,170.660,73.952,26.048
Lithuania,2020,LTU,2795766,12.610,4.700,231.920,54.681,45.319
Lithuania,2021,LTU,2794490,13.340,4.300,220.930,60.930,39.070
Lithuania,2022,LTU,2816923,12.610,4.040,180.690,74.752,25.248
Lithuania,2023,LTU,2854104,12.230,5.300,118.870,83.774,16.226
Lithuania,2024,LTU,2859112,12.790,7.390,116.370,84.303,15.697
Lithuania,2025,LTU,2830150,12.320,8.890,138.360,77.615,22.385
Low-income countries,2000,,389723485,67.910,75.040,398.854,48.108,51.892
Low-income countries,2001,,400384099,74.480,80.450,394.282,48.900,51.100
Low-income countries,2002,,412284807,76.020,83.160,401.275,47.823,52.177
Low-income countries,2003,,424679097,83.140,86.600,414.781,46.074,53.926
Low-income countries,2004,,436967699,89.670,92.150,397.287,47.965,52.035
Low-income countries,2005,,449724246,96.420,100.390,399.841,47.385,52.615
Low-income countries,2006,,463303557,100.760,104.650,407.262,46.087,53.913
Low-income countries,2007,,477111736,105.410,108.550,394.749,46.771,53.229
Low-income countries,2008,,490973774,110.930,112.760,412.114,44.289,55.711
Low-income countries,2009,,505164159,116.270,119.100,427.960,43.409,56.591
Low-income countries,2010,,519647365,125.960,127.250,417.603,45.807,54.193
Low-income countries,2011,,534392915,121.960,120.580,386.051,49.677,50.323
Low-income countries,2012,,549004721,117.850,114.130,360.904,53.553,46.447
Low-income countries,2013,,563040135,116.560,112.060,329.645,58.237,41.763
Low-income countries,2014,,577051647,116.560,111.770,312.785,60.866,39.134
Low-income countries,2015,,591583770,112.470,109.750,321.731,59.125,40.875
Low-income countries,2016,,607210136,122.380,119.730,326.568,58.089,41.911
Low-income countries,2017,,623824285,124.660,120.280,329.232,57.674,42.326
Low-income countries,2018,,641385698,135.370,129.250,334.545,56.511,43.489
Low-income countries,2019,,659875267,137.930,133.010,328.096,57.409,42.591
Low-income countries,2020,,678679145,138.250,133.210,302.680,60.739,39.261
Low-income countries,2021,,697273071,145.450,139.050,291.406,62.150,37.850
Low-income countries,2022,,715844683,148.660,142.130,273.060,64.863,35.137
Low-income countries,2023,,735385966,155.950,150.140,295.657,61.742,38.258
Low-income countries,2024,,755559274,163.900,158.080,282.325,63.651,36.349
Lower-middle-income countries,2000,,2126916405,1017.240,1008.500,637.888,23.100,75.299
Lower-middle-income countries,2001,,2169845903,1058.690,1051.490,640.272,22.338,75.677
Lower-middle-income countries,2002,,2211922405,1111.120,1104.850,641.028,21.649,76.437
Lower-middle-income countries,2003,,2253565571,1167.100,1162.140,635.758,22.021,76.262
Lower-middle-income countries,2004,,2295613093,1261.110,1257.240,624.702,23.112,75.044
Lower-middle-income countries,2005,,2337232229,1299.000,1293.900,625.242,22.907,75.536
Lower-middle-income countries,2006,,2379086325,1374.430,1364.460,622.679,23.681,74.840
Lower-middle-income countries,2007,,2421832593,1449.220,1435.000,623.840,23.517,75.079
Lower-middle-income countries,2008,,2464297892,1503.960,1488.510,632.411,22.900,75.960
Lower-middle-income countries,2009,,2507036280,1581.460,1564.640,637.834,21.870,76.887
Lower-middle-income countries,2010,,2550520230,1692.330,1680.830,633.913,21.876,76.599
Lower-middle-income countries,2011,,2594096178,1824.070,1816.160,626.404,22.816,75.199
Lower-middle-income countries,2012,,2637381315,1935.350,1927.570,634.664,22.038,75.969
Lower-middle-income countries,2013,,2680848784,2028.020,2021.130,633.141,22.825,75.309
Lower-middle-income countries,2014,,2724066420,2191.720,2185.910,642.520,22.054,76.150
Lower-middle-income countries,2015,,2765984952,2303.000,2297.200,652.978,20.712,77.432
Lower-middle-income countries,2016,,2807490854,2453.480,2456.270,657.004,20.220,78.016
Lower-middle-income countries,2017,,2848767185,2572.510,2581.950,646.879,21.563,76.674
Lower-middle-income countries,2018,,2889324239,2739.250,2756.440,647.284,21.907,76.340
Lower-middle-income countries,2019,,2929401303,2825.720,2839.330,642.902,22.194,75.896
Lower-middle-income countries,2020,,2969245757,2813.440,2826.270,629.731,23.872,74.208
Lower-middle-income countries,2021,,3007019418,3010.840,3020.080,625.983,24.687,73.337
Lower-middle-income countries,2022,,3044254723,3193.850,3205.440,614.805,26.135,71.729
Lower-middle-income countries,2023,,3083154885,3346.530,3349.220,625.208,25.112,72.779
Lower-middle-income countries,2024,,3122339016,3525.730,3527.280,620.189,25.697,72.103
Luxembourg,2000,LUX,436142,6.110,0.400,225.000,40.000,60.000
Luxembourg,2001,LUX,441754,6.190,0.870,287.360,19.540,80.460
Luxembourg,2002,LUX,446392,6.270,2.800,317.860,5.357,94.643
Luxembourg,2003,LUX,451845,6.550,2.790,319.000,5.018,94.982
Luxembourg,2004,LUX,458305,6.740,3.370,314.540,5.638,94.362
Luxembourg,2005,LUX,465369,6.610,3.350,313.430,6.269,93.731
Luxembourg,2006,LUX,472869,7.100,3.540,313.560,7.062,92.938
Luxembourg,2007,LUX,480277,7.150,3.190,310.350,8.150,91.850
Luxembourg,2008,LUX,488995,7.070,2.720,308.820,10.294,89.706
Luxembourg,2009,LUX,498196,6.570,3.150,311.110,8.571,91.429
Luxembourg,2010,LUX,507418,7.300,3.240,311.730,8.333,91.667
Luxembourg,2011,LUX,518583,7.120,2.640,314.390,9.091,90.909
Luxembourg,2012,LUX,530951,6.870,2.760,304.350,11.232,88.768
Luxembourg,2013,LUX,543358,6.780,1.840,288.040,19.565,80.435
Luxembourg,2014,LUX,556285,6.800,1.910,287.960,20.942,79.058
Luxembourg,2015,LUX,569540,6.940,1.340,268.660,32.090,67.910
Luxembourg,2016,LUX,583511,7.090,0.790,215.190,58.228,41.772
Luxembourg,2017,LUX,596506,7.080,0.900,188.890,66.667,33.333
Luxembourg,2018,LUX,608109,7.120,0.960,187.500,70.833,29.167
Luxembourg,2019,LUX,620167,6.950,1.070,168.220,74.766,25.234
Luxembourg,2020,LUX,630597,6.680,1.220,163.930,79.508,20.492
Luxembourg,2021,LUX,640276,6.950,1.230,162.600,80.488,19.512
Luxembourg,2022,LUX,653315,6.720,1.210,140.500,85.950,14.050
Luxembourg,2023,LUX,665101,6.610,1.410,120.570,89.362,10.638
Luxembourg,2024,LUX,673042,6.760,1.510,132.450,90.728,9.272
Luxembourg,2025,LUX,680454,6.700,1.540,123.380,91.558,8.442
Macao,2000,MAC,437316,1.670,1.570,656.050,0.000,100.000
Macao,2001,MAC,445121,1.760,1.570,636.940,3.822,96.178
Macao,2002,MAC,456026,1.890,1.700,641.180,4.118,95.882
Macao,2003,MAC,469062,1.980,1.800,622.220,8.333,91.667
Macao,2004,MAC,482209,2.120,1.970,624.370,7.614,92.386
Macao,2005,MAC,495416,2.370,2.030,620.690,7.882,92.118
Macao,2006,MAC,508752,2.630,1.670,616.770,10.180,89.820
Macao,2007,MAC,522281,3.200,1.520,611.840,11.184,88.816
Macao,2008,MAC,535935,3.520,1.210,561.980,14.876,85.124
Macao,2009,MAC,549492,3.690,1.460,582.190,12.329,87.671
Macao,2010,MAC,562809,3.870,1.080,527.780,18.519,81.481
Macao,2011,MAC,575644,4.050,0.890,528.090,23.596,76.404
Macao,2012,MAC,587450,4.420,0.560,482.140,41.071,58.929
Macao,2013,MAC,598752,4.470,0.410,390.240,58.537,41.463
Macao,2014,MAC,610308,4.740,0.640,468.750,40.625,59.375
Macao,2015,MAC,622185,5.000,0.950,557.900,21.053,78.947
Macao,2016,MAC,634317,5.300,0.990,565.660,20.202,79.798
Macao,2017,MAC,646558,5.420,1.470,564.630,14.286,85.714
Macao,2018,MAC,658777,5.560,0.650,507.690,27.692,72.308
Macao,2019,MAC,670982,5.820,0.840,500.000,26.190,73.810
Macao,2020,MAC,683069,5.410,0.560,482.140,33.929,66.071
Macao,2021,MAC,694404,5.690,0.500,460.000,42.000,58.000
Macao,2022,MAC,704360,5.360,0.490,448.980,40.816,59.184
Macao,2023,MAC,713916,5.990,0.660,484.850,33.333,66.667
Macao,2024,MAC,720270,6.280,0.780,474.360,30.769,69.231
Madagascar,2000,MDG,16516336,0.860,0.860,244.190,63.953,36.047
Madagascar,2001,MDG,17032933,0.880,0.880,261.360,61.364,38.636
Madagascar,2002,MDG,17549915,0.860,0.860,244.190,63.953,36.047
Madagascar,2003,MDG,18071860,0.960,0.960,250.000,63.542,36.458
Madagascar,2004,MDG,18606606,1.050,1.050,266.670,60.952,39.048
Madagascar,2005,MDG,19159711,1.060,1.060,273.590,61.321,38.679
Madagascar,2006,MDG,19730916,1.070,1.070,271.030,59.813,40.187
Madagascar,2007,MDG,20318590,1.120,1.120,250.000,64.286,35.714
Madagascar,2008,MDG,20923842,1.180,1.180,288.140,59.322,40.678
Madagascar,2009,MDG,21547277,1.190,1.190,268.910,62.185,37.815
Madagascar,2010,MDG,22183343,1.300,1.300,315.390,54.615,45.385
Madagascar,2011,MDG,22822305,1.470,1.470,367.350,47.619,52.381
Madagascar,2012,MDG,23462444,1.560,1.560,358.970,49.359,50.641
Madagascar,2013,MDG,24109290,1.650,1.650,351.520,50.303,49.697
Madagascar,2014,MDG,24764356,1.720,1.720,331.400,52.907,47.093
Madagascar,2015,MDG,25426703,1.790,1.790,324.020,54.190,45.810
Madagascar,2016,MDG,26099950,1.900,1.900,357.900,48.421,51.579
Madagascar,2017,MDG,26788379,1.980,1.980,409.090,41.919,58.081
Madagascar,2018,MDG,27494930,2.380,2.380,424.370,43.277,56.723
Madagascar,2019,MDG,28219559,2.470,2.470,449.390,38.462,61.538
Madagascar,2020,MDG,28953560,2.160,2.160,416.670,40.741,59.259
Madagascar,2021,MDG,29691087,2.530,2.530,486.170,33.202,66.798
Madagascar,2022,MDG,30437261,2.640,2.640,477.270,35.227,64.773
Madagascar,2023,MDG,31195937,2.480,2.480,423.390,43.952,56.048
Madagascar,2024,MDG,31964960,2.430,2.430,432.100,42.387,57.613
Malawi,2000,MWI,11315947,1.210,1.210,99.170,90.083,9.917
Malawi,2001,MWI,11593057,1.210,1.220,90.160,90.984,9.016
Malawi,2002,MWI,11880443,1.270,1.280,101.560,90.625,9.375
Malawi,2003,MWI,12181575,1.300,1.310,91.600,92.366,7.634
Malawi,2004,MWI,12500736,1.460,1.470,95.240,90.476,9.524
Malawi,2005,MWI,12840034,1.520,1.530,98.040,89.542,10.458
Malawi,2006,MWI,13198699,1.560,1.570,95.540,89.172,10.828
Malawi,2007,MWI,13576344,1.560,1.580,88.610,90.506,9.494
Malawi,2008,MWI,13976415,1.680,1.700,76.470,92.941,7.059
Malawi,2009,MWI,14395788,1.650,1.670,77.840,92.814,7.186
Malawi,2010,MWI,14826466,1.900,1.920,67.710,93.750,6.250
Malawi,2011,MWI,15265026,1.950,1.970,65.990,93.909,6.091
Malawi,2012,MWI,15709577,2.030,2.050,68.290,93.659,6.341
Malawi,2013,MWI,16161816,2.030,2.050,68.290,93.659,6.341
Malawi,2014,MWI,16621534,2.150,2.170,64.520,94.470,5.530
Malawi,2015,MWI,17085587,2.150,2.170,69.120,94.009,5.991
Malawi,2016,MWI,17557741,2.130,2.150,69.770,93.953,6.047
Malawi,2017,MWI,18039714,1.890,1.910,26.180,100.000,0.000
Malawi,2018,MWI,18528086,1.790,1.810,143.650,81.768,18.232
Malawi,2019,MWI,19025748,1.780,1.800,55.560,96.111,3.889
Malawi,2020,MWI,19533885,1.730,1.750,34.290,99.429,0.571
Malawi,2021,MWI,20047264,1.810,1.830,54.650,95.628,4.372
Malawi,2022,MWI,20568731,1.810,1.830,54.650,95.628,4.372
Malawi,2023,MWI,21104480,1.810,1.830,54.650,95.628,4.372
Malawi,2024,MWI,21655288,1.810,1.830,54.650,95.628,4.372
Malaysia,2000,MYS,22967817,69.880,69.900,581.830,10.815,89.185
Malaysia,2001,MYS,23526535,75.690,75.780,600.030,8.762,91.238
Malaysia,2002,MYS,24102477,80.840,80.870,618.280,7.184,92.816
Malaysia,2003,MYS,24679604,83.110,83.310,631.140,6.614,93.386
Malaysia,2004,MYS,25256773,95.540,96.060,649.800,6.402,93.598
Malaysia,2005,MYS,25836075,96.520,98.750,652.460,6.684,93.316
Malaysia,2006,MYS,26417909,101.670,103.990,652.660,6.674,93.326
Malaysia,2007,MYS,26998383,106.290,108.550,662.280,6.191,93.809
Malaysia,2008,MYS,27570052,113.350,113.830,651.060,7.564,92.436
Malaysia,2009,MYS,28124779,116.020,116.110,666.610,7.131,92.869
Malaysia,2010,MYS,28655772,124.890,125.040,688.980,6.094,93.906
Malaysia,2011,MYS,29162034,127.430,127.070,685.690,7.555,92.445
Malaysia,2012,MYS,29662835,134.170,134.080,682.730,8.025,91.975
Malaysia,2013,MYS,30174269,141.160,140.970,666.030,9.250,90.750
Malaysia,2014,MYS,30696133,147.480,147.470,662.300,9.704,90.296
Malaysia,2015,MYS,31232796,150.120,150.110,669.180,9.953,90.047
Malaysia,2016,MYS,31789692,155.990,156.650,649.280,13.463,86.537
Malaysia,2017,MYS,32355642,159.520,160.640,620.580,17.393,82.607
Malaysia,2018,MYS,32910963,169.090,170.580,630.320,16.596,83.404
Malaysia,2019,MYS,33440590,176.840,178.500,626.050,16.134,83.866
Malaysia,2020,MYS,33889554,172.460,174.010,633.700,17.579,82.421
Malaysia,2021,MYS,34282404,174.270,175.210,611.440,19.251,80.749
Malaysia,2022,MYS,34695494,182.250,183.630,604.040,19.474,80.526
Malaysia,2023,MYS,35126295,186.700,187.800,607.880,19.159,80.841
Malaysia,2024,MYS,35557670,197.040,198.120,600.440,20.366,79.634
Malaysia,2025,MYS,35977834,199.910,201.090,601.970,20.652,79.348
Maldives,2000,MDV,282025,0.150,0.150,666.670,0.000,100.000
Maldives,2001,MDV,286778,0.160,0.160,687.500,0.000,100.000
Maldives,2002,MDV,291631,0.190,0.190,684.210,0.000,100.000
Maldives,2003,MDV,296497,0.220,0.220,636.360,0.000,100.000
Maldives,2004,MDV,301416,0.240,0.240,666.670,0.000,100.000
Maldives,2005,MDV,306429,0.270,0.270,666.670,0.000,100.000
Maldives,2006,MDV,313866,0.310,0.310,645.160,0.000,100.000
Maldives,2007,MDV,324489,0.350,0.350,657.140,0.000,100.000
Maldives,2008,MDV,336178,0.410,0.410,658.540,0.000,100.000
Maldives,2009,MDV,348282,0.390,0.390,666.670,0.000,100.000
Maldives,2010,MDV,360802,0.350,0.350,657.140,0.000,100.000
Maldives,2011,MDV,373683,0.380,0.380,657.900,0.000,100.000
Maldives,2012,MDV,386821,0.400,0.400,650.000,0.000,100.000
Maldives,2013,MDV,400077,0.420,0.420,666.670,0.000,100.000
Maldives,2014,MDV,413623,0.540,0.540,648.150,1.852,98.148
Maldives,2015,MDV,428165,0.620,0.620,645.160,1.613,98.387
Maldives,2016,MDV,443316,0.670,0.670,641.790,1.493,98.507
Maldives,2017,MDV,458297,0.730,0.730,643.840,2.740,97.260
Maldives,2018,MDV,473106,0.790,0.790,632.910,3.797,96.203
Maldives,2019,MDV,487737,0.810,0.810,629.630,3.704,96.296
Maldives,2020,MDV,502127,0.820,0.820,621.950,4.878,95.122
Maldives,2021,MDV,516163,0.840,0.840,619.050,5.952,94.048
Maldives,2022,MDV,524116,0.850,0.850,611.770,7.059,92.941
Maldives,2023,MDV,526009,0.850,0.850,611.770,7.059,92.941
Maldives,2024,MDV,527801,0.850,0.850,611.770,7.059,92.941
Mali,2000,MLI,11559291,1.060,1.060,500.000,26.415,73.585
Mali,2001,MLI,11912162,1.070,1.070,504.670,26.168,73.832
Mali,2002,MLI,12288051,0.910,1.110,504.510,26.126,73.874
Mali,2003,MLI,12684951,0.700,1.110,513.510,25.225,74.775
Mali,2004,MLI,13102415,0.900,1.260,515.870,23.810,76.190
Mali,2005,MLI,13538648,1.090,1.490,449.660,33.557,66.443
Mali,2006,MLI,13990143,1.210,1.570,445.860,33.758,66.242
Mali,2007,MLI,14457776,1.320,1.580,455.700,32.911,67.089
Mali,2008,MLI,14940786,1.480,1.810,441.990,34.254,65.746
Mali,2009,MLI,15435536,1.310,1.560,371.800,46.154,53.846
Mali,2010,MLI,15945201,1.960,2.360,351.700,49.153,50.847
Mali,2011,MLI,16469054,2.420,2.160,305.560,56.481,43.519
Mali,2012,MLI,16957039,1.860,2.310,298.700,57.143,42.857
Mali,2013,MLI,17459619,2.100,2.200,318.180,54.091,45.909
Mali,2014,MLI,18020267,2.260,2.510,290.840,58.167,41.833
Mali,2015,MLI,18593022,2.640,2.510,358.570,48.207,51.793
Mali,2016,MLI,19191298,2.670,3.020,331.130,51.987,48.013
Mali,2017,MLI,19813016,3.190,3.440,372.090,45.640,54.360
Mali,2018,MLI,20442031,3.480,3.610,404.430,40.166,59.834
Mali,2019,MLI,21068405,3.860,3.810,417.320,38.320,61.680
Mali,2020,MLI,21713837,4.090,3.940,401.020,40.863,59.137
Mali,2021,MLI,22388637,4.100,3.940,416.240,39.086,60.914
Mali,2022,MLI,23072641,4.610,4.340,391.710,42.857,57.143
Mali,2023,MLI,23769130,5.290,6.010,535.770,19.800,80.200
Mali,2024,MLI,24478597,5.460,5.960,538.590,19.463,80.537
Malta,2000,MLT,399905,1.920,1.920,656.250,0.000,100.000
Malta,2001,MLT,402788,1.940,1.940,659.790,0.000,100.000
Malta,2002,MLT,405571,2.050,2.050,658.540,0.000,100.000
Malta,2003,MLT,408236,2.240,2.240,656.250,0.000,100.000
Malta,2004,MLT,410800,2.220,2.220,657.660,0.000,100.000
Malta,2005,MLT,413324,2.240,2.240,656.250,0.000,100.000
Malta,2006,MLT,415463,2.260,2.260,659.290,0.000,100.000
Malta,2007,MLT,417201,2.300,2.300,656.520,0.000,100.000
Malta,2008,MLT,418969,2.310,2.310,658.010,0.000,100.000
Malta,2009,MLT,420800,2.170,2.170,658.990,0.000,100.000
Malta,2010,MLT,422654,2.110,2.110,658.770,0.000,100.000
Malta,2011,MLT,424635,2.170,2.170,658.990,0.000,100.000
Malta,2012,MLT,426616,2.300,2.300,647.830,1.304,98.696
Malta,2013,MLT,428457,2.260,2.260,646.020,1.770,98.230
Malta,2014,MLT,434494,2.250,2.250,635.560,3.556,96.444
Malta,2015,MLT,444978,2.350,1.300,607.690,7.692,92.308
Malta,2016,MLT,455276,2.390,0.860,558.140,16.279,83.721
Malta,2017,MLT,467902,2.510,1.650,527.270,10.303,89.697
Malta,2018,MLT,484560,2.590,1.970,512.690,10.152,89.848
Malta,2019,MLT,504017,2.710,2.070,516.910,10.145,89.855
Malta,2020,MLT,518212,2.570,2.150,506.980,11.628,88.372
Malta,2021,MLT,524383,2.730,2.220,504.510,12.162,87.838
Malta,2022,MLT,528194,2.940,2.300,500.000,13.043,86.957
Malta,2023,MLT,532964,2.970,2.350,493.620,13.617,86.383
Malta,2024,MLT,539612,3.160,2.190,488.580,15.525,84.475
Malta,2025,MLT,545406,3.230,2.190,484.020,15.982,84.018
Martinique,2000,MTQ,421388,1.140,1.140,657.900,0.000,100.000
Martinique,2001,MTQ,417157,1.310,1.310,656.490,0.000,100.000
Martinique,2002,MTQ,412479,1.350,1.350,651.850,0.741,99.259
Martinique,2003,MTQ,408417,1.400,1.400,650.000,0.714,99.286
Martinique,2004,MTQ,405104,1.440,1.440,652.780,0.694,99.306
Martinique,2005,MTQ,401849,1.440,1.440,652.780,0.694,99.306
Martinique,2006,MTQ,400459,1.470,1.470,653.060,0.680,99.320
Martinique,2007,MTQ,400812,1.480,1.480,648.650,1.351,98.649
Martinique,2008,MTQ,400699,1.530,1.530,647.060,1.961,98.039
Martinique,2009,MTQ,399527,1.540,1.540,642.860,1.948,98.052
Martinique,2010,MTQ,397389,1.610,1.610,645.960,1.863,98.137
Martinique,2011,MTQ,394576,1.570,1.570,636.940,3.185,96.815
Martinique,2012,MTQ,391741,1.590,1.590,622.640,5.660,94.340
Martinique,2013,MTQ,389470,1.580,1.580,620.250,5.696,94.304
Martinique,2014,MTQ,387027,1.550,1.550,619.360,5.806,94.194
Martinique,2015,MTQ,383737,1.560,1.560,621.800,5.769,94.231
Martinique,2016,MTQ,378892,1.580,1.580,620.250,5.696,94.304
Martinique,2017,MTQ,371510,1.560,1.560,621.800,5.769,94.231
Martinique,2018,MTQ,364100,1.540,1.540,590.910,11.688,88.312
Martinique,2019,MTQ,359621,1.550,1.550,522.580,25.161,74.839
Martinique,2020,MTQ,356625,1.500,1.500,540.000,22.667,77.333
Martinique,2021,MTQ,353286,1.510,1.510,523.180,25.166,74.834
Martinique,2022,MTQ,349462,1.490,1.490,516.780,26.174,73.826
Martinique,2023,MTQ,346008,1.510,1.510,529.800,25.828,74.172
Mauritania,2000,MRT,2613450,0.420,0.420,619.050,7.143,92.857
Mauritania,2001,MRT,2678766,0.470,0.470,617.020,6.383,93.617
Mauritania,2002,MRT,2738659,0.530,0.530,622.640,5.660,94.340
Mauritania,2003,MRT,2802050,0.580,0.500,600.000,8.000,92.000
Mauritania,2004,MRT,2868671,0.610,0.540,611.110,7.407,92.593
Mauritania,2005,MRT,2939060,0.660,0.530,603.770,9.434,90.566
Mauritania,2006,MRT,3013659,0.750,0.620,612.900,8.065,91.935
Mauritania,2007,MRT,3093065,0.720,0.640,609.380,7.813,92.188
Mauritania,2008,MRT,3183276,0.820,0.720,597.220,8.333,91.667
Mauritania,2009,MRT,3284454,0.880,0.770,558.440,14.286,85.714
Mauritania,2010,MRT,3390968,0.970,0.850,564.710,14.118,85.882
Mauritania,2011,MRT,3502813,1.000,0.870,563.220,14.943,85.057
Mauritania,2012,MRT,3619035,1.100,0.960,562.500,14.583,85.417
Mauritania,2013,MRT,3734324,1.150,0.980,520.410,21.429,78.571
Mauritania,2014,MRT,3848511,1.210,1.030,514.560,21.359,78.641
Mauritania,2015,MRT,3965959,1.340,1.160,474.140,27.586,72.414
Mauritania,2016,MRT,4086655,1.380,1.160,491.380,25.000,75.000
Mauritania,2017,MRT,4210603,1.540,1.350,496.300,24.444,75.556
Mauritania,2018,MRT,4337685,1.660,1.460,465.750,30.137,69.863
Mauritania,2019,MRT,4467714,1.770,1.570,464.970,29.936,70.064
Mauritania,2020,MRT,4600136,1.850,1.630,472.390,28.834,71.166
Mauritania,2021,MRT,4734874,1.770,1.580,474.680,28.481,71.519
Mauritania,2022,MRT,4875644,2.020,1.640,481.710,27.439,72.561
Mauritania,2023,MRT,5022442,2.350,2.090,521.530,21.531,78.469
Mauritania,2024,MRT,5169403,2.370,2.070,512.080,22.705,77.295
Mauritius,2000,MUS,1216632,1.770,1.770,559.320,29.379,70.621
Mauritius,2001,MUS,1225807,1.920,1.920,567.710,28.646,71.354
Mauritius,2002,MUS,1234090,1.960,1.960,581.630,27.551,72.449
Mauritius,2003,MUS,1242094,2.090,2.090,574.160,27.273,72.727
Mauritius,2004,MUS,1249799,2.160,2.160,564.820,27.315,72.685
Mauritius,2005,MUS,1257215,2.260,2.260,592.920,24.779,75.221
Mauritius,2006,MUS,1263785,2.360,2.360,622.880,22.458,77.542
Mauritius,2007,MUS,1269522,2.460,2.460,634.150,22.358,77.642
Mauritius,2008,MUS,1274635,2.560,2.560,636.720,23.438,76.562
Mauritius,2009,MUS,1278976,2.570,2.570,626.460,23.735,76.265
Mauritius,2010,MUS,1282710,2.690,2.690,620.820,24.164,75.836
Mauritius,2011,MUS,1286270,2.730,2.730,648.350,19.780,80.220
Mauritius,2012,MUS,1289174,2.790,2.790,645.160,20.430,79.570
Mauritius,2013,MUS,1290988,2.860,2.860,646.850,20.280,79.720
Mauritius,2014,MUS,1292006,2.940,2.940,642.860,20.408,79.592
Mauritius,2015,MUS,1292283,2.990,2.990,622.070,22.742,77.258
Mauritius,2016,MUS,1291807,3.050,3.050,632.790,21.967,78.033
Mauritius,2017,MUS,1290654,3.110,3.110,643.090,19.936,80.064
Mauritius,2018,MUS,1288836,3.120,3.120,634.620,20.513,79.487
Mauritius,2019,MUS,1286269,3.230,3.230,619.200,21.672,78.328
Mauritius,2020,MUS,1283231,2.900,2.900,613.790,24.138,75.862
Mauritius,2021,MUS,1279628,2.990,2.990,628.760,21.405,78.595
Mauritius,2022,MUS,1276134,3.120,3.120,615.390,19.551,80.449
Mauritius,2023,MUS,1273591,3.270,3.270,633.030,17.431,82.569
Mauritius,2024,MUS,1271171,3.410,3.410,642.230,17.889,82.111
Mexico,2000,MEX,98625553,204.490,203.620,525.390,19.379,76.584
Mexico,2001,MEX,100099101,210.280,210.220,543.910,16.516,79.331
Mexico,2002,MEX,101548627,215.930,215.730,553.420,14.351,81.129
Mexico,2003,MEX,102978517,224.030,224.900,570.170,11.930,83.402
Mexico,2004,MEX,104394131,234.120,235.390,553.930,13.794,82.302
Mexico,2005,MEX,105811504,246.300,247.970,555.830,14.469,81.175
Mexico,2006,MEX,107253666,255.470,256.250,546.810,14.829,80.929
Mexico,2007,MEX,108774356,262.090,263.260,554.210,13.618,82.424
Mexico,2008,MEX,110374286,268.190,269.290,522.040,17.598,78.763
Mexico,2009,MEX,111999720,266.860,267.760,554.080,13.034,83.045
Mexico,2010,MEX,113623898,274.620,275.570,541.930,16.863,81.003
Mexico,2011,MEX,115243503,291.450,292.150,539.790,15.721,80.825
Mexico,2012,MEX,116818208,297.450,296.390,550.260,14.528,82.513
Mexico,2013,MEX,118343572,297.090,297.120,546.820,13.503,82.526
Mexico,2014,MEX,119784265,302.800,303.330,525.600,17.684,79.125
Mexico,2015,MEX,121072310,309.690,310.360,533.900,15.543,80.726
Mexico,2016,MEX,122251344,320.610,320.350,537.600,15.290,81.411
Mexico,2017,MEX,123400052,329.440,329.090,533.680,15.430,81.263
Mexico,2018,MEX,124573713,350.540,349.290,523.920,15.815,80.306
Mexico,2019,MEX,125762978,345.390,344.570,525.730,16.687,80.065
Mexico,2020,MEX,126799053,329.740,325.730,484.050,21.297,75.271
Mexico,2021,MEX,127648151,327.630,328.590,456.250,24.983,71.390
Mexico,2022,MEX,128613116,339.880,340.150,464.380,24.439,72.371
Mexico,2023,MEX,129739761,350.660,351.700,489.050,20.267,76.210
Mexico,2024,MEX,130861001,354.870,355.180,483.140,21.116,75.418
Mexico,2025,MEX,131946897,356.660,356.970,474.020,23.092,74.062
Micronesia (country),2000,FSM,112067,,,,,
Micronesia (country),2001,FSM,112378,,,,,
Micronesia (country),2002,FSM,112464,,,,,
Micronesia (country),2003,FSM,112298,,,,,
Micronesia (country),2004,FSM,111939,,,,,
Micronesia (country),2005,FSM,111420,,,,,
Micronesia (country),2006,FSM,110739,,,,,
Micronesia (country),2007,FSM,109896,,,,,
Micronesia (country),2008,FSM,108947,,,,,
Micronesia (country),2009,FSM,107968,,,,,
Micronesia (country),2010,FSM,107559,,,,,
Micronesia (country),2011,FSM,107712,,,,,
Micronesia (country),2012,FSM,107908,,,,,
Micronesia (country),2013,FSM,108133,,,,,
Micronesia (country),2014,FSM,108407,,,,,
Micronesia (country),2015,FSM,108727,,,,,
Micronesia (country),2016,FSM,109088,,,,,
Micronesia (country),2017,FSM,109495,,,,,
Micronesia (country),2018,FSM,109925,,,,,
Micronesia (country),2019,FSM,110293,,,,,
Micronesia (country),2020,FSM,110930,,,,,
Micronesia (country),2021,FSM,111635,,,,,
Micronesia (country),2022,FSM,112122,,,,,
Micronesia (country),2023,FSM,112646,,,,,
Middle Africa (EI),2000,,,,12.701,,89.895,
Middle Africa (EI),2001,,,,13.064,,89.342,
Middle Africa (EI),2002,,,,13.320,,88.458,
Middle Africa (EI),2003,,,,14.055,,86.780,
Middle Africa (EI),2004,,,,15.793,,89.233,
Middle Africa (EI),2005,,,,16.506,,87.863,
Middle Africa (EI),2006,,,,18.811,,86.826,
Middle Africa (EI),2007,,,,18.862,,80.823,
Middle Africa (EI),2008,,,,20.417,,79.860,
Middle Africa (EI),2009,,,,21.460,,75.670,
Middle Africa (EI),2010,,,,22.514,,75.087,
Middle Africa (EI),2011,,,,23.013,,74.746,
Middle Africa (EI),2012,,,,23.741,,71.633,
Middle Africa (EI),2013,,,,28.483,,68.614,
Middle Africa (EI),2014,,,,31.618,,66.880,
Middle Africa (EI),2015,,,,34.085,,62.538,
Middle Africa (EI),2016,,,,34.705,,64.574,
Middle Africa (EI),2017,,,,36.028,,70.353,
Middle Africa (EI),2018,,,,39.847,,71.557,
Middle Africa (EI),2019,,,,41.894,,71.733,
Middle Africa (EI),2020,,,,43.412,,75.980,
Middle Africa (EI),2021,,,,46.165,,75.229,
Middle Africa (EI),2022,,,,46.630,,76.809,
Middle Africa (EI),2023,,,,48.673,,79.798,
Middle Africa (EI),2024,,,,49.077,,81.081,
Middle East (EI),2000,,,,478.264,,2.251,97.725
Middle East (EI),2001,,,,509.056,,2.292,97.695
Middle East (EI),2002,,,,546.468,,3.088,96.898
Middle East (EI),2003,,,,574.159,,3.228,96.760
Middle East (EI),2004,,,,608.108,,3.807,96.176
Middle East (EI),2005,,,,658.475,,3.646,96.337
Middle East (EI),2006,,,,697.863,,4.070,95.930
Middle East (EI),2007,,,,748.330,,3.591,96.409
Middle East (EI),2008,,,,773.667,,1.799,98.201
Middle East (EI),2009,,,,818.401,,1.520,98.480
Middle East (EI),2010,,,,892.599,,1.989,98.011
Middle East (EI),2011,,,,909.459,,2.069,97.919
Middle East (EI),2012,,,,973.774,,2.285,97.566
Middle East (EI),2013,,,,1008.411,,2.437,97.119
Middle East (EI),2014,,,,1082.985,,2.006,97.599
Middle East (EI),2015,,,,1134.406,,1.683,97.989
Middle East (EI),2016,,,,1166.780,,2.046,97.379
Middle East (EI),2017,,,,1246.245,,2.053,97.369
Middle East (EI),2018,,,,1254.660,,1.638,97.792
Middle East (EI),2019,,,,1295.896,,4.132,95.354
Middle East (EI),2020,,,,1309.786,,3.601,95.775
Middle East (EI),2021,,,,1363.109,,3.015,95.936
Middle East (EI),2022,,,,1410.950,,3.322,94.773
Middle East (EI),2023,,,,1485.942,,4.651,92.569
Middle East (EI),2024,,,,1568.749,,4.742,92.186
Middle East (EIA),2000,,,,,,,
Middle East (EIA),2001,,,,,,,
Middle East (EIA),2002,,,,,,,
Middle East (EIA),2003,,,,,,,
Middle East (EIA),2004,,,,,,,
Middle East (EIA),2005,,,,,,,
Middle East (EIA),2006,,,,,,,
Middle East (EIA),2007,,,,,,,
Middle East (EIA),2008,,,,,,,
Middle East (EIA),2009,,,,,,,
Middle East (EIA),2010,,,,,,,
Middle East (EIA),2011,,,,,,,
Middle East (EIA),2012,,,,,,,
Middle East (EIA),2013,,,,,,,
Middle East (EIA),2014,,,,,,,
Middle East (EIA),2015,,,,,,,
Middle East (EIA),2016,,,,,,,
Middle East (EIA),2017,,,,,,,
Middle East (EIA),2018,,,,,,,
Middle East (EIA),2019,,,,,,,
Middle East (EIA),2020,,,,,,,
Middle East (EIA),2021,,,,,,,
Middle East (EIA),2022,,,,,,,
Middle East (EIA),2023,,,,,,,
Middle East (Ember),2000,,,482.980,482.980,685.850,1.698,98.302
Middle East (Ember),2001,,,509.570,509.570,688.560,1.688,98.312
Middle East (Ember),2002,,,543.910,543.910,686.360,2.168,97.832
Middle East (Ember),2003,,,577.070,577.070,684.320,2.475,97.525
Middle East (Ember),2004,,,607.620,607.620,679.650,2.944,97.056
Middle East (Ember),2005,,,660.710,660.710,673.780,3.937,96.063
Middle East (Ember),2006,,,701.250,701.250,669.490,4.204,95.796
Middle East (Ember),2007,,,745.960,745.960,670.690,3.756,96.244
Middle East (Ember),2008,,,775.700,775.700,680.480,1.869,98.131
Middle East (Ember),2009,,,813.640,813.640,681.140,1.582,98.418
Middle East (Ember),2010,,,899.820,899.820,677.760,2.102,97.898
Middle East (Ember),2011,,,921.330,921.330,676.130,2.011,97.977
Middle East (Ember),2012,,,964.170,964.170,674.310,2.261,97.589
Middle East (Ember),2013,,,1001.940,1001.940,667.190,2.476,97.099
Middle East (Ember),2014,,,1076.090,1076.090,670.760,2.030,97.591
Middle East (Ember),2015,,,1126.290,1126.290,673.310,1.691,97.999
Middle East (Ember),2016,,,1160.230,1160.230,669.190,2.044,97.399
Middle East (Ember),2017,,,1240.790,1240.790,670.400,2.057,97.382
Middle East (Ember),2018,,,1247.940,1247.940,674.140,1.619,97.829
Middle East (Ember),2019,,,1289.370,1289.370,658.100,4.133,95.370
Middle East (Ember),2020,,,1304.660,1304.660,661.350,3.601,95.789
Middle East (Ember),2021,,,1357.730,1357.730,662.470,3.015,95.948
Middle East (Ember),2022,,,1412.240,1412.240,653.840,3.510,94.601
Middle East (Ember),2023,,,1490.890,1490.890,639.260,4.717,92.528
Middle East (Ember),2024,,,1554.170,1554.170,635.900,4.940,91.973
Middle East (Ember),2025,,,1581.740,1581.740,634.610,5.075,91.891
Middle East (Shift),2000,,,,,,,
Middle East (Shift),2001,,,,,,,
Middle East (Shift),2002,,,,,,,
Middle East (Shift),2003,,,,,,,
Middle East (Shift),2004,,,,,,,
Middle East (Shift),2005,,,,,,,
Middle East (Shift),2006,,,,,,,
Middle East (Shift),2007,,,,,,,
Middle East (Shift),2008,,,,,,,
Middle East (Shift),2009,,,,,,,
Middle East (Shift),2010,,,,,,,
Middle East (Shift),2011,,,,,,,
Middle East (Shift),2012,,,,,,,
Middle East (Shift),2013,,,,,,,
Middle East (Shift),2014,,,,,,,
Middle East (Shift),2015,,,,,,,
Middle East (Shift),2016,,,,,,,
Moldova,2000,MDA,4234969,7.230,5.450,662.390,7.156,92.844
Moldova,2001,MDA,4189769,7.980,5.850,670.090,6.154,93.846
Moldova,2002,MDA,4142937,7.880,5.640,668.440,6.206,93.794
Moldova,2003,MDA,4095418,9.220,5.770,668.980,6.239,93.761
Moldova,2004,MDA,4046672,8.740,5.800,670.690,6.034,93.966
Moldova,2005,MDA,3988668,9.110,5.970,671.690,6.030,93.970
Moldova,2006,MDA,3921320,9.590,6.080,671.050,6.086,93.914
Moldova,2007,MDA,3851397,8.800,5.870,671.210,5.963,94.037
Moldova,2008,MDA,3779503,8.970,6.010,668.890,6.323,93.677
Moldova,2009,MDA,3706212,7.650,6.190,672.050,5.654,94.346
Moldova,2010,MDA,3631990,6.140,6.110,666.120,6.547,93.453
Moldova,2011,MDA,3557278,6.450,5.780,669.550,6.055,93.945
Moldova,2012,MDA,3482629,6.660,5.810,679.860,4.647,95.353
Moldova,2013,MDA,3408741,5.970,4.510,665.190,6.874,93.126
Moldova,2014,MDA,3342715,6.100,5.370,670.390,6.145,93.855
Moldova,2015,MDA,3287168,6.060,6.040,682.120,4.470,95.530
Moldova,2016,MDA,3237798,5.850,5.850,683.760,4.103,95.897
Moldova,2017,MDA,3193500,6.090,4.960,669.360,6.250,93.750
Moldova,2018,MDA,3153779,6.340,5.380,672.860,5.948,94.052
Moldova,2019,MDA,3112561,6.330,5.690,669.600,6.503,93.497
Moldova,2020,MDA,3069135,6.350,6.180,673.140,5.825,94.175
Moldova,2021,MDA,3023780,6.820,6.660,668.170,6.607,93.393
Moldova,2022,MDA,3039986,6.170,5.330,647.280,9.568,90.432
Moldova,2023,MDA,3067072,6.430,6.350,642.520,9.606,90.394
Moldova,2024,MDA,3034967,6.060,6.070,634.270,10.708,89.292
Moldova,2025,MDA,2996104,6.170,6.160,633.120,11.201,88.799
Mongolia,2000,MNG,2455182,3.060,2.900,910.350,0.000,100.000
Mongolia,2001,MNG,2477704,3.150,2.970,909.090,0.000,100.000
Mongolia,2002,MNG,2500074,3.240,3.090,909.390,0.000,100.000
Mongolia,2003,MNG,2521809,3.270,3.110,909.970,0.000,100.000
Mongolia,2004,MNG,2542801,3.440,3.280,908.540,0.000,100.000
Mongolia,2005,MNG,2563466,3.560,3.400,908.820,0.000,100.000
Mongolia,2006,MNG,2584761,3.750,3.530,909.350,0.000,100.000
Mongolia,2007,MNG,2607976,3.910,3.710,905.660,0.000,100.000
Mongolia,2008,MNG,2634431,4.180,4.000,905.000,0.250,99.750
Mongolia,2009,MNG,2665333,4.180,4.040,898.520,0.743,99.257
Mongolia,2010,MNG,2701739,4.560,4.320,893.520,1.157,98.843
Mongolia,2011,MNG,2745183,4.790,4.540,889.870,1.322,98.678
Mongolia,2012,MNG,2795463,5.150,4.810,889.810,1.247,98.753
Mongolia,2013,MNG,2851887,6.200,5.020,880.480,2.390,97.610
Mongolia,2014,MNG,2913041,6.700,5.380,868.030,3.903,96.097
Mongolia,2015,MNG,2976528,6.880,5.510,867.510,3.993,96.007
Mongolia,2016,MNG,3040815,7.080,5.670,867.730,4.409,95.591
Mongolia,2017,MNG,3104371,7.580,6.030,865.670,4.146,95.854
Mongolia,2018,MNG,3167714,8.210,6.570,843.230,6.697,93.303
Mongolia,2019,MNG,3232118,8.640,6.940,812.680,9.942,90.058
Mongolia,2020,MNG,3290786,8.280,6.640,810.240,10.241,89.759
Mongolia,2021,MNG,3339676,9.240,7.440,802.420,11.156,88.844
Mongolia,2022,MNG,3386015,9.830,7.750,814.190,9.806,90.194
Mongolia,2023,MNG,3431938,10.680,8.290,816.650,9.168,90.832
Mongolia,2024,MNG,3475541,11.540,8.820,810.660,8.844,91.156
Mongolia,2025,MNG,3517097,12.410,9.690,816.310,8.359,91.641
Montenegro,2005,MNE,634059,4.660,2.870,369.340,65.157,34.843
Montenegro,2006,MNE,633876,4.820,2.950,427.120,59.322,40.678
Montenegro,2007,MNE,633388,4.730,2.140,420.560,59.813,40.187
Montenegro,2008,MNE,632855,4.610,2.830,477.030,54.417,45.583
Montenegro,2009,MNE,632445,3.810,2.760,271.740,75.000,25.000
Montenegro,2010,MNE,632088,4.020,4.020,338.310,68.408,31.592
Montenegro,2011,MNE,632689,4.210,2.650,566.040,45.283,54.717
Montenegro,2012,MNE,633546,4.060,2.850,501.750,51.930,48.070
Montenegro,2013,MNE,633199,3.600,3.940,385.790,63.452,36.548
Montenegro,2014,MNE,631377,3.430,3.170,466.880,55.205,44.795
Montenegro,2015,MNE,628145,3.520,3.000,523.330,49.667,50.333
Montenegro,2016,MNE,624246,3.440,3.140,433.120,58.599,41.401
Montenegro,2017,MNE,620112,3.600,2.480,564.520,45.161,54.839
Montenegro,2018,MNE,615798,3.600,3.800,426.320,59.211,40.789
Montenegro,2019,MNE,611671,3.680,3.430,454.810,56.268,43.732
Montenegro,2020,MNE,607934,3.470,3.390,495.580,52.212,47.788
Montenegro,2021,MNE,603854,3.600,3.770,400.530,61.804,38.196
Montenegro,2022,MNE,614649,3.180,3.310,483.380,53.172,46.828
Montenegro,2023,MNE,633553,3.320,4.190,410.500,60.859,39.141
Montenegro,2024,MNE,638481,3.370,3.530,422.100,59.490,40.510
Montenegro,2025,MNE,632730,4.340,2.460,264.230,75.610,24.390
Montserrat,2000,MSR,5053,0.010,0.010,1000.000,0.000,100.000
Montserrat,2001,MSR,4616,0.010,0.010,1000.000,0.000,100.000
Montserrat,2002,MSR,4500,0.010,0.010,1000.000,0.000,100.000
Montserrat,2003,MSR,4515,0.010,0.010,1000.000,0.000,100.000
Montserrat,2004,MSR,4541,0.010,0.010,1000.000,0.000,100.000
Montserrat,2005,MSR,4574,0.010,0.010,1000.000,0.000,100.000
Montserrat,2006,MSR,4606,0.010,0.010,1000.000,0.000,100.000
Montserrat,2007,MSR,4649,0.010,0.010,1000.000,0.000,100.000
Montserrat,2008,MSR,4700,0.010,0.010,1000.000,0.000,100.000
Montserrat,2009,MSR,4759,0.010,0.010,1000.000,0.000,100.000
Montserrat,2010,MSR,4819,0.010,0.010,1000.000,0.000,100.000
Montserrat,2011,MSR,4846,0.010,0.010,1000.000,0.000,100.000
Montserrat,2012,MSR,4822,0.010,0.010,1000.000,0.000,100.000
Montserrat,2013,MSR,4774,0.010,0.010,1000.000,0.000,100.000
Montserrat,2014,MSR,4738,0.010,0.010,1000.000,0.000,100.000
Montserrat,2015,MSR,4693,0.010,0.010,1000.000,0.000,100.000
Montserrat,2016,MSR,4665,0.010,0.010,1000.000,0.000,100.000
Montserrat,2017,MSR,4624,0.010,0.010,1000.000,0.000,100.000
Montserrat,2018,MSR,4595,0.010,0.010,1000.000,0.000,100.000
Montserrat,2019,MSR,4564,0.010,0.010,1000.000,0.000,100.000
Montserrat,2020,MSR,4532,0.010,0.010,1000.000,0.000,100.000
Montserrat,2021,MSR,4505,0.010,0.010,1000.000,0.000,100.000
Montserrat,2022,MSR,4476,0.010,0.010,1000.000,0.000,100.000
Montserrat,2023,MSR,4440,0.010,0.010,1000.000,0.000,100.000
Montserrat,2024,MSR,4414,0.010,0.010,1000.000,0.000,100.000
Morocco,2000,MAR,28423439,16.030,13.700,759.120,5.620,94.380
Morocco,2001,MAR,28814646,17.140,15.600,769.230,6.859,93.141
Morocco,2002,MAR,29198146,16.470,15.100,765.560,6.821,93.179
Morocco,2003,MAR,29571415,17.760,16.340,735.010,10.037,89.963
Morocco,2004,MAR,29953021,19.000,17.470,732.690,10.246,89.754
Morocco,2005,MAR,30358145,20.070,19.260,717.030,8.515,91.485
Morocco,2006,MAR,30771179,21.900,19.870,708.610,8.958,91.042
Morocco,2007,MAR,31186468,23.200,19.690,707.470,8.177,91.823
Morocco,2008,MAR,31606769,24.610,20.350,695.820,8.206,91.794
Morocco,2009,MAR,32030779,25.550,20.930,635.450,15.958,84.042
Morocco,2010,MAR,32467009,26.790,22.850,610.500,18.775,81.225
Morocco,2011,MAR,32912585,28.970,24.360,652.710,11.617,88.383
Morocco,2012,MAR,33355246,31.350,26.510,648.440,9.619,90.381
Morocco,2013,MAR,33787573,32.340,26.940,612.470,16.147,83.853
Morocco,2014,MAR,34204784,34.090,28.080,651.350,14.103,85.897
Morocco,2015,MAR,34607590,34.880,29.910,639.920,16.082,83.918
Morocco,2016,MAR,35023459,36.020,30.870,633.630,16.489,83.511
Morocco,2017,MAR,35446395,37.840,31.940,637.450,15.842,84.158
Morocco,2018,MAR,35839760,37.930,34.560,621.530,19.821,80.179
Morocco,2019,MAR,36210907,39.450,40.380,631.750,19.787,80.213
Morocco,2020,MAR,36584208,39.030,38.800,645.620,19.175,80.825
Morocco,2021,MAR,36954443,41.140,41.300,639.950,19.806,80.194
Morocco,2022,MAR,37329068,42.810,41.410,662.640,18.184,81.816
Morocco,2023,MAR,37712516,44.310,42.460,616.350,21.715,78.285
Morocco,2024,MAR,38081176,44.940,42.400,594.810,24.410,75.590
Morocco,2025,MAR,38430774,48.230,44.500,596.400,23.955,76.045
Mozambique,2000,MOZ,18129652,3.080,9.570,25.080,99.896,0.104
Mozambique,2001,MOZ,18537735,6.190,11.760,26.360,99.660,0.340
Mozambique,2002,MOZ,18958338,6.200,12.580,25.440,99.762,0.238
Mozambique,2003,MOZ,19392477,8.510,10.790,25.950,99.722,0.278
Mozambique,2004,MOZ,19840312,10.470,11.600,26.720,99.569,0.431
Mozambique,2005,MOZ,20304577,10.740,13.150,25.100,99.848,0.152
Mozambique,2006,MOZ,20787088,11.600,14.590,25.360,99.863,0.137
Mozambique,2007,MOZ,21287638,12.130,15.910,24.510,99.937,0.063
Mozambique,2008,MOZ,21819037,11.960,14.970,24.720,99.933,0.067
Mozambique,2009,MOZ,22391751,12.430,16.790,24.420,99.940,0.060
Mozambique,2010,MOZ,22999234,13.130,16.670,24.600,99.880,0.120
Mozambique,2011,MOZ,23649045,13.660,16.590,27.730,99.337,0.663
Mozambique,2012,MOZ,24337849,13.740,14.970,28.060,99.265,0.735
Mozambique,2013,MOZ,25051613,14.220,14.870,32.950,98.588,1.412
Mozambique,2014,MOZ,25788473,14.400,16.400,32.320,98.659,1.341
Mozambique,2015,MOZ,26547576,15.080,18.380,68.010,92.982,7.018
Mozambique,2016,MOZ,27337107,15.530,18.860,132.560,82.715,17.285
Mozambique,2017,MOZ,28166397,15.920,17.640,147.960,80.499,19.501
Mozambique,2018,MOZ,29018647,15.730,17.140,139.440,81.797,18.203
Mozambique,2019,MOZ,29884378,16.500,18.990,154.290,79.358,20.642
Mozambique,2020,MOZ,30783685,15.610,19.020,128.290,83.491,16.509
Mozambique,2021,MOZ,31707798,15.900,18.860,131.500,82.980,17.020
Mozambique,2022,MOZ,32656242,16.370,19.560,127.810,83.691,16.309
Mozambique,2023,MOZ,33635163,16.500,19.960,128.760,83.567,16.433
Mozambique,2024,MOZ,34631767,16.490,19.790,129.360,83.426,16.574
Myanmar,2000,MMR,45290850,5.100,5.100,568.630,36.667,63.333
Myanmar,2001,MMR,45771140,4.670,4.670,558.890,38.544,61.456
Myanmar,2002,MMR,46232656,5.070,5.070,550.300,41.617,58.383
Myanmar,2003,MMR,46667191,5.420,5.420,581.180,38.376,61.624
Myanmar,2004,MMR,47068779,5.610,5.610,543.670,42.959,57.041
Myanmar,2005,MMR,47438362,6.020,6.020,478.410,49.834,50.166
Myanmar,2006,MMR,47785141,6.180,6.180,438.510,53.883,46.117
Myanmar,2007,MMR,48125047,6.400,6.400,412.500,56.562,43.438
Myanmar,2008,MMR,48390790,6.620,6.620,371.600,61.480,38.520
Myanmar,2009,MMR,48660458,6.970,6.970,243.900,75.466,24.534
Myanmar,2010,MMR,49024376,8.620,8.620,277.260,71.810,28.190
Myanmar,2011,MMR,49419825,10.430,10.430,275.170,72.100,27.900
Myanmar,2012,MMR,49837451,11.160,11.160,284.050,71.326,28.674
Myanmar,2013,MMR,50262658,12.460,12.460,276.080,72.552,27.448
Myanmar,2014,MMR,50681635,14.390,14.390,366.230,62.960,37.040
Myanmar,2015,MMR,51089060,16.200,16.200,398.150,59.506,40.494
Myanmar,2016,MMR,51495701,15.740,18.120,439.850,55.188,44.812
Myanmar,2017,MMR,51894939,19.650,21.040,451.050,53.327,46.673
Myanmar,2018,MMR,52272250,20.210,21.640,405.270,58.179,41.821
Myanmar,2019,MMR,52640718,18.050,19.320,419.260,56.263,43.737
Myanmar,2020,MMR,53016525,17.540,18.780,487.220,48.669,51.331
Myanmar,2021,MMR,53387103,18.660,19.980,484.480,49.349,50.651
Myanmar,2022,MMR,53756791,23.050,23.250,563.870,40.860,59.140
Myanmar,2023,MMR,54133800,21.690,21.100,515.640,46.493,53.507
Myanmar,2024,MMR,54500086,21.920,21.710,502.990,47.858,52.142
Namibia,2000,NAM,1818650,2.130,1.440,41.670,97.222,2.778
Namibia,2001,NAM,1857059,2.210,1.210,24.790,100.000,0.000
Namibia,2002,NAM,1889976,2.320,1.430,27.970,99.301,0.699
Namibia,2003,NAM,1917469,2.420,1.430,27.970,99.301,0.699
Namibia,2004,NAM,1942087,2.920,1.380,28.990,99.275,0.725
Namibia,2005,NAM,1966581,3.360,1.690,41.420,98.225,1.775
Namibia,2006,NAM,1991890,3.520,1.610,80.750,93.789,6.211
Namibia,2007,NAM,2018607,3.580,1.570,44.590,98.089,1.911
Namibia,2008,NAM,2047059,3.670,1.570,121.020,88.535,11.465
Namibia,2009,NAM,2077400,3.560,1.500,66.670,94.667,5.333
Namibia,2010,NAM,2109815,3.690,1.310,53.440,96.183,3.817
Namibia,2011,NAM,2146331,3.850,1.450,48.280,97.241,2.759
Namibia,2012,NAM,2194656,4.100,1.670,47.900,97.006,2.994
Namibia,2013,NAM,2252505,4.170,1.350,51.850,95.556,4.444
Namibia,2014,NAM,2312143,4.330,1.530,32.680,99.346,0.654
Namibia,2015,NAM,2374305,4.170,1.580,44.300,97.468,2.532
Namibia,2016,NAM,2439219,4.450,1.480,54.050,95.946,4.054
Namibia,2017,NAM,2506854,4.580,1.770,62.150,96.045,3.955
Namibia,2018,NAM,2577327,4.630,1.410,42.550,98.582,1.418
Namibia,2019,NAM,2650499,4.420,1.380,57.970,96.377,3.623
Namibia,2020,NAM,2728760,4.190,2.000,60.000,96.500,3.500
Namibia,2021,NAM,2810552,3.950,1.510,46.360,97.351,2.649
Namibia,2022,NAM,2889668,4.070,1.320,45.460,98.485,1.515
Namibia,2023,NAM,2963102,4.180,1.890,47.620,97.884,2.116
Namibia,2024,NAM,3030127,4.040,1.640,48.780,97.561,2.439
Nauru,2000,NRU,10187,0.030,0.030,666.670,0.000,100.000
Nauru,2001,NRU,10147,0.030,0.030,666.670,0.000,100.000
Nauru,2002,NRU,10105,0.030,0.030,666.670,0.000,100.000
Nauru,2003,NRU,10086,0.030,0.030,666.670,0.000,100.000
Nauru,2004,NRU,10084,0.030,0.030,666.670,0.000,100.000
Nauru,2005,NRU,10071,0.030,0.030,666.670,0.000,100.000
Nauru,2006,NRU,10061,0.020,0.020,500.000,0.000,100.000
Nauru,2007,NRU,10042,0.020,0.020,500.000,0.000,100.000
Nauru,2008,NRU,10032,0.020,0.020,500.000,0.000,100.000
Nauru,2009,NRU,10041,0.020,0.020,500.000,0.000,100.000
Nauru,2010,NRU,10067,0.020,0.020,500.000,0.000,100.000
Nauru,2011,NRU,10116,0.020,0.020,500.000,0.000,100.000
Nauru,2012,NRU,10289,0.020,0.020,500.000,0.000,100.000
Nauru,2013,NRU,10539,0.020,0.020,500.000,0.000,100.000
Nauru,2014,NRU,10766,0.030,0.030,666.670,0.000,100.000
Nauru,2015,NRU,10975,0.030,0.030,666.670,0.000,100.000
Nauru,2016,NRU,11173,0.030,0.030,666.670,0.000,100.000
Nauru,2017,NRU,11351,0.030,0.030,666.670,0.000,100.000
Nauru,2018,NRU,11499,0.040,0.040,750.000,0.000,100.000
Nauru,2019,NRU,11609,0.040,0.040,750.000,0.000,100.000
Nauru,2020,NRU,11665,0.040,0.040,750.000,0.000,100.000
Nauru,2021,NRU,11727,0.040,0.040,750.000,0.000,100.000
Nauru,2022,NRU,11822,0.040,0.040,750.000,0.000,100.000
Nauru,2023,NRU,11900,0.040,0.040,750.000,0.000,100.000
Nauru,2024,NRU,11968,0.050,0.050,600.000,20.000,80.000
Nepal,2000,NPL,24546509,1.750,1.650,36.360,98.182,1.818
Nepal,2001,NPL,24946755,1.940,1.850,27.030,98.919,1.081
Nepal,2002,NPL,25328989,2.060,2.100,23.810,100.000,0.000
Nepal,2003,NPL,25688762,2.200,2.260,22.120,100.000,0.000
Nepal,2004,NPL,26016652,2.520,2.390,29.290,99.582,0.418
Nepal,2005,NPL,26309462,2.680,2.510,27.890,99.203,0.797
Nepal,2006,NPL,26565430,2.970,2.720,25.740,99.632,0.368
Nepal,2007,NPL,26788498,3.140,2.770,28.880,99.639,0.361
Nepal,2008,NPL,26990036,3.100,2.790,28.670,99.642,0.358
Nepal,2009,NPL,27173035,3.640,3.080,25.970,99.675,0.325
Nepal,2010,NPL,27341955,3.840,3.180,25.160,100.000,0.000
Nepal,2011,NPL,27464499,4.200,3.460,23.120,100.000,0.000
Nepal,2012,NPL,27534916,4.320,3.530,25.500,99.433,0.567
Nepal,2013,NPL,27589997,4.820,3.500,25.710,99.714,0.286
Nepal,2014,NPL,27672373,5.170,3.800,23.680,100.000,0.000
Nepal,2015,NPL,27823631,5.230,3.460,23.120,100.000,0.000
Nepal,2016,NPL,27955471,6.350,4.180,23.920,100.000,0.000
Nepal,2017,NPL,28011258,7.160,4.580,24.020,100.000,0.000
Nepal,2018,NPL,28079688,7.620,4.840,22.730,100.000,0.000
Nepal,2019,NPL,28414066,7.770,6.150,22.760,100.000,0.000
Nepal,2020,NPL,28966580,8.950,6.180,22.650,100.000,0.000
Nepal,2021,NPL,29475016,10.680,9.630,23.880,100.000,0.000
Nepal,2022,NPL,29715435,11.190,10.700,23.360,100.000,0.000
Nepal,2023,NPL,29694614,10.650,10.700,23.360,100.000,0.000
Nepal,2024,NPL,29651054,11.030,11.130,24.260,100.000,0.000
Netherlands,2000,NLD,16058757,106.970,88.060,540.310,3.373,92.164
Netherlands,2001,NLD,16182705,109.420,92.140,541.030,3.592,92.088
Netherlands,2002,NLD,16288060,111.020,94.640,538.780,4.205,91.663
Netherlands,2003,NLD,16366914,112.460,95.470,540.800,4.148,91.641
Netherlands,2004,NLD,16425562,116.040,99.820,522.740,5.310,90.864
Netherlands,2005,NLD,16465707,116.820,98.530,511.720,7.571,88.369
Netherlands,2006,NLD,16493851,118.980,97.520,511.380,8.265,88.177
Netherlands,2007,NLD,16531360,121.290,103.680,509.740,7.321,88.628
Netherlands,2008,NLD,16597259,122.060,106.210,494.400,8.973,87.101
Netherlands,2009,NLD,16684148,117.240,112.350,486.690,9.640,86.578
Netherlands,2010,NLD,16771232,120.880,118.100,478.150,9.475,87.163
Netherlands,2011,NLD,16851061,121.730,112.640,472.300,10.938,85.387
Netherlands,2012,NLD,16915191,119.380,102.270,494.480,12.193,83.984
Netherlands,2013,NLD,16967066,118.800,100.560,500.600,12.033,85.093
Netherlands,2014,NLD,17030085,116.830,102.100,521.250,11.410,84.584
Netherlands,2015,NLD,17107429,117.740,108.990,551.430,12.561,83.696
Netherlands,2016,NLD,17204693,118.870,113.960,524.570,12.969,83.556
Netherlands,2017,NLD,17315376,119.550,116.040,489.660,15.021,82.049
Netherlands,2018,NLD,17421285,121.070,113.100,467.110,16.693,80.203
Netherlands,2019,NLD,17537505,120.910,120.050,410.000,18.992,77.751
Netherlands,2020,NLD,17636732,119.300,121.960,342.900,26.837,69.810
Netherlands,2021,NLD,17730565,121.140,120.890,351.970,33.452,63.380
Netherlands,2022,NLD,17904421,115.690,119.960,325.610,40.097,56.435
Netherlands,2023,NLD,18092526,114.300,119.960,268.170,47.382,49.291
Netherlands,2024,NLD,18228740,118.110,122.330,250.720,50.740,46.342
Netherlands,2025,NLD,18346823,121.110,134.960,253.560,51.200,45.843
Netherlands Antilles,2000,ANT,178219,,,,,
Netherlands Antilles,2001,ANT,177940,,,,,
Netherlands Antilles,2002,ANT,178514,,,,,
Netherlands Antilles,2003,ANT,179829,,,,,
Netherlands Antilles,2004,ANT,181695,,,,,
Netherlands Antilles,2005,ANT,183927,,,,,
Netherlands Antilles,2006,ANT,186541,,,,,
Netherlands Antilles,2007,ANT,189515,,,,,
Netherlands Antilles,2008,ANT,192610,,,,,
Netherlands Antilles,2009,ANT,195519,,,,,
Netherlands Antilles,2010,ANT,198009,,,,,
Netherlands Antilles,2011,ANT,,,,,,
Netherlands Antilles,2012,ANT,,,,,,
Netherlands Antilles,2013,ANT,,,,,,
Netherlands Antilles,2014,ANT,,,,,,
Netherlands Antilles,2015,ANT,,,,,,
Netherlands Antilles,2016,ANT,,,,,,
Netherlands Antilles,2017,ANT,,,,,,
Netherlands Antilles,2018,ANT,,,,,,
Netherlands Antilles,2019,ANT,,,,,,
Netherlands Antilles,2020,ANT,,,,,,
Netherlands Antilles,2021,ANT,,,,,,
Netherlands Antilles,2022,ANT,,,,,,
Netherlands Antilles,2023,ANT,,,,,,
Netherlands Antilles,2024,ANT,,,,,,
New Caledonia,2000,NCL,223110,1.640,1.640,506.100,27.439,72.561
New Caledonia,2001,NCL,227714,1.720,1.720,546.510,21.512,78.488
New Caledonia,2002,NCL,232239,1.750,1.750,571.430,18.857,81.143
New Caledonia,2003,NCL,236684,1.750,1.750,565.710,18.286,81.714
New Caledonia,2004,NCL,240865,1.670,1.670,556.890,19.760,80.240
New Caledonia,2005,NCL,244391,1.880,1.880,558.510,19.149,80.851
New Caledonia,2006,NCL,247557,1.870,1.870,577.540,16.578,83.422
New Caledonia,2007,NCL,250730,1.930,1.930,538.860,22.280,77.720
New Caledonia,2008,NCL,253831,1.860,1.860,505.380,25.806,74.194
New Caledonia,2009,NCL,257261,1.940,1.940,541.240,22.165,77.835
New Caledonia,2010,NCL,261580,2.120,2.120,622.640,14.623,85.377
New Caledonia,2011,NCL,266550,2.260,2.260,592.920,18.584,81.416
New Caledonia,2012,NCL,271640,2.290,2.290,576.420,20.087,79.913
New Caledonia,2013,NCL,276832,2.510,2.510,577.690,20.319,79.681
New Caledonia,2014,NCL,281233,3.010,3.010,634.550,11.628,88.372
New Caledonia,2015,NCL,283179,2.900,2.900,627.590,14.138,85.862
New Caledonia,2016,NCL,283432,3.140,3.140,675.160,9.236,90.764
New Caledonia,2017,NCL,283554,3.230,3.230,656.350,13.622,86.378
New Caledonia,2018,NCL,283551,3.500,3.500,665.710,12.000,88.000
New Caledonia,2019,NCL,283616,3.330,3.330,663.660,13.814,86.186
New Caledonia,2020,NCL,284187,3.240,3.240,657.410,15.741,84.259
New Caledonia,2021,NCL,285227,2.910,2.910,597.940,22.337,77.663
New Caledonia,2022,NCL,287130,3.090,3.090,566.340,26.214,73.786
New Caledonia,2023,NCL,289879,3.090,3.090,566.340,26.214,73.786
New Caledonia,2024,NCL,292655,3.120,3.120,560.900,26.923,73.077
New Zealand,2000,NZL,3857576,38.910,38.910,184.270,71.755,28.245
New Zealand,2001,NZL,3891763,39.280,39.280,230.400,63.646,36.354
New Zealand,2002,NZL,3951116,40.210,40.210,197.710,69.634,30.366
New Zealand,2003,NZL,4022585,40.370,40.370,231.110,66.089,33.911
New Zealand,2004,NZL,4083912,42.270,42.270,204.160,72.392,27.608
New Zealand,2005,NZL,4135002,42.480,42.480,254.240,64.407,35.593
New Zealand,2006,NZL,4181943,43.040,43.040,248.840,64.777,35.223
New Zealand,2007,NZL,4223270,43.380,43.380,227.060,65.491,34.509
New Zealand,2008,NZL,4261819,43.390,43.390,246.830,64.231,35.769
New Zealand,2009,NZL,4304304,42.950,42.950,196.510,71.688,28.312
New Zealand,2010,NZL,4347766,44.310,44.310,179.420,73.121,26.879
New Zealand,2011,NZL,4382699,43.860,43.860,165.980,75.992,24.008
New Zealand,2012,NZL,4411682,43.750,43.750,198.170,71.726,28.274
New Zealand,2013,NZL,4453857,42.700,42.700,177.050,74.192,25.808
New Zealand,2014,NZL,4522976,42.920,42.920,148.420,79.101,20.899
New Zealand,2015,NZL,4614035,43.570,43.570,142.760,80.078,19.922
New Zealand,2016,NZL,4714768,43.150,43.150,114.480,84.334,15.666
New Zealand,2017,NZL,4812749,43.660,43.660,131.930,81.219,18.781
New Zealand,2018,NZL,4900840,43.730,43.730,123.710,83.398,16.602
New Zealand,2019,NZL,4989410,43.750,43.750,133.710,82.423,17.577
New Zealand,2020,NZL,5069895,43.350,43.350,142.100,80.923,19.077
New Zealand,2021,NZL,5107694,43.550,43.550,144.890,81.722,18.278
New Zealand,2022,NZL,5131731,43.250,43.250,103.120,86.936,13.064
New Zealand,2023,NZL,5172837,42.890,42.890,87.200,89.625,10.375
New Zealand,2024,NZL,5213942,44.010,44.010,112.020,85.980,14.020
New Zealand,2025,NZL,5251897,43.340,43.340,92.760,88.533,11.467
Nicaragua,2000,NIC,5022636,2.390,2.280,530.700,21.491,78.509
Nicaragua,2001,NIC,5087827,2.490,2.470,538.460,19.838,80.162
Nicaragua,2002,NIC,5149914,2.560,2.550,513.730,25.098,74.902
Nicaragua,2003,NIC,5210970,2.690,2.700,500.000,27.407,72.593
Nicaragua,2004,NIC,5272909,2.810,2.810,498.220,28.114,71.886
Nicaragua,2005,NIC,5342108,2.880,2.860,454.550,35.664,64.336
Nicaragua,2006,NIC,5418857,3.170,3.130,488.820,30.032,69.968
Nicaragua,2007,NIC,5497247,3.260,3.200,500.000,28.750,71.250
Nicaragua,2008,NIC,5576597,3.390,3.360,452.380,35.417,64.583
Nicaragua,2009,NIC,5656602,3.450,3.450,484.060,30.725,69.275
Nicaragua,2010,NIC,5737451,3.620,3.650,443.840,36.712,63.288
Nicaragua,2011,NIC,5819051,3.780,3.810,461.940,33.858,66.142
Nicaragua,2012,NIC,5901290,4.050,4.030,409.430,42.680,57.320
Nicaragua,2013,NIC,5983852,4.210,4.170,347.720,52.278,47.722
Nicaragua,2014,NIC,6066493,4.430,4.460,338.570,53.812,46.188
Nicaragua,2015,NIC,6149417,4.600,4.590,361.660,50.109,49.891
Nicaragua,2016,NIC,6232664,4.780,4.590,348.580,52.288,47.712
Nicaragua,2017,NIC,6316235,4.850,4.520,329.650,55.973,44.027
Nicaragua,2018,NIC,6400074,4.850,4.650,313.980,58.710,41.290
Nicaragua,2019,NIC,6483660,5.010,4.580,334.060,56.987,43.013
Nicaragua,2020,NIC,6565267,4.860,3.790,250.660,69.921,30.079
Nicaragua,2021,NIC,6644745,5.210,4.210,261.280,69.121,30.879
Nicaragua,2022,NIC,6730662,5.380,4.320,289.350,64.120,35.880
Nicaragua,2023,NIC,6823619,5.340,4.520,300.890,62.389,37.611
Nicaragua,2024,NIC,6916136,5.420,4.520,300.890,62.389,37.611
Niger,2000,NER,11509634,0.410,0.210,809.520,0.000,100.000
Niger,2001,NER,11920648,0.400,0.180,777.780,0.000,100.000
Niger,2002,NER,12349150,0.400,0.190,789.470,0.000,100.000
Niger,2003,NER,12796979,0.430,0.200,800.000,0.000,100.000
Niger,2004,NER,13265843,0.490,0.200,800.000,0.000,100.000
Niger,2005,NER,13756192,0.570,0.230,826.090,0.000,100.000
Niger,2006,NER,14268583,0.570,0.220,818.180,0.000,100.000
Niger,2007,NER,14803604,0.670,0.220,818.180,0.000,100.000
Niger,2008,NER,15361921,0.680,0.220,818.180,0.000,100.000
Niger,2009,NER,15943673,0.790,0.260,807.690,0.000,100.000
Niger,2010,NER,16548833,0.840,0.290,793.100,0.000,100.000
Niger,2011,NER,17176286,0.950,0.340,794.120,0.000,100.000
Niger,2012,NER,17836770,1.030,0.390,769.230,0.000,100.000
Niger,2013,NER,18519899,1.040,0.440,772.730,0.000,100.000
Niger,2014,NER,19215917,1.180,0.450,755.560,2.222,97.778
Niger,2015,NER,19939496,1.320,0.540,722.220,1.852,98.148
Niger,2016,NER,20685758,1.480,0.700,714.290,1.429,98.571
Niger,2017,NER,21435449,1.410,0.560,714.290,1.786,98.214
Niger,2018,NER,22188074,1.520,0.530,698.110,1.887,98.113
Niger,2019,NER,22947765,1.730,0.670,686.570,2.985,97.015
Niger,2020,NER,23717615,1.780,0.670,701.490,2.985,97.015
Niger,2021,NER,24502145,1.830,0.710,690.140,2.817,97.183
Niger,2022,NER,25311978,1.950,0.790,683.540,2.532,97.468
Niger,2023,NER,26159863,2.210,0.970,680.410,2.062,97.938
Niger,2024,NER,27032417,2.150,0.950,673.680,3.158,96.842
Nigeria,2000,NGA,126382490,14.720,14.740,411.810,38.263,61.737
Nigeria,2001,NGA,129862594,15.440,15.470,411.770,38.268,61.732
Nigeria,2002,NGA,133471995,21.520,21.550,412.070,38.237,61.763
Nigeria,2003,NGA,137202646,20.160,20.200,420.300,36.931,63.069
Nigeria,2004,NGA,141057045,24.270,24.290,442.160,33.429,66.571
Nigeria,2005,NGA,145017256,23.550,23.550,444.590,33.036,66.964
Nigeria,2006,NGA,149077335,23.120,23.120,481.830,27.119,72.881
Nigeria,2007,NGA,153267254,22.990,22.990,481.950,27.142,72.858
Nigeria,2008,NGA,157595014,21.120,21.120,482.010,27.131,72.869
Nigeria,2009,NGA,162049466,19.790,19.790,508.340,22.941,77.059
Nigeria,2010,NGA,166642888,26.130,26.130,499.040,24.416,75.584
Nigeria,2011,NGA,171379602,27.040,27.040,515.530,21.783,78.217
Nigeria,2012,NGA,176200627,28.740,28.740,527.840,19.798,80.202
Nigeria,2013,NGA,181049440,28.930,28.930,535.780,18.562,81.438
Nigeria,2014,NGA,185896917,32.280,32.280,547.400,16.698,83.302
Nigeria,2015,NGA,190671883,33.170,33.170,529.700,19.506,80.494
Nigeria,2016,NGA,195443698,34.600,36.540,511.220,22.469,77.531
Nigeria,2017,NGA,200254580,29.780,32.240,500.000,24.194,75.806
Nigeria,2018,NGA,204938752,33.710,36.710,519.480,21.166,78.834
Nigeria,2019,NGA,209485637,34.130,36.460,505.760,23.341,76.659
Nigeria,2020,NGA,213996185,34.990,38.000,523.420,20.553,79.447
Nigeria,2021,NGA,218529286,36.140,39.200,522.700,20.663,79.337
Nigeria,2022,NGA,223150906,35.570,38.000,497.370,24.711,75.289
Nigeria,2023,NGA,227882949,38.600,40.920,510.260,22.678,77.322
Nigeria,2024,NGA,232679482,35.260,37.560,495.740,25.000,75.000
Nigeria,2025,NGA,237527788,39.240,41.540,455.710,31.319,68.681
Niue,2000,NIU,2068,0.000,0.000,,,
Niue,2001,NIU,2007,0.000,0.000,,,
Niue,2002,NIU,1965,0.000,0.000,,,
Niue,2003,NIU,1928,0.000,0.000,,,
Niue,2004,NIU,1891,0.000,0.000,,,
Niue,2005,NIU,1849,0.000,0.000,,,
Niue,2006,NIU,1818,0.000,0.000,,,
Niue,2007,NIU,1810,0.000,0.000,,,
Niue,2008,NIU,1805,0.000,0.000,,,
Niue,2009,NIU,1801,0.000,0.000,,,
Niue,2010,NIU,1786,0.000,0.000,,,
Niue,2011,NIU,1776,0.000,0.000,,,
Niue,2012,NIU,1784,0.000,0.000,,,
Niue,2013,NIU,1786,0.000,0.000,,,
Niue,2014,NIU,1792,0.000,0.000,,,
Niue,2015,NIU,1803,0.000,0.000,,,
Niue,2016,NIU,1806,0.000,0.000,,,
Niue,2017,NIU,1803,0.000,0.000,,,
Niue,2018,NIU,1805,0.000,0.000,,,
Niue,2019,NIU,1814,0.000,0.000,,,
Niue,2020,NIU,1822,0.000,0.000,,,
Niue,2021,NIU,1836,0.000,0.000,,,
Niue,2022,NIU,1844,0.000,0.000,,,
Niue,2023,NIU,1841,0.000,0.000,,,
Non-OECD (EI),2000,,,,5650.492,,22.769,71.130
Non-OECD (EI),2001,,,,5889.253,,22.475,71.403
Non-OECD (EI),2002,,,,6219.996,,21.702,72.181
Non-OECD (EI),2003,,,,6679.009,,20.582,73.331
Non-OECD (EI),2004,,,,7230.254,,21.355,72.867
Non-OECD (EI),2005,,,,7720.534,,21.141,73.391
Non-OECD (EI),2006,,,,8335.244,,20.778,73.974
Non-OECD (EI),2007,,,,8987.558,,20.380,74.634
Non-OECD (EI),2008,,,,9357.122,,21.145,73.958
Non-OECD (EI),2009,,,,9628.737,,20.980,74.269
Non-OECD (EI),2010,,,,10517.919,,21.035,74.184
Non-OECD (EI),2011,,,,11251.507,,20.271,74.997
Non-OECD (EI),2012,,,,11797.560,,20.990,74.381
Non-OECD (EI),2013,,,,12439.502,,21.494,74.042
Non-OECD (EI),2014,,,,13101.251,,21.946,73.490
Non-OECD (EI),2015,,,,13283.661,,22.271,72.863
Non-OECD (EI),2016,,,,13848.248,,23.104,71.826
Non-OECD (EI),2017,,,,14547.094,,23.601,71.267
Non-OECD (EI),2018,,,,15399.516,,24.181,70.634
Non-OECD (EI),2019,,,,15902.446,,25.018,69.533
Non-OECD (EI),2020,,,,16076.176,,26.310,68.203
Non-OECD (EI),2021,,,,17289.293,,26.492,67.958
Non-OECD (EI),2022,,,,17844.158,,27.924,66.615
Non-OECD (EI),2023,,,,18768.209,,28.353,66.326
Non-OECD (EI),2024,,,,19806.184,,29.979,64.768
Non-OECD (EIA),2000,,,,,,,
Non-OECD (EIA),2001,,,,,,,
Non-OECD (EIA),2002,,,,,,,
Non-OECD (EIA),2003,,,,,,,
Non-OECD (EIA),2004,,,,,,,
Non-OECD (EIA),2005,,,,,,,
Non-OECD (EIA),2006,,,,,,,
Non-OECD (EIA),2007,,,,,,,
Non-OECD (EIA),2008,,,,,,,
Non-OECD (EIA),2009,,,,,,,
Non-OECD (EIA),2010,,,,,,,
Non-OECD (EIA),2011,,,,,,,
Non-OECD (EIA),2012,,,,,,,
Non-OECD (EIA),2013,,,,,,,
Non-OECD (EIA),2014,,,,,,,
Non-OECD (EIA),2015,,,,,,,
Non-OECD (EIA),2016,,,,,,,
Non-OECD (EIA),2017,,,,,,,
Non-OECD (EIA),2018,,,,,,,
Non-OECD (EIA),2019,,,,,,,
Non-OECD (EIA),2020,,,,,,,
Non-OECD (EIA),2021,,,,,,,
Non-OECD (EIA),2022,,,,,,,
Non-OECD (EIA),2023,,,,,,,
Non-OPEC (EI),2000,,,,,,,
Non-OPEC (EI),2001,,,,,,,
Non-OPEC (EI),2002,,,,,,,
Non-OPEC (EI),2003,,,,,,,
Non-OPEC (EI),2004,,,,,,,
Non-OPEC (EI),2005,,,,,,,
Non-OPEC (EI),2006,,,,,,,
Non-OPEC (EI),2007,,,,,,,
Non-OPEC (EI),2008,,,,,,,
Non-OPEC (EI),2009,,,,,,,
Non-OPEC (EI),2010,,,,,,,
Non-OPEC (EI),2011,,,,,,,
Non-OPEC (EI),2012,,,,,,,
Non-OPEC (EI),2013,,,,,,,
Non-OPEC (EI),2014,,,,,,,
Non-OPEC (EI),2015,,,,,,,
Non-OPEC (EI),2016,,,,,,,
Non-OPEC (EI),2017,,,,,,,
Non-OPEC (EI),2018,,,,,,,
Non-OPEC (EI),2019,,,,,,,
Non-OPEC (EI),2020,,,,,,,
Non-OPEC (EI),2021,,,,,,,
Non-OPEC (EI),2022,,,,,,,
Non-OPEC (EI),2023,,,,,,,
Non-OPEC (EI),2024,,,,,,,
Non-OPEC (EIA),2000,,,,,,,
Non-OPEC (EIA),2001,,,,,,,
Non-OPEC (EIA),2002,,,,,,,
Non-OPEC (EIA),2003,,,,,,,
Non-OPEC (EIA),2004,,,,,,,
Non-OPEC (EIA),2005,,,,,,,
Non-OPEC (EIA),2006,,,,,,,
Non-OPEC (EIA),2007,,,,,,,
Non-OPEC (EIA),2008,,,,,,,
Non-OPEC (EIA),2009,,,,,,,
Non-OPEC (EIA),2010,,,,,,,
Non-OPEC (EIA),2011,,,,,,,
Non-OPEC (EIA),2012,,,,,,,
Non-OPEC (EIA),2013,,,,,,,
Non-OPEC (EIA),2014,,,,,,,
Non-OPEC (EIA),2015,,,,,,,
Non-OPEC (EIA),2016,,,,,,,
Non-OPEC (EIA),2017,,,,,,,
Non-OPEC (EIA),2018,,,,,,,
Non-OPEC (EIA),2019,,,,,,,
Non-OPEC (EIA),2020,,,,,,,
Non-OPEC (EIA),2021,,,,,,,
Non-OPEC (EIA),2022,,,,,,,
Non-OPEC (EIA),2023,,,,,,,
North America,2000,,485805117,4708.070,4709.230,555.942,16.516,65.766
North America,2001,,491432309,4627.920,4627.970,560.451,14.611,66.943
North America,2002,,497028245,4766.290,4766.250,552.527,15.695,66.160
North America,2003,,502587589,4792.490,4792.510,559.790,15.527,66.767
North America,2004,,508166874,4895.200,4895.480,553.784,15.333,66.539
North America,2005,,513798980,5017.210,5017.700,553.511,15.679,66.699
North America,2006,,519545243,5029.860,5031.100,545.769,16.093,66.111
North America,2007,,525495121,5161.940,5162.570,549.223,15.306,67.073
North America,2008,,531570001,5132.090,5132.340,539.380,16.413,65.830
North America,2009,,537617447,4941.990,4942.230,518.691,17.463,64.351
North America,2010,,543593308,5120.950,5120.430,525.682,17.049,65.319
North America,2011,,549552428,5145.700,5145.190,506.393,19.115,63.524
North America,2012,,555486393,5106.180,5104.170,490.805,19.076,63.834
North America,2013,,561345659,5147.930,5141.660,489.297,19.684,62.744
North America,2014,,567078666,5193.710,5185.950,485.747,20.126,62.262
North America,2015,,572637322,5200.810,5193.760,465.761,20.514,61.968
North America,2016,,578186332,5219.850,5215.950,448.329,21.967,60.452
North America,2017,,583669319,5183.450,5187.940,434.668,23.989,58.346
North America,2018,,589049569,5349.980,5352.140,430.521,23.728,59.071
North America,2019,,594346844,5297.950,5304.200,412.984,24.362,58.273
North America,2020,,598250669,5159.360,5164.450,385.636,26.684,55.917
North America,2021,,600876349,5275.080,5282.670,394.189,27.198,56.077
North America,2022,,604356255,5427.910,5436.590,383.810,28.537,55.478
North America,2023,,608770547,5393.690,5401.650,375.165,27.938,55.850
North America,2024,,613150315,5536.760,5533.950,369.118,28.842,55.262
North America (EI),2000,,,,4859.697,,15.452,66.152
North America (EI),2001,,,,4782.435,,13.815,67.193
North America (EI),2002,,,,4927.290,,14.851,66.442
North America (EI),2003,,,,4951.151,,14.670,66.943
North America (EI),2004,,,,5065.589,,14.433,66.827
North America (EI),2005,,,,5191.237,,14.762,66.939
North America (EI),2006,,,,5195.605,,15.179,66.374
North America (EI),2007,,,,5329.271,,14.417,67.330
North America (EI),2008,,,,5294.506,,15.466,66.091
North America (EI),2009,,,,5088.125,,16.522,64.549
North America (EI),2010,,,,5276.831,,16.072,65.680
North America (EI),2011,,,,5293.802,,18.146,63.835
North America (EI),2012,,,,5243.514,,18.094,64.150
North America (EI),2013,,,,5283.092,,18.708,63.061
North America (EI),2014,,,,5319.550,,19.050,62.609
North America (EI),2015,,,,5321.304,,19.404,62.320
North America (EI),2016,,,,5336.349,,20.818,60.829
North America (EI),2017,,,,5302.228,,22.743,58.815
North America (EI),2018,,,,5475.011,,22.462,59.591
North America (EI),2019,,,,5414.358,,23.185,58.652
North America (EI),2020,,,,5269.222,,25.367,56.522
North America (EI),2021,,,,5381.902,,25.799,56.768
North America (EI),2022,,,,5541.950,,27.142,56.222
North America (EI),2023,,,,5492.188,,26.689,56.422
North America (EI),2024,,,,5626.773,,27.600,55.861
North America (Ember),2000,,,4406.210,4406.210,557.910,16.274,64.976
North America (Ember),2001,,,4315.610,4315.610,561.620,14.407,66.013
North America (Ember),2002,,,4444.330,4444.330,552.660,15.666,65.094
North America (Ember),2003,,,4457.520,4457.520,559.500,15.606,65.592
North America (Ember),2004,,,4550.780,4550.780,554.140,15.261,65.440
North America (Ember),2005,,,4655.830,4655.830,553.810,15.592,65.649
North America (Ember),2006,,,4655.720,4655.720,545.920,16.016,64.985
North America (Ember),2007,,,4777.120,4777.120,549.240,15.234,65.942
North America (Ember),2008,,,4743.010,4743.010,540.710,16.163,64.829
North America (Ember),2009,,,4554.100,4554.100,516.370,17.571,62.923
North America (Ember),2010,,,4721.380,4721.380,525.010,16.848,64.154
North America (Ember),2011,,,4727.590,4727.590,503.950,19.180,62.139
North America (Ember),2012,,,4677.660,4677.660,486.550,19.156,62.384
North America (Ember),2013,,,4711.760,4711.760,485.180,19.870,61.204
North America (Ember),2014,,,4749.460,4749.460,482.550,20.096,60.876
North America (Ember),2015,,,4745.580,4745.580,460.210,20.629,60.443
North America (Ember),2016,,,4755.170,4755.170,440.880,22.208,58.730
North America (Ember),2017,,,4722.160,4722.160,426.890,24.314,56.510
North America (Ember),2018,,,4863.270,4863.270,422.910,23.996,57.352
North America (Ember),2019,,,4814.570,4814.570,402.720,24.714,56.387
North America (Ember),2020,,,4699.590,4699.590,376.810,26.781,54.336
North America (Ember),2021,,,4806.530,4806.530,388.680,26.992,54.873
North America (Ember),2022,,,4951.510,4951.510,376.850,28.498,54.171
North America (Ember),2023,,,4895.910,4895.910,364.230,28.283,54.084
North America (Ember),2024,,,5028.410,5028.410,358.620,29.162,53.589
North America (Ember),2025,,,5172.820,5172.820,359.950,30.471,52.708
North America (Shift),2000,,,,,,,
North America (Shift),2001,,,,,,,
North America (Shift),2002,,,,,,,
North America (Shift),2003,,,,,,,
North America (Shift),2004,,,,,,,
North America (Shift),2005,,,,,,,
North America (Shift),2006,,,,,,,
North America (Shift),2007,,,,,,,
North America (Shift),2008,,,,,,,
North America (Shift),2009,,,,,,,
North America (Shift),2010,,,,,,,
North America (Shift),2011,,,,,,,
North America (Shift),2012,,,,,,,
North America (Shift),2013,,,,,,,
North America (Shift),2014,,,,,,,
North America (Shift),2015,,,,,,,
North America (Shift),2016,,,,,,,
North Korea,2000,PRK,23665909,19.300,19.300,434.720,52.332,47.668
North Korea,2001,PRK,23815364,20.090,20.090,433.550,52.215,47.785
North Korea,2002,PRK,23943975,19.660,19.660,422.180,53.459,46.541
North Korea,2003,PRK,24090382,20.880,20.880,404.690,55.556,44.444
North Korea,2004,PRK,24254946,21.860,21.860,395.700,56.633,43.367
North Korea,2005,PRK,24396434,22.770,22.770,393.940,57.093,42.907
North Korea,2006,PRK,24524508,22.310,22.310,405.650,55.984,44.016
North Korea,2007,PRK,24646384,21.390,21.390,355.310,61.477,38.523
North Korea,2008,PRK,24764620,23.060,23.060,365.130,60.408,39.592
North Korea,2009,PRK,24878338,23.380,23.380,432.850,52.951,47.049
North Korea,2010,PRK,24987257,23.570,23.570,404.330,56.300,43.700
North Korea,2011,PRK,25097877,20.870,20.870,346.910,62.626,37.374
North Korea,2012,PRK,25211737,21.360,21.360,348.320,62.547,37.453
North Korea,2013,PRK,25329456,21.970,21.970,347.290,62.676,37.324
North Korea,2014,PRK,25451263,21.480,21.480,371.040,59.963,40.037
North Korea,2015,PRK,25575355,18.930,18.930,433.180,52.456,47.544
North Korea,2016,PRK,25698325,23.810,23.810,425.870,53.381,46.619
North Korea,2017,PRK,25817710,23.430,23.430,452.840,50.491,49.509
North Korea,2018,PRK,25931153,24.830,24.830,446.230,51.269,48.731
North Korea,2019,PRK,26037633,23.880,23.880,486.600,46.399,53.601
North Korea,2020,PRK,26136312,24.100,24.100,424.480,53.527,46.473
North Korea,2021,PRK,26232530,25.630,25.630,342.570,63.324,36.676
North Korea,2022,PRK,26328843,26.550,26.550,344.260,63.089,36.911
North Korea,2023,PRK,26418196,26.720,26.720,346.180,62.687,37.313
North Korea,2024,PRK,26498832,27.100,27.100,340.590,63.358,36.642
North Macedonia,2000,MKD,2057254,6.920,6.810,822.320,17.181,82.819
North Macedonia,2001,MKD,2066300,6.800,6.370,907.380,9.890,90.110
North Macedonia,2002,MKD,2074482,6.880,6.090,880.130,12.479,87.521
North Macedonia,2003,MKD,2081417,7.680,6.730,811.290,20.357,79.643
North Macedonia,2004,MKD,2086581,7.840,6.660,794.290,22.222,77.778
North Macedonia,2005,MKD,2089809,8.540,6.940,802.590,21.470,78.530
North Macedonia,2006,MKD,2089232,8.800,7.010,768.900,23.538,76.462
North Macedonia,2007,MKD,2081972,8.990,6.500,835.390,15.538,84.462
North Macedonia,2008,MKD,2070837,9.040,6.310,873.220,13.312,86.688
North Macedonia,2009,MKD,2060601,8.260,6.820,816.720,18.622,81.378
North Macedonia,2010,MKD,2051510,8.680,7.260,677.690,33.471,66.529
North Macedonia,2011,MKD,2040445,9.440,6.760,794.380,21.154,78.846
North Macedonia,2012,MKD,2027288,8.930,6.260,819.490,16.613,83.387
North Macedonia,2013,MKD,2013280,8.520,6.090,719.210,26.108,73.892
North Macedonia,2014,MKD,1997842,8.340,5.380,749.070,23.978,76.022
North Macedonia,2015,MKD,1980366,8.160,5.650,631.860,35.929,64.071
North Macedonia,2016,MKD,1961268,7.660,5.630,593.250,36.767,63.233
North Macedonia,2017,MKD,1940877,7.580,5.600,705.360,23.036,76.964
North Macedonia,2018,MKD,1919730,7.530,5.610,595.370,34.938,65.062
North Macedonia,2019,MKD,1897643,7.700,5.870,700.170,22.828,77.172
North Macedonia,2020,MKD,1872021,7.670,5.340,623.600,27.715,72.285
North Macedonia,2021,MKD,1851109,8.010,5.530,562.390,29.837,70.163
North Macedonia,2022,MKD,1840236,7.350,5.940,624.580,27.104,72.896
North Macedonia,2023,MKD,1831800,7.040,6.890,568.940,32.075,67.925
North Macedonia,2024,MKD,1823011,7.020,6.310,510.300,39.461,60.539
North Macedonia,2025,MKD,1813792,8.350,6.820,441.350,47.214,52.786
Northern Mariana Islands,2000,MNP,68374,,,,,
Northern Mariana Islands,2001,MNP,68003,,,,,
Northern Mariana Islands,2002,MNP,66800,,,,,
Northern Mariana Islands,2003,MNP,65438,,,,,
Northern Mariana Islands,2004,MNP,63948,,,,,
Northern Mariana Islands,2005,MNP,62372,,,,,
Northern Mariana Islands,2006,MNP,60688,,,,,
Northern Mariana Islands,2007,MNP,58960,,,,,
Northern Mariana Islands,2008,MNP,57163,,,,,
Northern Mariana Islands,2009,MNP,55346,,,,,
Northern Mariana Islands,2010,MNP,54110,,,,,
Northern Mariana Islands,2011,MNP,53633,,,,,
Northern Mariana Islands,2012,MNP,53251,,,,,
Northern Mariana Islands,2013,MNP,52777,,,,,
Northern Mariana Islands,2014,MNP,52199,,,,,
Northern Mariana Islands,2015,MNP,51538,,,,,
Northern Mariana Islands,2016,MNP,50795,,,,,
Northern Mariana Islands,2017,MNP,49981,,,,,
Northern Mariana Islands,2018,MNP,49098,,,,,
Northern Mariana Islands,2019,MNP,48154,,,,,
Northern Mariana Islands,2020,MNP,47557,,,,,
Northern Mariana Islands,2021,MNP,47003,,,,,
Northern Mariana Islands,2022,MNP,46101,,,,,
Northern Mariana Islands,2023,MNP,45166,,,,,
Norway,2000,NOR,4490864,123.470,142.520,25.750,99.712,0.288
Norway,2001,NOR,4513650,124.890,121.320,26.870,99.522,0.478
Norway,2002,NOR,4538016,120.530,130.240,26.490,99.585,0.415
Norway,2003,NOR,4564666,114.540,106.670,27.750,99.400,0.600
Norway,2004,NOR,4591739,121.550,110.100,27.880,99.355,0.645
Norway,2005,NOR,4623120,125.210,137.250,26.960,99.468,0.532
Norway,2006,NOR,4660487,122.070,121.220,27.880,99.324,0.676
Norway,2007,NOR,4709017,126.080,136.110,28.580,99.140,0.860
Norway,2008,NOR,4768097,127.330,141.190,27.480,99.405,0.595
Norway,2009,NOR,4828625,121.990,130.970,39.090,96.572,3.428
Norway,2010,NOR,4889160,130.690,123.140,42.880,95.793,4.207
Norway,2011,NOR,4952969,122.850,125.930,38.360,96.808,3.192
Norway,2012,NOR,5018453,128.360,146.180,32.150,98.228,1.772
Norway,2013,NOR,5080126,128.130,133.140,33.950,97.957,2.043
Norway,2014,NOR,5137397,125.300,140.880,33.930,97.913,2.087
Norway,2015,NOR,5189777,128.350,143.000,33.640,97.951,2.049
Norway,2016,NOR,5235974,131.620,148.030,33.100,98.054,1.946
Norway,2017,NOR,5276807,133.110,148.270,32.980,98.118,1.882
Norway,2018,NOR,5311751,135.790,145.940,33.100,98.020,1.980
Norway,2019,NOR,5347733,133.870,133.830,33.480,97.938,2.062
Norway,2020,NOR,5379275,133.850,154.320,30.390,98.516,1.484
Norway,2021,NOR,5408082,139.550,157.130,26.920,99.319,0.681
Norway,2022,NOR,5456796,132.900,145.420,29.640,98.645,1.355
Norway,2023,NOR,5519167,135.890,153.630,30.460,98.470,1.530
Norway,2024,NOR,5576656,138.670,157.110,29.660,98.606,1.394
Norway,2025,NOR,5623074,137.710,160.810,28.110,98.999,1.001
OECD (EI),2000,,,,9914.205,,15.912,60.425
OECD (EI),2001,,,,9910.748,,15.003,60.816
OECD (EI),2002,,,,10138.202,,15.163,60.953
OECD (EI),2003,,,,10256.718,,14.939,62.157
OECD (EI),2004,,,,10507.004,,15.201,61.412
OECD (EI),2005,,,,10744.029,,15.295,61.704
OECD (EI),2006,,,,10832.161,,15.710,61.319
OECD (EI),2007,,,,11072.053,,15.493,62.642
OECD (EI),2008,,,,11079.523,,16.454,61.920
OECD (EI),2009,,,,10649.434,,17.487,60.387
OECD (EI),2010,,,,11071.530,,17.851,60.430
OECD (EI),2011,,,,11026.004,,19.186,60.290
OECD (EI),2012,,,,11033.709,,20.177,61.084
OECD (EI),2013,,,,11025.414,,21.316,59.803
OECD (EI),2014,,,,10972.067,,22.051,58.844
OECD (EI),2015,,,,11020.157,,23.079,58.010
OECD (EI),2016,,,,11129.112,,23.850,57.069
OECD (EI),2017,,,,11182.871,,25.036,56.061
OECD (EI),2018,,,,11377.036,,25.808,55.521
OECD (EI),2019,,,,11236.276,,27.101,53.827
OECD (EI),2020,,,,10940.453,,29.901,51.633
OECD (EI),2021,,,,11254.383,,29.929,51.758
OECD (EI),2022,,,,11359.457,,31.217,51.649
OECD (EI),2023,,,,11195.021,,32.914,49.373
OECD (EI),2024,,,,11449.730,,34.327,47.870
OECD (EIA),2000,,,,,,,
OECD (EIA),2001,,,,,,,
OECD (EIA),2002,,,,,,,
OECD (EIA),2003,,,,,,,
OECD (EIA),2004,,,,,,,
OECD (EIA),2005,,,,,,,
OECD (EIA),2006,,,,,,,
OECD (EIA),2007,,,,,,,
OECD (EIA),2008,,,,,,,
OECD (EIA),2009,,,,,,,
OECD (EIA),2010,,,,,,,
OECD (EIA),2011,,,,,,,
OECD (EIA),2012,,,,,,,
OECD (EIA),2013,,,,,,,
OECD (EIA),2014,,,,,,,
OECD (EIA),2015,,,,,,,
OECD (EIA),2016,,,,,,,
OECD (EIA),2017,,,,,,,
OECD (EIA),2018,,,,,,,
OECD (EIA),2019,,,,,,,
OECD (EIA),2020,,,,,,,
OECD (EIA),2021,,,,,,,
OECD (EIA),2022,,,,,,,
OECD (EIA),2023,,,,,,,
OECD (Ember),2000,,,9620.070,9620.070,491.390,16.404,60.620
OECD (Ember),2001,,,9609.450,9609.450,491.500,15.385,61.022
OECD (Ember),2002,,,9826.390,9826.390,490.480,15.527,61.170
OECD (Ember),2003,,,9937.520,9937.520,500.260,15.334,62.432
OECD (Ember),2004,,,10177.750,10177.750,490.970,15.640,61.593
OECD (Ember),2005,,,10403.320,10403.320,491.600,15.750,61.942
OECD (Ember),2006,,,10498.760,10498.760,486.700,16.147,61.555
OECD (Ember),2007,,,10734.330,10734.330,493.250,15.919,62.911
OECD (Ember),2008,,,10750.310,10750.310,484.530,16.880,62.172
OECD (Ember),2009,,,10335.490,10335.490,469.010,17.949,60.611
OECD (Ember),2010,,,10747.560,10747.560,467.790,18.304,60.669
OECD (Ember),2011,,,10720.110,10720.110,465.020,19.675,60.584
OECD (Ember),2012,,,10727.680,10727.680,466.530,20.648,61.444
OECD (Ember),2013,,,10723.700,10723.700,461.880,21.841,60.125
OECD (Ember),2014,,,10668.480,10668.480,454.800,22.645,59.113
OECD (Ember),2015,,,10725.970,10725.970,440.640,23.681,58.304
OECD (Ember),2016,,,10839.150,10839.150,428.140,24.463,57.727
OECD (Ember),2017,,,10901.950,10901.950,420.630,25.617,56.800
OECD (Ember),2018,,,11077.990,11077.990,412.370,26.405,56.189
OECD (Ember),2019,,,10952.670,10952.670,390.340,27.734,54.437
OECD (Ember),2020,,,10658.750,10658.750,367.340,30.591,52.227
OECD (Ember),2021,,,10969.500,10969.500,372.880,30.610,52.323
OECD (Ember),2022,,,11056.620,11056.620,371.150,31.878,52.293
OECD (Ember),2023,,,10896.060,10896.060,348.970,33.641,49.923
OECD (Ember),2024,,,11158.410,11158.410,337.420,35.123,48.380
OECD (Ember),2025,,,11365.010,11365.010,335.930,35.929,47.862
OECD (Shift),2000,,,,,,,
OECD (Shift),2001,,,,,,,
OECD (Shift),2002,,,,,,,
OECD (Shift),2003,,,,,,,
OECD (Shift),2004,,,,,,,
OECD (Shift),2005,,,,,,,
OECD (Shift),2006,,,,,,,
OECD (Shift),2007,,,,,,,
OECD (Shift),2008,,,,,,,
OECD (Shift),2009,,,,,,,
OECD (Shift),2010,,,,,,,
OECD (Shift),2011,,,,,,,
OECD (Shift),2012,,,,,,,
OECD (Shift),2013,,,,,,,
OECD (Shift),2014,,,,,,,
OECD (Shift),2015,,,,,,,
OECD (Shift),2016,,,,,,,
OPEC (EI),2000,,,,,,,
OPEC (EI),2001,,,,,,,
OPEC (EI),2002,,,,,,,
OPEC (EI),2003,,,,,,,
OPEC (EI),2004,,,,,,,
OPEC (EI),2005,,,,,,,
OPEC (EI),2006,,,,,,,
OPEC (EI),2007,,,,,,,
OPEC (EI),2008,,,,,,,
OPEC (EI),2009,,,,,,,
OPEC (EI),2010,,,,,,,
OPEC (EI),2011,,,,,,,
OPEC (EI),2012,,,,,,,
OPEC (EI),2013,,,,,,,
OPEC (EI),2014,,,,,,,
OPEC (EI),2015,,,,,,,
OPEC (EI),2016,,,,,,,
OPEC (EI),2017,,,,,,,
OPEC (EI),2018,,,,,,,
OPEC (EI),2019,,,,,,,
OPEC (EI),2020,,,,,,,
OPEC (EI),2021,,,,,,,
OPEC (EI),2022,,,,,,,
OPEC (EI),2023,,,,,,,
OPEC (EI),2024,,,,,,,
OPEC (EIA),2000,,,,,,,
OPEC (EIA),2001,,,,,,,
OPEC (EIA),2002,,,,,,,
OPEC (EIA),2003,,,,,,,
OPEC (EIA),2004,,,,,,,
OPEC (EIA),2005,,,,,,,
OPEC (EIA),2006,,,,,,,
OPEC (EIA),2007,,,,,,,
OPEC (EIA),2008,,,,,,,
OPEC (EIA),2009,,,,,,,
OPEC (EIA),2010,,,,,,,
OPEC (EIA),2011,,,,,,,
OPEC (EIA),2012,,,,,,,
OPEC (EIA),2013,,,,,,,
OPEC (EIA),2014,,,,,,,
OPEC (EIA),2015,,,,,,,
OPEC (EIA),2016,,,,,,,
OPEC (EIA),2017,,,,,,,
OPEC (EIA),2018,,,,,,,
OPEC (EIA),2019,,,,,,,
OPEC (EIA),2020,,,,,,,
OPEC (EIA),2021,,,,,,,
OPEC (EIA),2022,,,,,,,
OPEC (EIA),2023,,,,,,,
OPEC (Shift),2000,,,,,,,
OPEC (Shift),2001,,,,,,,
OPEC (Shift),2002,,,,,,,
OPEC (Shift),2003,,,,,,,
OPEC (Shift),2004,,,,,,,
OPEC (Shift),2005,,,,,,,
OPEC (Shift),2006,,,,,,,
OPEC (Shift),2007,,,,,,,
OPEC (Shift),2008,,,,,,,
OPEC (Shift),2009,,,,,,,
OPEC (Shift),2010,,,,,,,
OPEC (Shift),2011,,,,,,,
OPEC (Shift),2012,,,,,,,
OPEC (Shift),2013,,,,,,,
OPEC (Shift),2014,,,,,,,
OPEC (Shift),2015,,,,,,,
OPEC (Shift),2016,,,,,,,
Oceania,2000,,31352968,263.120,263.120,705.230,18.064,81.936
Oceania,2001,,31847232,271.600,271.600,711.524,16.307,83.693
Oceania,2002,,32366021,271.850,271.850,697.885,17.646,82.354
Oceania,2003,,32894563,274.930,274.930,701.379,17.204,82.796
Oceania,2004,,33419063,280.520,280.520,695.565,18.530,81.470
Oceania,2005,,33956165,282.570,282.570,701.879,17.808,82.192
Oceania,2006,,34540362,290.180,290.180,701.565,17.644,82.356
Oceania,2007,,35190049,295.740,295.740,699.094,17.333,82.667
Oceania,2008,,35890355,297.890,297.890,702.843,16.634,83.366
Oceania,2009,,36593549,302.010,302.010,692.593,17.685,82.315
Oceania,2010,,37254088,304.990,304.990,680.973,18.656,81.344
Oceania,2011,,37890098,310.010,310.010,659.269,21.448,78.552
Oceania,2012,,38550537,304.320,304.320,660.095,21.129,78.871
Oceania,2013,,39233938,302.630,302.630,641.212,23.098,76.902
Oceania,2014,,39918746,301.730,301.730,643.522,22.924,77.076
Oceania,2015,,40615015,308.890,308.890,639.742,23.714,76.286
Oceania,2016,,41347231,313.300,313.300,624.577,25.758,74.242
Oceania,2017,,42093989,314.340,314.340,630.400,24.547,75.453
Oceania,2018,,42815501,318.410,318.410,605.917,27.766,72.234
Oceania,2019,,43504534,321.550,321.550,592.536,29.227,70.773
Oceania,2020,,44079305,320.020,320.020,570.808,31.898,68.102
Oceania,2021,,44558542,322.610,322.610,540.808,35.864,64.136
Oceania,2022,,45049680,328.160,328.160,513.317,39.005,60.995
Oceania,2023,,45563135,328.180,328.180,493.845,41.648,58.352
Oceania,2024,,46089066,337.880,337.880,494.821,41.396,58.604
Oceania (Ember),2000,,,263.120,263.120,705.230,18.064,81.936
Oceania (Ember),2001,,,271.600,271.600,711.560,16.307,83.693
Oceania (Ember),2002,,,271.850,271.850,698.000,17.646,82.354
Oceania (Ember),2003,,,274.930,274.930,701.310,17.204,82.796
Oceania (Ember),2004,,,280.520,280.520,695.600,18.530,81.470
Oceania (Ember),2005,,,282.570,282.570,701.740,17.808,82.192
Oceania (Ember),2006,,,290.180,290.180,701.560,17.644,82.356
Oceania (Ember),2007,,,295.740,295.740,698.960,17.333,82.667
Oceania (Ember),2008,,,297.890,297.890,702.810,16.634,83.366
Oceania (Ember),2009,,,302.010,302.010,692.730,17.685,82.315
Oceania (Ember),2010,,,304.990,304.990,680.810,18.656,81.344
Oceania (Ember),2011,,,310.010,310.010,659.200,21.448,78.552
Oceania (Ember),2012,,,304.320,304.320,660.160,21.129,78.871
Oceania (Ember),2013,,,302.630,302.630,641.250,23.098,76.902
Oceania (Ember),2014,,,301.730,301.730,643.520,22.924,77.076
Oceania (Ember),2015,,,308.890,308.890,639.770,23.714,76.286
Oceania (Ember),2016,,,313.300,313.300,624.670,25.758,74.242
Oceania (Ember),2017,,,314.340,314.340,630.400,24.547,75.453
Oceania (Ember),2018,,,318.410,318.410,605.890,27.766,72.234
Oceania (Ember),2019,,,321.550,321.550,592.510,29.227,70.773
Oceania (Ember),2020,,,320.020,320.020,570.930,31.898,68.102
Oceania (Ember),2021,,,322.610,322.610,540.900,35.864,64.136
Oceania (Ember),2022,,,328.160,328.160,513.380,39.005,60.995
Oceania (Ember),2023,,,328.180,328.180,493.970,41.648,58.352
Oceania (Ember),2024,,,337.960,337.960,494.850,41.395,58.605
Oceania (Ember),2025,,,342.160,342.160,469.870,44.523,55.477
Oman,2000,OMN,2282139,9.110,9.110,580.680,0.000,100.000
Oman,2001,OMN,2310223,9.740,9.740,581.110,0.000,100.000
Oman,2002,OMN,2337144,10.330,10.330,580.830,0.000,100.000
Oman,2003,OMN,2363801,10.710,10.710,581.700,0.000,100.000
Oman,2004,OMN,2404822,11.500,11.500,580.870,0.000,100.000
Oman,2005,OMN,2459808,12.650,12.650,579.450,0.000,100.000
Oman,2006,OMN,2514794,13.290,13.290,578.630,0.000,100.000
Oman,2007,OMN,2570175,14.170,14.170,565.980,0.000,100.000
Oman,2008,OMN,2626536,16.050,16.050,566.360,0.000,100.000
Oman,2009,OMN,2684665,18.450,18.450,566.400,0.000,100.000
Oman,2010,OMN,2757450,19.810,19.810,566.890,0.000,100.000
Oman,2011,OMN,3076762,21.870,21.870,566.990,0.000,100.000
Oman,2012,OMN,3547104,25.020,25.020,566.750,0.000,100.000
Oman,2013,OMN,3833915,26.240,26.240,567.070,0.000,100.000
Oman,2014,OMN,4002444,29.130,29.130,567.110,0.000,100.000
Oman,2015,OMN,4184898,32.750,32.750,567.330,0.000,100.000
Oman,2016,OMN,4390880,34.230,34.230,567.340,0.000,100.000
Oman,2017,OMN,4537397,36.150,36.150,566.810,0.055,99.945
Oman,2018,OMN,4597878,37.760,37.760,566.470,0.132,99.868
Oman,2019,OMN,4591248,38.890,38.890,566.470,0.154,99.846
Oman,2020,OMN,4522502,38.200,38.200,565.180,0.262,99.738
Oman,2021,OMN,4500429,41.000,41.000,559.270,1.707,98.293
Oman,2022,OMN,4730229,42.400,42.400,545.280,4.481,95.519
Oman,2023,OMN,5049267,45.000,45.000,542.440,4.889,95.111
Oman,2024,OMN,5281542,49.100,49.100,542.770,4.888,95.112
Oman,2025,OMN,5494696,52.840,52.840,544.470,4.542,95.458
Other Africa (EI),2000,,,,,,,
Other Africa (EI),2001,,,,,,,
Other Africa (EI),2002,,,,,,,
Other Africa (EI),2003,,,,,,,
Other Africa (EI),2004,,,,,,,
Other Africa (EI),2005,,,,,,,
Other Africa (EI),2006,,,,,,,
Other Africa (EI),2007,,,,,,,
Other Africa (EI),2008,,,,,,,
Other Africa (EI),2009,,,,,,,
Other Africa (EI),2010,,,,,,,
Other Africa (EI),2011,,,,,,,
Other Africa (EI),2012,,,,,,,
Other Africa (EI),2013,,,,,,,
Other Africa (EI),2014,,,,,,,
Other Africa (EI),2015,,,,,,,
Other Africa (EI),2016,,,,,,,
Other Africa (EI),2017,,,,,,,
Other Africa (EI),2018,,,,,,,
Other Africa (EI),2019,,,,,,,
Other Africa (EI),2020,,,,,,,
Other Africa (EI),2021,,,,,,,
Other Africa (EI),2022,,,,,,,
Other Africa (EI),2023,,,,,,,
Other Africa (EI),2024,,,,,,,
Other Americas (EIA),2000,,,,,,,
Other Americas (EIA),2001,,,,,,,
Other Americas (EIA),2002,,,,,,,
Other Americas (EIA),2003,,,,,,,
Other Americas (EIA),2004,,,,,,,
Other Americas (EIA),2005,,,,,,,
Other Americas (EIA),2006,,,,,,,
Other Americas (EIA),2007,,,,,,,
Other Americas (EIA),2008,,,,,,,
Other Americas (EIA),2009,,,,,,,
Other Americas (EIA),2010,,,,,,,
Other Americas (EIA),2011,,,,,,,
Other Americas (EIA),2012,,,,,,,
Other Americas (EIA),2013,,,,,,,
Other Americas (EIA),2014,,,,,,,
Other Americas (EIA),2015,,,,,,,
Other Americas (EIA),2016,,,,,,,
Other Americas (EIA),2017,,,,,,,
Other Americas (EIA),2018,,,,,,,
Other Americas (EIA),2019,,,,,,,
Other Americas (EIA),2020,,,,,,,
Other Americas (EIA),2021,,,,,,,
Other Americas (EIA),2022,,,,,,,
Other Americas (EIA),2023,,,,,,,
Other Asia Pacific (EI),2000,,,,,,,
Other Asia Pacific (EI),2001,,,,,,,
Other Asia Pacific (EI),2002,,,,,,,
Other Asia Pacific (EI),2003,,,,,,,
Other Asia Pacific (EI),2004,,,,,,,
Other Asia Pacific (EI),2005,,,,,,,
Other Asia Pacific (EI),2006,,,,,,,
Other Asia Pacific (EI),2007,,,,,,,
Other Asia Pacific (EI),2008,,,,,,,
Other Asia Pacific (EI),2009,,,,,,,
Other Asia Pacific (EI),2010,,,,,,,
Other Asia Pacific (EI),2011,,,,,,,
Other Asia Pacific (EI),2012,,,,,,,
Other Asia Pacific (EI),2013,,,,,,,
Other Asia Pacific (EI),2014,,,,,,,
Other Asia Pacific (EI),2015,,,,,,,
Other Asia Pacific (EI),2016,,,,,,,
Other Asia Pacific (EI),2017,,,,,,,
Other Asia Pacific (EI),2018,,,,,,,
Other Asia Pacific (EI),2019,,,,,,,
Other Asia Pacific (EI),2020,,,,,,,
Other Asia Pacific (EI),2021,,,,,,,
Other Asia Pacific (EI),2022,,,,,,,
Other Asia Pacific (EI),2023,,,,,,,
Other Asia Pacific (EI),2024,,,,,,,
Other Asia-Pacific (EIA),2000,,,,,,,
Other Asia-Pacific (EIA),2001,,,,,,,
Other Asia-Pacific (EIA),2002,,,,,,,
Other Asia-Pacific (EIA),2003,,,,,,,
Other Asia-Pacific (EIA),2004,,,,,,,
Other Asia-Pacific (EIA),2005,,,,,,,
Other Asia-Pacific (EIA),2006,,,,,,,
Other Asia-Pacific (EIA),2007,,,,,,,
Other Asia-Pacific (EIA),2008,,,,,,,
Other Asia-Pacific (EIA),2009,,,,,,,
Other Asia-Pacific (EIA),2010,,,,,,,
Other Asia-Pacific (EIA),2011,,,,,,,
Other Asia-Pacific (EIA),2012,,,,,,,
Other Asia-Pacific (EIA),2013,,,,,,,
Other Asia-Pacific (EIA),2014,,,,,,,
Other Asia-Pacific (EIA),2015,,,,,,,
Other Asia-Pacific (EIA),2016,,,,,,,
Other Asia-Pacific (EIA),2017,,,,,,,
Other Asia-Pacific (EIA),2018,,,,,,,
Other Asia-Pacific (EIA),2019,,,,,,,
Other Asia-Pacific (EIA),2020,,,,,,,
Other Asia-Pacific (EIA),2021,,,,,,,
Other Asia-Pacific (EIA),2022,,,,,,,
Other Asia-Pacific (EIA),2023,,,,,,,
Other CIS (EI),2000,,,,,,,
Other CIS (EI),2001,,,,,,,
Other CIS (EI),2002,,,,,,,
Other CIS (EI),2003,,,,,,,
Other CIS (EI),2004,,,,,,,
Other CIS (EI),2005,,,,,,,
Other CIS (EI),2006,,,,,,,
Other CIS (EI),2007,,,,,,,
Other CIS (EI),2008,,,,,,,
Other CIS (EI),2009,,,,,,,
Other CIS (EI),2010,,,,,,,
Other CIS (EI),2011,,,,,,,
Other CIS (EI),2012,,,,,,,
Other CIS (EI),2013,,,,,,,
Other CIS (EI),2014,,,,,,,
Other CIS (EI),2015,,,,,,,
Other CIS (EI),2016,,,,,,,
Other CIS (EI),2017,,,,,,,
Other CIS (EI),2018,,,,,,,
Other CIS (EI),2019,,,,,,,
Other CIS (EI),2020,,,,,,,
Other CIS (EI),2021,,,,,,,
Other CIS (EI),2022,,,,,,,
Other CIS (EI),2023,,,,,,,
Other CIS (EI),2024,,,,,,,
Other Caribbean (EI),2000,,,,,,,
Other Caribbean (EI),2001,,,,,,,
Other Caribbean (EI),2002,,,,,,,
Other Caribbean (EI),2003,,,,,,,
Other Caribbean (EI),2004,,,,,,,
Other Caribbean (EI),2005,,,,,,,
Other Caribbean (EI),2006,,,,,,,
Other Caribbean (EI),2007,,,,,,,
Other Caribbean (EI),2008,,,,,,,
Other Caribbean (EI),2009,,,,,,,
Other Caribbean (EI),2010,,,,,,,
Other Caribbean (EI),2011,,,,,,,
Other Caribbean (EI),2012,,,,,,,
Other Caribbean (EI),2013,,,,,,,
Other Caribbean (EI),2014,,,,,,,
Other Caribbean (EI),2015,,,,,,,
Other Caribbean (EI),2016,,,,,,,
Other Caribbean (EI),2017,,,,,,,
Other Caribbean (EI),2018,,,,,,,
Other Caribbean (EI),2019,,,,,,,
Other Caribbean (EI),2020,,,,,,,
Other Caribbean (EI),2021,,,,,,,
Other Caribbean (EI),2022,,,,,,,
Other Caribbean (EI),2023,,,,,,,
Other Caribbean (EI),2024,,,,,,,
Other Eastern Africa (EI),2000,,,,,,,
Other Eastern Africa (EI),2001,,,,,,,
Other Eastern Africa (EI),2002,,,,,,,
Other Eastern Africa (EI),2003,,,,,,,
Other Eastern Africa (EI),2004,,,,,,,
Other Eastern Africa (EI),2005,,,,,,,
Other Eastern Africa (EI),2006,,,,,,,
Other Eastern Africa (EI),2007,,,,,,,
Other Eastern Africa (EI),2008,,,,,,,
Other Eastern Africa (EI),2009,,,,,,,
Other Eastern Africa (EI),2010,,,,,,,
Other Eastern Africa (EI),2011,,,,,,,
Other Eastern Africa (EI),2012,,,,,,,
Other Eastern Africa (EI),2013,,,,,,,
Other Eastern Africa (EI),2014,,,,,,,
Other Eastern Africa (EI),2015,,,,,,,
Other Eastern Africa (EI),2016,,,,,,,
Other Eastern Africa (EI),2017,,,,,,,
Other Eastern Africa (EI),2018,,,,,,,
Other Eastern Africa (EI),2019,,,,,,,
Other Eastern Africa (EI),2020,,,,,,,
Other Eastern Africa (EI),2021,,,,,,,
Other Eastern Africa (EI),2022,,,,,,,
Other Eastern Africa (EI),2023,,,,,,,
Other Eastern Africa (EI),2024,,,,,,,
Other Europe (EI),2000,,,,,,,
Other Europe (EI),2001,,,,,,,
Other Europe (EI),2002,,,,,,,
Other Europe (EI),2003,,,,,,,
Other Europe (EI),2004,,,,,,,
Other Europe (EI),2005,,,,,,,
Other Europe (EI),2006,,,,,,,
Other Europe (EI),2007,,,,,,,
Other Europe (EI),2008,,,,,,,
Other Europe (EI),2009,,,,,,,
Other Europe (EI),2010,,,,,,,
Other Europe (EI),2011,,,,,,,
Other Europe (EI),2012,,,,,,,
Other Europe (EI),2013,,,,,,,
Other Europe (EI),2014,,,,,,,
Other Europe (EI),2015,,,,,,,
Other Europe (EI),2016,,,,,,,
Other Europe (EI),2017,,,,,,,
Other Europe (EI),2018,,,,,,,
Other Europe (EI),2019,,,,,,,
Other Europe (EI),2020,,,,,,,
Other Europe (EI),2021,,,,,,,
Other Europe (EI),2022,,,,,,,
Other Europe (EI),2023,,,,,,,
Other Europe (EI),2024,,,,,,,
Other Middle Africa (EI),2000,,,,,,,
Other Middle Africa (EI),2001,,,,,,,
Other Middle Africa (EI),2002,,,,,,,
Other Middle Africa (EI),2003,,,,,,,
Other Middle Africa (EI),2004,,,,,,,
Other Middle Africa (EI),2005,,,,,,,
Other Middle Africa (EI),2006,,,,,,,
Other Middle Africa (EI),2007,,,,,,,
Other Middle Africa (EI),2008,,,,,,,
Other Middle Africa (EI),2009,,,,,,,
Other Middle Africa (EI),2010,,,,,,,
Other Middle Africa (EI),2011,,,,,,,
Other Middle Africa (EI),2012,,,,,,,
Other Middle Africa (EI),2013,,,,,,,
Other Middle Africa (EI),2014,,,,,,,
Other Middle Africa (EI),2015,,,,,,,
Other Middle Africa (EI),2016,,,,,,,
Other Middle Africa (EI),2017,,,,,,,
Other Middle Africa (EI),2018,,,,,,,
Other Middle Africa (EI),2019,,,,,,,
Other Middle Africa (EI),2020,,,,,,,
Other Middle Africa (EI),2021,,,,,,,
Other Middle Africa (EI),2022,,,,,,,
Other Middle Africa (EI),2023,,,,,,,
Other Middle Africa (EI),2024,,,,,,,
Other Middle East (EI),2000,,,,,,,
Other Middle East (EI),2001,,,,,,,
Other Middle East (EI),2002,,,,,,,
Other Middle East (EI),2003,,,,,,,
Other Middle East (EI),2004,,,,,,,
Other Middle East (EI),2005,,,,,,,
Other Middle East (EI),2006,,,,,,,
Other Middle East (EI),2007,,,,,,,
Other Middle East (EI),2008,,,,,,,
Other Middle East (EI),2009,,,,,,,
Other Middle East (EI),2010,,,,,,,
Other Middle East (EI),2011,,,,,,,
Other Middle East (EI),2012,,,,,,,
Other Middle East (EI),2013,,,,,,,
Other Middle East (EI),2014,,,,,,,
Other Middle East (EI),2015,,,,,,,
Other Middle East (EI),2016,,,,,,,
Other Middle East (EI),2017,,,,,,,
Other Middle East (EI),2018,,,,,,,
Other Middle East (EI),2019,,,,,,,
Other Middle East (EI),2020,,,,,,,
Other Middle East (EI),2021,,,,,,,
Other Middle East (EI),2022,,,,,,,
Other Middle East (EI),2023,,,,,,,
Other Middle East (EI),2024,,,,,,,
Other North America (EI),2000,,,,,,,
Other North America (EI),2001,,,,,,,
Other North America (EI),2002,,,,,,,
Other North America (EI),2003,,,,,,,
Other North America (EI),2004,,,,,,,
Other North America (EI),2005,,,,,,,
Other North America (EI),2006,,,,,,,
Other North America (EI),2007,,,,,,,
Other North America (EI),2008,,,,,,,
Other North America (EI),2009,,,,,,,
Other North America (EI),2010,,,,,,,
Other North America (EI),2011,,,,,,,
Other North America (EI),2012,,,,,,,
Other North America (EI),2013,,,,,,,
Other North America (EI),2014,,,,,,,
Other North America (EI),2015,,,,,,,
Other North America (EI),2016,,,,,,,
Other North America (EI),2017,,,,,,,
Other North America (EI),2018,,,,,,,
Other North America (EI),2019,,,,,,,
Other North America (EI),2020,,,,,,,
Other North America (EI),2021,,,,,,,
Other North America (EI),2022,,,,,,,
Other North America (EI),2023,,,,,,,
Other North America (EI),2024,,,,,,,
Other Northern Africa (EI),2000,,,,,,,
Other Northern Africa (EI),2001,,,,,,,
Other Northern Africa (EI),2002,,,,,,,
Other Northern Africa (EI),2003,,,,,,,
Other Northern Africa (EI),2004,,,,,,,
Other Northern Africa (EI),2005,,,,,,,
Other Northern Africa (EI),2006,,,,,,,
Other Northern Africa (EI),2007,,,,,,,
Other Northern Africa (EI),2008,,,,,,,
Other Northern Africa (EI),2009,,,,,,,
Other Northern Africa (EI),2010,,,,,,,
Other Northern Africa (EI),2011,,,,,,,
Other Northern Africa (EI),2012,,,,,,,
Other Northern Africa (EI),2013,,,,,,,
Other Northern Africa (EI),2014,,,,,,,
Other Northern Africa (EI),2015,,,,,,,
Other Northern Africa (EI),2016,,,,,,,
Other Northern Africa (EI),2017,,,,,,,
Other Northern Africa (EI),2018,,,,,,,
Other Northern Africa (EI),2019,,,,,,,
Other Northern Africa (EI),2020,,,,,,,
Other Northern Africa (EI),2021,,,,,,,
Other Northern Africa (EI),2022,,,,,,,
Other Northern Africa (EI),2023,,,,,,,
Other Northern Africa (EI),2024,,,,,,,
Other South America (EI),2000,,,,,,,
Other South America (EI),2001,,,,,,,
Other South America (EI),2002,,,,,,,
Other South America (EI),2003,,,,,,,
Other South America (EI),2004,,,,,,,
Other South America (EI),2005,,,,,,,
Other South America (EI),2006,,,,,,,
Other South America (EI),2007,,,,,,,
Other South America (EI),2008,,,,,,,
Other South America (EI),2009,,,,,,,
Other South America (EI),2010,,,,,,,
Other South America (EI),2011,,,,,,,
Other South America (EI),2012,,,,,,,
Other South America (EI),2013,,,,,,,
Other South America (EI),2014,,,,,,,
Other South America (EI),2015,,,,,,,
Other South America (EI),2016,,,,,,,
Other South America (EI),2017,,,,,,,
Other South America (EI),2018,,,,,,,
Other South America (EI),2019,,,,,,,
Other South America (EI),2020,,,,,,,
Other South America (EI),2021,,,,,,,
Other South America (EI),2022,,,,,,,
Other South America (EI),2023,,,,,,,
Other South America (EI),2024,,,,,,,
Other South and Central America (EI),2000,,,,,,,
Other South and Central America (EI),2001,,,,,,,
Other South and Central America (EI),2002,,,,,,,
Other South and Central America (EI),2003,,,,,,,
Other South and Central America (EI),2004,,,,,,,
Other South and Central America (EI),2005,,,,,,,
Other South and Central America (EI),2006,,,,,,,
Other South and Central America (EI),2007,,,,,,,
Other South and Central America (EI),2008,,,,,,,
Other South and Central America (EI),2009,,,,,,,
Other South and Central America (EI),2010,,,,,,,
Other South and Central America (EI),2011,,,,,,,
Other South and Central America (EI),2012,,,,,,,
Other South and Central America (EI),2013,,,,,,,
Other South and Central America (EI),2014,,,,,,,
Other South and Central America (EI),2015,,,,,,,
Other South and Central America (EI),2016,,,,,,,
Other South and Central America (EI),2017,,,,,,,
Other South and Central America (EI),2018,,,,,,,
Other South and Central America (EI),2019,,,,,,,
Other South and Central America (EI),2020,,,,,,,
Other South and Central America (EI),2021,,,,,,,
Other South and Central America (EI),2022,,,,,,,
Other South and Central America (EI),2023,,,,,,,
Other South and Central America (EI),2024,,,,,,,
Other Southern Africa (EI),2000,,,,,,,
Other Southern Africa (EI),2001,,,,,,,
Other Southern Africa (EI),2002,,,,,,,
Other Southern Africa (EI),2003,,,,,,,
Other Southern Africa (EI),2004,,,,,,,
Other Southern Africa (EI),2005,,,,,,,
Other Southern Africa (EI),2006,,,,,,,
Other Southern Africa (EI),2007,,,,,,,
Other Southern Africa (EI),2008,,,,,,,
Other Southern Africa (EI),2009,,,,,,,
Other Southern Africa (EI),2010,,,,,,,
Other Southern Africa (EI),2011,,,,,,,
Other Southern Africa (EI),2012,,,,,,,
Other Southern Africa (EI),2013,,,,,,,
Other Southern Africa (EI),2014,,,,,,,
Other Southern Africa (EI),2015,,,,,,,
Other Southern Africa (EI),2016,,,,,,,
Other Southern Africa (EI),2017,,,,,,,
Other Southern Africa (EI),2018,,,,,,,
Other Southern Africa (EI),2019,,,,,,,
Other Southern Africa (EI),2020,,,,,,,
Other Southern Africa (EI),2021,,,,,,,
Other Southern Africa (EI),2022,,,,,,,
Other Southern Africa (EI),2023,,,,,,,
Other Southern Africa (EI),2024,,,,,,,
Other Western Africa (EI),2000,,,,,,,
Other Western Africa (EI),2001,,,,,,,
Other Western Africa (EI),2002,,,,,,,
Other Western Africa (EI),2003,,,,,,,
Other Western Africa (EI),2004,,,,,,,
Other Western Africa (EI),2005,,,,,,,
Other Western Africa (EI),2006,,,,,,,
Other Western Africa (EI),2007,,,,,,,
Other Western Africa (EI),2008,,,,,,,
Other Western Africa (EI),2009,,,,,,,
Other Western Africa (EI),2010,,,,,,,
Other Western Africa (EI),2011,,,,,,,
Other Western Africa (EI),2012,,,,,,,
Other Western Africa (EI),2013,,,,,,,
Other Western Africa (EI),2014,,,,,,,
Other Western Africa (EI),2015,,,,,,,
Other Western Africa (EI),2016,,,,,,,
Other Western Africa (EI),2017,,,,,,,
Other Western Africa (EI),2018,,,,,,,
Other Western Africa (EI),2019,,,,,,,
Other Western Africa (EI),2020,,,,,,,
Other Western Africa (EI),2021,,,,,,,
Other Western Africa (EI),2022,,,,,,,
Other Western Africa (EI),2023,,,,,,,
Other Western Africa (EI),2024,,,,,,,
Pakistan,2000,PAK,154879124,66.490,66.490,499.930,25.854,73.575
Pakistan,2001,PAK,159270910,72.110,72.110,483.710,26.265,70.989
Pakistan,2002,PAK,163222552,75.770,75.770,465.620,29.497,68.127
Pakistan,2003,PAK,167110250,82.150,82.080,442.370,34.284,63.511
Pakistan,2004,PAK,171285999,86.070,85.960,461.840,31.259,66.496
Pakistan,2005,PAK,175453212,94.710,94.560,441.730,33.693,63.758
Pakistan,2006,PAK,179682690,99.700,99.530,442.980,33.166,64.272
Pakistan,2007,PAK,184493231,96.350,96.150,456.680,31.160,66.438
Pakistan,2008,PAK,189499112,93.240,93.010,459.090,31.244,66.885
Pakistan,2009,PAK,194376535,96.360,96.110,458.230,30.278,66.975
Pakistan,2010,PAK,199239048,94.810,94.540,429.660,34.715,62.577
Pakistan,2011,PAK,203746069,95.100,94.830,443.320,31.298,64.653
Pakistan,2012,PAK,207667129,98.480,98.100,431.700,31.713,62.915
Pakistan,2013,PAK,211073979,105.300,104.880,436.210,32.189,63.616
Pakistan,2014,PAK,214264649,108.350,107.910,432.770,32.833,62.923
Pakistan,2015,PAK,217290884,113.250,112.790,431.780,33.647,62.514
Pakistan,2016,PAK,220138863,123.400,122.900,456.960,29.170,66.404
Pakistan,2017,PAK,223273974,130.920,130.360,486.120,25.038,68.740
Pakistan,2018,PAK,226928893,129.510,129.020,484.110,25.678,67.121
Pakistan,2019,PAK,230800908,135.480,134.970,468.990,30.214,63.066
Pakistan,2020,PAK,235001745,146.660,146.160,477.490,28.941,64.464
Pakistan,2021,PAK,239477805,163.710,163.210,456.770,28.044,62.312
Pakistan,2022,PAK,243700667,176.430,175.970,431.660,28.726,58.612
Pakistan,2023,PAK,247504505,172.450,171.970,401.290,33.186,53.765
Pakistan,2024,PAK,251269160,175.440,174.960,373.690,37.197,49.726
Pakistan,2025,PAK,255219560,195.510,195.030,346.560,42.747,45.096
Palestine,2000,PSE,3151800,2.290,0.030,666.670,0.000,100.000
Palestine,2001,PSE,3242286,2.120,0.040,750.000,0.000,100.000
Palestine,2002,PSE,3322369,2.460,0.150,666.670,0.000,100.000
Palestine,2003,PSE,3398071,2.660,0.340,647.060,0.000,100.000
Palestine,2004,PSE,3475178,3.000,0.400,650.000,0.000,100.000
Palestine,2005,PSE,3557406,3.360,0.500,660.000,0.000,100.000
Palestine,2006,PSE,3645096,3.450,0.350,657.140,0.000,100.000
Palestine,2007,PSE,3736694,3.610,0.420,666.670,0.000,100.000
Palestine,2008,PSE,3829039,4.290,0.430,651.160,0.000,100.000
Palestine,2009,PSE,3921245,4.480,0.500,660.000,0.000,100.000
Palestine,2010,PSE,4016918,4.630,0.470,659.570,0.000,100.000
Palestine,2011,PSE,4115912,5.190,0.570,666.670,0.000,100.000
Palestine,2012,PSE,4215318,5.370,0.460,652.170,0.000,100.000
Palestine,2013,PSE,4315263,5.260,0.530,660.380,0.000,100.000
Palestine,2014,PSE,4415887,5.280,0.340,647.060,0.000,100.000
Palestine,2015,PSE,4521564,5.930,0.520,653.850,1.923,98.077
Palestine,2016,PSE,4632743,6.000,0.530,603.770,7.547,92.453
Palestine,2017,PSE,4742747,6.130,0.550,600.000,9.091,90.909
Palestine,2018,PSE,4850593,6.340,0.420,571.430,14.286,85.714
Palestine,2019,PSE,4957773,7.060,0.810,567.900,14.815,85.185
Palestine,2020,PSE,5069692,7.360,0.840,523.810,21.429,78.571
Palestine,2021,PSE,5185341,7.590,0.910,505.500,24.176,75.824
Palestine,2022,PSE,5305274,7.720,1.020,460.780,33.333,66.667
Palestine,2023,PSE,5409201,7.920,0.850,423.530,40.000,60.000
Palestine,2024,PSE,5495447,7.990,0.990,414.140,39.394,60.606
Panama,2000,PAN,3010376,5.010,4.890,210.630,70.348,29.652
Panama,2001,PAN,3069545,5.040,5.120,345.700,49.219,50.781
Panama,2002,PAN,3129343,5.280,5.290,247.640,64.650,35.350
Panama,2003,PAN,3189813,5.390,5.570,335.730,50.987,49.013
Panama,2004,PAN,3251158,5.630,5.760,239.580,65.972,34.028
Panama,2005,PAN,3313024,5.770,5.820,250.860,64.261,35.739
Panama,2006,PAN,3375024,5.930,5.980,277.590,60.201,39.799
Panama,2007,PAN,3437490,6.340,6.460,292.570,57.740,42.260
Panama,2008,PAN,3500646,6.500,6.430,264.390,62.053,37.947
Panama,2009,PAN,3564383,6.880,6.910,298.120,56.729,43.271
Panama,2010,PAN,3628537,7.410,7.380,296.750,57.046,42.954
Panama,2011,PAN,3693509,7.880,7.820,336.320,52.685,47.315
Panama,2012,PAN,3759261,8.570,8.610,276.420,62.950,37.050
Panama,2013,PAN,3825333,8.950,8.950,307.260,57.877,42.123
Panama,2014,PAN,3892100,9.390,9.300,320.430,55.806,44.194
Panama,2015,PAN,3960034,10.180,10.300,258.250,65.340,34.660
Panama,2016,PAN,4029085,10.510,10.880,247.240,66.636,33.364
Panama,2017,PAN,4098704,10.730,11.040,205.620,71.830,28.170
Panama,2018,PAN,4167860,10.890,11.200,169.640,77.768,22.232
Panama,2019,PAN,4234698,11.290,11.640,325.600,52.749,47.251
Panama,2020,PAN,4293258,10.490,10.940,180.990,75.686,24.314
Panama,2021,PAN,4345410,11.670,12.110,161.850,78.365,21.635
Panama,2022,PAN,4400775,11.930,12.250,168.980,77.224,22.776
Panama,2023,PAN,4458758,12.970,13.110,266.210,60.641,39.359
Panama,2024,PAN,4515576,13.290,13.430,221.150,67.982,32.018
Papua New Guinea,2000,PNG,5537068,2.170,2.170,396.310,42.396,57.604
Papua New Guinea,2001,PNG,5728444,2.680,2.680,447.760,34.328,65.672
Papua New Guinea,2002,PNG,5924010,2.870,2.870,459.930,32.056,67.944
Papua New Guinea,2003,PNG,6124005,3.220,3.220,475.160,30.124,69.876
Papua New Guinea,2004,PNG,6328042,3.510,3.510,492.880,26.781,73.219
Papua New Guinea,2005,PNG,6535905,3.620,3.620,458.560,32.597,67.403
Papua New Guinea,2006,PNG,6747724,3.400,3.400,452.940,33.824,66.176
Papua New Guinea,2007,PNG,6963353,3.350,3.350,429.850,37.313,62.687
Papua New Guinea,2008,PNG,7183002,3.410,3.410,436.950,36.657,63.343
Papua New Guinea,2009,PNG,7406442,3.370,3.370,433.230,37.092,62.908
Papua New Guinea,2010,PNG,7633524,3.510,3.510,441.600,35.613,64.387
Papua New Guinea,2011,PNG,7859349,3.630,3.630,429.750,37.466,62.534
Papua New Guinea,2012,PNG,8081396,3.730,3.730,431.640,36.729,63.271
Papua New Guinea,2013,PNG,8302700,4.010,4.010,443.890,35.162,64.838
Papua New Guinea,2014,PNG,8523440,4.280,4.280,453.270,33.411,66.589
Papua New Guinea,2015,PNG,8743247,4.530,4.530,465.780,31.347,68.653
Papua New Guinea,2016,PNG,8961717,4.770,4.770,477.990,29.769,70.231
Papua New Guinea,2017,PNG,9178717,4.350,4.350,491.950,27.816,72.184
Papua New Guinea,2018,PNG,9394518,4.360,4.360,518.350,22.936,77.064
Papua New Guinea,2019,PNG,9609014,4.280,4.280,495.330,26.402,73.598
Papua New Guinea,2020,PNG,9815743,4.100,4.100,490.240,27.317,72.683
Papua New Guinea,2021,PNG,10012898,4.530,4.530,507.730,24.724,75.276
Papua New Guinea,2022,PNG,10203177,4.590,4.590,529.410,21.133,78.867
Papua New Guinea,2023,PNG,10389638,4.730,4.730,513.740,23.679,76.321
Papua New Guinea,2024,PNG,10576509,4.730,4.730,513.740,23.679,76.321
Paraguay,2000,PRY,5100875,6.130,53.490,23.740,100.000,0.000
Paraguay,2001,PRY,5187690,6.180,45.320,23.830,100.000,0.000
Paraguay,2002,PRY,5261334,6.430,48.210,23.850,100.000,0.000
Paraguay,2003,PRY,5326437,6.590,51.770,23.760,100.000,0.000
Paraguay,2004,PRY,5388181,6.920,51.930,23.690,100.000,0.000
Paraguay,2005,PRY,5448100,7.380,51.170,23.840,100.000,0.000
Paraguay,2006,PRY,5505145,8.060,53.770,23.810,100.000,0.000
Paraguay,2007,PRY,5559385,8.600,53.710,23.830,100.000,0.000
Paraguay,2008,PRY,5613577,9.170,55.460,23.800,100.000,0.000
Paraguay,2009,PRY,5671243,9.900,54.940,23.840,100.000,0.000
Paraguay,2010,PRY,5737973,10.680,54.060,23.680,100.000,0.000
Paraguay,2011,PRY,5814632,11.500,57.620,23.780,100.000,0.000
Paraguay,2012,PRY,5897011,12.570,60.230,23.740,100.000,0.000
Paraguay,2013,PRY,5982447,13.150,60.510,24.130,100.000,0.000
Paraguay,2014,PRY,6069819,14.030,55.430,24.360,99.982,0.018
Paraguay,2015,PRY,6159106,14.760,55.890,24.160,100.000,0.000
Paraguay,2016,PRY,6249129,15.520,63.940,24.400,100.000,0.000
Paraguay,2017,PRY,6338658,16.190,59.820,24.240,100.000,0.000
Paraguay,2018,PRY,6427382,17.130,59.340,24.270,100.000,0.000
Paraguay,2019,PRY,6515059,17.840,49.590,24.200,100.000,0.000
Paraguay,2020,PRY,6603741,18.630,46.630,24.880,100.000,0.000
Paraguay,2021,PRY,6684184,19.120,40.840,24.980,100.000,0.000
Paraguay,2022,PRY,6760460,20.160,44.110,24.710,100.000,0.000
Paraguay,2023,PRY,6844150,22.650,53.040,24.510,100.000,0.000
Paraguay,2024,PRY,6929152,26.410,42.410,24.760,100.000,0.000
Paraguay,2025,PRY,7013079,29.650,45.350,24.700,100.000,0.000
Persian Gulf (EIA),2000,,,,,,,
Persian Gulf (EIA),2001,,,,,,,
Persian Gulf (EIA),2002,,,,,,,
Persian Gulf (EIA),2003,,,,,,,
Persian Gulf (EIA),2004,,,,,,,
Persian Gulf (EIA),2005,,,,,,,
Persian Gulf (EIA),2006,,,,,,,
Persian Gulf (EIA),2007,,,,,,,
Persian Gulf (EIA),2008,,,,,,,
Persian Gulf (EIA),2009,,,,,,,
Persian Gulf (EIA),2010,,,,,,,
Persian Gulf (EIA),2011,,,,,,,
Persian Gulf (EIA),2012,,,,,,,
Persian Gulf (EIA),2013,,,,,,,
Persian Gulf (EIA),2014,,,,,,,
Persian Gulf (EIA),2015,,,,,,,
Persian Gulf (EIA),2016,,,,,,,
Persian Gulf (EIA),2017,,,,,,,
Persian Gulf (EIA),2018,,,,,,,
Persian Gulf (EIA),2019,,,,,,,
Persian Gulf (EIA),2020,,,,,,,
Persian Gulf (EIA),2021,,,,,,,
Persian Gulf (EIA),2022,,,,,,,
Persian Gulf (EIA),2023,,,,,,,
Persian Gulf (Shift),2000,,,,,,,
Persian Gulf (Shift),2001,,,,,,,
Persian Gulf (Shift),2002,,,,,,,
Persian Gulf (Shift),2003,,,,,,,
Persian Gulf (Shift),2004,,,,,,,
Persian Gulf (Shift),2005,,,,,,,
Persian Gulf (Shift),2006,,,,,,,
Persian Gulf (Shift),2007,,,,,,,
Persian Gulf (Shift),2008,,,,,,,
Persian Gulf (Shift),2009,,,,,,,
Persian Gulf (Shift),2010,,,,,,,
Persian Gulf (Shift),2011,,,,,,,
Persian Gulf (Shift),2012,,,,,,,
Persian Gulf (Shift),2013,,,,,,,
Persian Gulf (Shift),2014,,,,,,,
Persian Gulf (Shift),2015,,,,,,,
Persian Gulf (Shift),2016,,,,,,,
Peru,2000,PER,26598328,19.920,19.920,141.060,81.978,18.022
Peru,2001,PER,26964610,20.770,20.770,117.960,85.556,14.444
Peru,2002,PER,27288211,21.990,21.990,139.150,82.901,17.099
Peru,2003,PER,27580485,22.930,22.930,145.660,81.683,18.317
Peru,2004,PER,27852190,24.250,24.250,200.000,72.866,27.134
Peru,2005,PER,28101175,25.500,25.500,200.000,72.275,27.725
Peru,2006,PER,28324488,27.360,27.360,192.980,73.282,26.718
Peru,2007,PER,28530704,29.930,29.930,229.540,66.722,33.278
Peru,2008,PER,28719038,32.430,32.430,269.200,60.130,39.870
Peru,2009,PER,28896819,32.860,32.920,265.190,60.601,39.399
Peru,2010,PER,29086021,35.780,35.890,283.090,57.704,42.296
Peru,2011,PER,29304083,39.240,39.230,286.520,56.768,43.232
Peru,2012,PER,29550367,39.960,39.960,297.550,55.255,44.745
Peru,2013,PER,29817908,43.510,43.510,304.990,53.942,46.058
Peru,2014,PER,30115825,45.720,45.730,309.640,52.373,47.627
Peru,2015,PER,30457598,48.220,48.270,305.780,52.724,47.276
Peru,2016,PER,30866497,51.610,51.630,320.940,50.397,49.603
Peru,2017,PER,31324639,52.730,52.710,271.490,58.604,41.396
Peru,2018,PER,31897590,54.640,54.620,252.840,61.131,38.869
Peru,2019,PER,32449302,56.930,56.870,256.730,60.542,39.458
Peru,2020,PER,32838577,53.030,52.990,239.670,63.484,36.516
Peru,2021,PER,33155883,57.030,56.990,250.920,61.572,38.428
Peru,2022,PER,33475436,59.940,59.900,287.810,55.242,44.758
Peru,2023,PER,33845616,60.900,60.870,291.770,54.378,45.622
Peru,2024,PER,34217850,59.320,59.290,258.730,60.111,39.889
Peru,2025,PER,34576673,60.470,60.440,238.250,63.650,36.350
Philippines,2000,PHL,79625401,45.300,45.300,468.210,42.892,57.108
Philippines,2001,PHL,81401488,47.050,47.050,506.060,37.279,62.721
Philippines,2002,PHL,83068889,48.460,48.460,467.190,35.638,64.362
Philippines,2003,PHL,84731836,52.940,52.940,455.610,33.415,66.585
Philippines,2004,PHL,86394510,55.940,55.940,460.670,33.733,66.267
Philippines,2005,PHL,88015959,56.570,56.570,448.650,32.367,67.633
Philippines,2006,PHL,89508992,56.780,56.780,427.440,36.034,63.966
Philippines,2007,PHL,91075180,59.620,59.620,452.200,31.600,68.400
Philippines,2008,PHL,92699091,60.820,60.820,431.110,33.903,66.097
Philippines,2009,PHL,94384256,61.920,61.920,441.380,32.574,67.426
Philippines,2010,PHL,96337127,67.730,67.730,504.650,26.296,73.704
Philippines,2011,PHL,98248614,69.150,69.150,492.990,28.662,71.338
Philippines,2012,PHL,100175511,72.890,72.890,505.280,28.454,71.546
Philippines,2013,PHL,102076334,75.230,75.230,529.980,26.412,73.588
Philippines,2014,PHL,103767127,77.230,77.230,536.840,25.612,74.388
Philippines,2015,PHL,105312988,82.400,82.400,544.780,25.413,74.587
Philippines,2016,PHL,106735721,90.790,90.790,560.190,24.210,75.790
Philippines,2017,PHL,108119691,94.360,94.360,560.510,24.555,75.445
Philippines,2018,PHL,109465284,99.740,99.740,572.390,23.371,76.629
Philippines,2019,PHL,110804685,106.030,106.030,592.660,20.787,79.213
Philippines,2020,PHL,112081270,101.750,101.750,598.820,21.229,78.771
Philippines,2021,PHL,113100947,105.760,105.760,599.570,22.135,77.865
Philippines,2022,PHL,113964343,111.550,111.550,602.510,22.160,77.840
Philippines,2023,PHL,114891199,116.730,116.730,616.120,21.426,78.574
Philippines,2024,PHL,115843663,124.170,124.170,621.730,20.472,79.528
Philippines,2025,PHL,116786960,123.120,123.120,588.290,23.311,76.689
Poland,2000,POL,38258077,136.810,143.180,954.600,1.627,98.373
Poland,2001,POL,38247359,136.990,143.720,949.560,1.934,98.066
Poland,2002,POL,38229407,135.420,142.490,945.610,1.944,98.056
Poland,2003,POL,38203527,139.850,150.010,949.800,1.500,98.500
Poland,2004,POL,38167568,143.250,152.540,941.260,2.098,97.902
Poland,2005,POL,38124377,144.100,155.290,932.260,2.479,97.521
Poland,2006,POL,38071169,149.710,160.700,931.920,2.670,97.330
Poland,2007,POL,38020420,153.170,158.520,925.440,3.425,96.575
Poland,2008,POL,37995902,153.830,154.500,918.510,4.278,95.722
Poland,2009,POL,38002153,148.670,150.860,904.810,5.760,94.240
Poland,2010,POL,38095356,155.420,156.770,893.030,6.940,93.060
Poland,2011,POL,38208644,157.630,162.870,881.690,8.062,91.938
Poland,2012,POL,38247867,158.640,161.480,860.790,10.453,89.547
Poland,2013,POL,38259267,159.260,163.780,863.230,10.416,89.584
Poland,2014,POL,38265113,160.520,158.350,844.080,12.536,87.464
Poland,2015,POL,38266314,163.970,164.300,826.110,13.810,86.190
Poland,2016,POL,38263260,168.000,166.000,818.550,13.741,86.259
Poland,2017,POL,38254964,172.200,169.910,805.540,14.202,85.798
Poland,2018,POL,38241070,175.120,169.430,809.010,12.760,87.240
Poland,2019,POL,38225884,173.840,163.220,771.660,15.599,84.401
Poland,2020,POL,38171005,170.420,157.150,738.280,17.964,82.036
Poland,2021,POL,38040303,179.680,178.790,756.360,17.093,82.907
Poland,2022,POL,38385734,176.920,178.600,732.480,21.103,78.897
Poland,2023,POL,38762847,169.260,165.520,650.680,27.707,72.293
Poland,2024,POL,38539209,174.090,172.120,608.180,31.147,68.853
Poland,2025,POL,38140913,174.310,173.260,588.600,31.508,68.492
Portugal,2000,PRT,10283196,44.140,43.210,546.170,29.785,70.215
Portugal,2001,PRT,10354329,46.300,46.060,506.950,34.173,65.827
Portugal,2002,PRT,10413045,47.450,45.550,592.540,21.361,78.639
Portugal,2003,PRT,10454246,49.180,46.390,485.230,38.155,61.845
Portugal,2004,PRT,10481386,51.160,44.680,541.180,27.551,72.449
Portugal,2005,PRT,10502993,52.830,46.010,595.310,17.931,82.069
Portugal,2006,PRT,10524123,53.840,48.400,503.930,32.479,67.521
Portugal,2007,PRT,10546822,54.200,46.710,472.280,34.703,65.297
Portugal,2008,PRT,10564086,54.770,45.340,471.550,32.289,67.711
Portugal,2009,PRT,10576265,54.160,49.380,452.820,37.039,62.961
Portugal,2010,PRT,10578659,56.100,53.480,317.130,53.010,46.990
Portugal,2011,PRT,10557050,54.590,51.780,375.050,46.562,53.438
Portugal,2012,PRT,10513155,53.330,45.440,441.240,42.628,57.372
Portugal,2013,PRT,10458287,53.130,50.350,340.420,58.530,41.470
Portugal,2014,PRT,10406203,52.700,51.800,325.680,60.946,39.054
Portugal,2015,PRT,10370264,53.410,51.140,413.960,47.634,52.366
Portugal,2016,PRT,10346377,53.960,59.050,343.610,54.699,45.301
Portugal,2017,PRT,10330838,54.910,57.590,433.760,39.208,60.792
Portugal,2018,PRT,10325355,55.690,58.350,358.700,50.403,49.597
Portugal,2019,PRT,10343218,55.000,51.600,300.970,53.120,46.880
Portugal,2020,PRT,10370519,52.850,51.390,248.300,58.591,41.409
Portugal,2021,PRT,10390957,53.970,49.220,210.480,64.080,35.920
Portugal,2022,PRT,10417074,55.580,46.330,225.340,59.594,40.406
Portugal,2023,PRT,10430735,56.370,46.140,158.430,74.469,25.531
Portugal,2024,PRT,10425291,57.740,47.270,110.640,85.191,14.809
Portugal,2025,PRT,10411831,60.440,51.130,127.910,80.951,19.049
Puerto Rico,2000,PRI,3809868,21.850,21.850,657.210,0.686,99.313
Puerto Rico,2001,PRI,3813009,22.310,22.310,655.760,0.583,99.417
Puerto Rico,2002,PRI,3810715,23.160,23.160,664.080,0.475,99.525
Puerto Rico,2003,PRI,3806043,23.920,23.920,684.780,0.418,99.582
Puerto Rico,2004,PRI,3798659,24.150,24.150,685.300,0.580,99.420
Puerto Rico,2005,PRI,3788412,24.960,24.960,684.300,0.561,99.439
Puerto Rico,2006,PRI,3776220,24.970,24.970,689.230,0.561,99.439
Puerto Rico,2007,PRI,3763089,24.680,24.680,689.220,0.648,99.352
Puerto Rico,2008,PRI,3749130,23.250,23.250,690.320,0.688,99.312
Puerto Rico,2009,PRI,3735014,23.040,23.040,688.370,0.738,99.262
Puerto Rico,2010,PRI,3714834,23.250,23.250,686.020,0.688,99.312
Puerto Rico,2011,PRI,3683711,22.260,22.260,691.380,0.674,99.326
Puerto Rico,2012,PRI,3646423,22.300,22.300,687.440,0.538,99.462
Puerto Rico,2013,PRI,3606773,21.480,21.480,684.820,1.350,98.650
Puerto Rico,2014,PRI,3565367,21.060,21.060,686.610,1.662,98.338
Puerto Rico,2015,PRI,3521811,20.900,20.900,680.860,1.818,98.182
Puerto Rico,2016,PRI,3476008,20.640,20.640,683.140,1.890,98.110
Puerto Rico,2017,PRI,3371878,16.380,16.380,673.990,2.259,97.741
Puerto Rico,2018,PRI,3290068,17.690,17.690,671.570,2.657,97.343
Puerto Rico,2019,PRI,3288027,19.150,19.150,673.630,3.812,96.188
Puerto Rico,2020,PRI,3275800,19.070,19.070,668.590,3.985,96.015
Puerto Rico,2021,PRI,3253210,19.360,19.360,665.290,4.649,95.351
Puerto Rico,2022,PRI,3240972,19.900,19.900,660.300,5.377,94.623
Puerto Rico,2023,PRI,3242022,19.900,19.900,660.300,5.377,94.623
Puerto Rico,2024,PRI,3242212,20.000,20.000,656.000,6.000,94.000
Puerto Rico,2025,PRI,3235290,20.270,20.270,654.660,6.364,93.636
Qatar,2000,QAT,644993,9.130,9.130,603.510,0.000,100.000
Qatar,2001,QAT,677934,9.950,9.950,604.020,0.000,100.000
Qatar,2002,QAT,711215,10.940,10.940,603.290,0.000,100.000
Qatar,2003,QAT,744690,12.010,12.010,603.660,0.000,100.000
Qatar,2004,QAT,773341,13.230,13.230,603.930,0.000,100.000
Qatar,2005,QAT,825419,14.400,14.400,603.470,0.000,100.000
Qatar,2006,QAT,972841,17.080,17.080,603.630,0.000,100.000
Qatar,2007,QAT,1208601,19.460,19.460,603.800,0.000,100.000
Qatar,2008,QAT,1426942,21.620,21.620,603.610,0.000,100.000
Qatar,2009,QAT,1586052,24.160,24.160,603.480,0.000,100.000
Qatar,2010,QAT,1709238,28.140,28.140,603.770,0.000,100.000
Qatar,2011,QAT,1810960,30.730,30.730,603.650,0.000,100.000
Qatar,2012,QAT,1907122,34.800,34.800,603.450,0.029,99.971
Qatar,2013,QAT,2032650,34.750,34.750,602.880,0.230,99.770
Qatar,2014,QAT,2218378,38.800,38.800,602.580,0.284,99.716
Qatar,2015,QAT,2427340,41.630,41.630,602.450,0.312,99.688
Qatar,2016,QAT,2599382,42.440,42.440,602.500,0.306,99.694
Qatar,2017,QAT,2706716,45.700,45.700,602.410,0.306,99.694
Qatar,2018,QAT,2761144,48.060,48.060,602.370,0.312,99.688
Qatar,2019,QAT,2797927,50.000,50.000,602.800,0.260,99.740
Qatar,2020,QAT,2803375,49.400,49.400,602.630,0.283,99.717
Qatar,2021,QAT,2814988,51.790,51.790,602.430,0.290,99.710
Qatar,2022,QAT,2892466,54.750,54.750,596.900,1.315,98.685
Qatar,2023,QAT,2979086,56.380,56.380,584.250,3.565,96.435
Qatar,2024,QAT,3048429,56.680,56.680,581.690,4.023,95.977
Qatar,2025,QAT,3115891,56.180,56.180,581.520,4.058,95.942
Rest of World (EI),2000,,,,,,,
Rest of World (EI),2001,,,,,,,
Rest of World (EI),2002,,,,,,,
Rest of World (EI),2003,,,,,,,
Rest of World (EI),2004,,,,,,,
Rest of World (EI),2005,,,,,,,
Rest of World (EI),2006,,,,,,,
Rest of World (EI),2007,,,,,,,
Rest of World (EI),2008,,,,,,,
Rest of World (EI),2009,,,,,,,
Rest of World (EI),2010,,,,,,,
Rest of World (EI),2011,,,,,,,
Rest of World (EI),2012,,,,,,,
Rest of World (EI),2013,,,,,,,
Rest of World (EI),2014,,,,,,,
Rest of World (EI),2015,,,,,,,
Rest of World (EI),2016,,,,,,,
Rest of World (EI),2017,,,,,,,
Rest of World (EI),2018,,,,,,,
Rest of World (EI),2019,,,,,,,
Rest of World (EI),2020,,,,,,,
Rest of World (EI),2021,,,,,,,
Rest of World (EI),2022,,,,,,,
Rest of World (EI),2023,,,,,,,
Rest of World (EI),2024,,,,,,,
Reunion,2000,REU,763148,1.760,1.760,482.960,46.591,53.409
Reunion,2001,REU,772242,1.850,1.850,518.920,40.541,59.459
Reunion,2002,REU,781307,1.930,1.930,492.230,43.005,56.995
Reunion,2003,REU,790570,2.080,2.080,500.000,41.346,58.654
Reunion,2004,REU,797012,2.190,2.190,493.150,39.726,60.274
Reunion,2005,REU,800227,2.270,2.270,568.280,33.921,66.079
Reunion,2006,REU,806686,2.360,2.360,559.320,36.017,63.983
Reunion,2007,REU,818729,2.460,2.460,577.240,36.992,63.008
Reunion,2008,REU,830496,2.540,2.540,578.740,35.827,64.173
Reunion,2009,REU,838473,2.620,2.620,595.420,32.443,67.557
Reunion,2010,REU,844480,2.700,2.700,585.190,34.074,65.926
Reunion,2011,REU,846790,2.750,2.750,610.910,30.182,69.818
Reunion,2012,REU,845062,2.820,2.820,581.560,34.752,65.248
Reunion,2013,REU,847600,2.820,2.820,553.190,37.943,62.057
Reunion,2014,REU,858677,2.860,2.860,576.920,33.217,66.783
Reunion,2015,REU,865016,2.900,2.900,551.720,36.207,63.793
Reunion,2016,REU,862861,2.940,2.940,561.220,34.014,65.986
Reunion,2017,REU,858761,2.980,2.980,570.470,32.215,67.785
Reunion,2018,REU,856946,2.950,2.950,535.590,36.271,63.729
Reunion,2019,REU,857327,3.050,3.050,567.210,31.148,68.852
Reunion,2020,REU,861452,3.790,3.790,643.800,24.538,75.462
Reunion,2021,REU,868085,3.090,3.090,572.820,28.155,71.845
Reunion,2022,REU,871543,3.060,3.060,483.660,37.582,62.418
Reunion,2023,REU,874883,3.070,3.070,394.140,56.678,43.322
Romania,2000,ROU,22046264,50.860,51.560,513.770,28.666,60.745
Romania,2001,ROU,21919916,52.240,53.550,524.560,27.862,61.961
Romania,2002,ROU,21770020,51.570,54.420,515.070,29.493,60.382
Romania,2003,ROU,21593448,52.760,54.840,573.850,24.179,66.867
Romania,2004,ROU,21403215,55.290,56.470,518.150,29.237,60.935
Romania,2005,ROU,21213395,56.430,59.330,489.970,34.081,56.565
Romania,2006,ROU,21035732,58.290,62.560,530.370,29.348,61.653
Romania,2007,ROU,20870714,59.470,61.560,529.730,26.007,61.468
Romania,2008,ROU,20718745,60.610,64.860,497.530,26.549,56.136
Romania,2009,ROU,20576922,55.290,57.590,469.700,27.001,52.596
Romania,2010,ROU,20432575,58.150,60.420,424.530,33.598,47.170
Romania,2011,ROU,20282009,59.890,61.800,490.620,26.408,54.579
Romania,2012,ROU,20158451,58.790,58.540,486.850,25.504,54.903
Romania,2013,ROU,20062913,56.170,58.190,389.760,34.628,45.403
Romania,2014,ROU,19968179,57.790,64.920,357.060,41.774,40.234
Romania,2015,ROU,19871018,58.930,65.660,369.020,39.887,42.385
Romania,2016,ROU,19777049,59.200,64.220,345.380,41.996,40.424
Romania,2017,ROU,19689405,60.650,63.540,369.220,38.228,43.658
Romania,2018,ROU,19597874,61.530,64.070,348.060,40.877,41.361
Romania,2019,ROU,19501542,60.280,58.760,328.970,41.916,38.887
Romania,2020,ROU,19392467,58.000,55.210,277.850,44.575,34.650
Romania,2021,ROU,19248159,60.760,58.560,289.960,44.980,35.758
Romania,2022,ROU,19166776,55.960,54.740,297.770,43.149,36.591
Romania,2023,ROU,19118482,53.930,56.950,243.200,49.798,30.553
Romania,2024,ROU,19015096,55.680,52.720,251.330,46.510,32.796
Romania,2025,ROU,18908655,54.390,49.810,250.750,47.039,32.483
Russia,2000,RUS,146717784,863.700,877.760,469.940,18.702,66.407
Russia,2001,RUS,146117290,875.410,891.270,458.300,19.524,65.113
Russia,2002,RUS,145939502,878.340,891.280,463.040,18.215,65.894
Russia,2003,RUS,145794230,902.910,916.290,465.280,17.031,66.562
Russia,2004,RUS,145180091,924.290,931.910,453.720,18.901,65.571
Russia,2005,RUS,144597886,941.730,954.110,457.400,18.139,66.197
Russia,2006,RUS,144102948,976.310,992.120,462.510,17.519,66.713
Russia,2007,RUS,143859767,1005.900,1018.700,458.190,17.427,66.861
Russia,2008,RUS,143811837,1022.370,1040.000,475.110,15.892,68.427
Russia,2009,RUS,143869128,978.240,993.100,452.100,17.591,65.937
Russia,2010,RUS,143934468,1020.570,1038.020,458.020,16.090,67.493
Russia,2011,RUS,144043751,1032.310,1054.860,461.310,15.511,68.094
Russia,2012,RUS,144291025,1052.790,1069.270,461.860,15.334,68.063
Russia,2013,RUS,144604105,1045.400,1059.080,450.160,17.151,66.561
Russia,2014,RUS,144925639,1056.150,1064.200,449.290,16.370,66.644
Russia,2015,RUS,145307612,1055.890,1067.550,444.350,15.827,65.863
Russia,2016,RUS,145778668,1076.470,1090.970,442.740,17.020,64.959
Russia,2017,RUS,146186798,1080.570,1091.170,439.630,17.079,64.304
Russia,2018,RUS,146430146,1096.590,1109.190,439.330,17.310,64.246
Russia,2019,RUS,146533063,1099.730,1118.160,440.040,17.548,63.761
Russia,2020,RUS,146371295,1074.680,1085.420,417.650,19.923,60.185
Russia,2021,RUS,145836172,1135.730,1157.070,426.810,19.034,61.746
Russia,2022,RUS,145579889,1150.540,1166.940,436.330,17.577,63.253
Russia,2023,RUS,145440502,1161.720,1178.250,442.740,17.747,63.804
Russia,2024,RUS,144820421,1192.910,1209.310,445.980,18.098,64.065
Russia,2025,RUS,143997393,1176.110,1192.790,449.730,17.353,64.316
Rwanda,2000,RWA,8213936,0.250,0.160,250.000,62.500,37.500
Rwanda,2001,RWA,8287091,0.270,0.150,266.670,60.000,40.000
Rwanda,2002,RWA,8400185,0.300,0.170,294.120,58.824,41.176
Rwanda,2003,RWA,8586878,0.300,0.180,222.220,66.667,33.333
Rwanda,2004,RWA,8816849,0.250,0.140,285.710,57.143,42.857
Rwanda,2005,RWA,9054532,0.280,0.190,315.790,52.632,47.368
Rwanda,2006,RWA,9299251,0.330,0.270,333.330,48.148,51.852
Rwanda,2007,RWA,9549940,0.330,0.250,360.000,48.000,52.000
Rwanda,2008,RWA,9804268,0.370,0.290,310.350,55.172,44.828
Rwanda,2009,RWA,10060438,0.370,0.310,322.580,51.613,48.387
Rwanda,2010,RWA,10317560,0.360,0.280,428.570,39.286,60.714
Rwanda,2011,RWA,10573742,0.420,0.350,400.000,42.857,57.143
Rwanda,2012,RWA,10829904,0.480,0.390,358.970,46.154,53.846
Rwanda,2013,RWA,11093340,0.460,0.370,405.410,40.541,59.459
Rwanda,2014,RWA,11364758,0.500,0.410,341.460,48.780,51.220
Rwanda,2015,RWA,11640026,0.590,0.510,294.120,56.863,43.137
Rwanda,2016,RWA,11919183,0.710,0.640,343.750,50.000,50.000
Rwanda,2017,RWA,12202062,0.720,0.650,353.850,46.154,53.846
Rwanda,2018,RWA,12488000,0.910,0.820,390.240,41.463,58.537
Rwanda,2019,RWA,12776102,0.880,0.850,329.410,50.588,49.412
Rwanda,2020,RWA,13065838,0.910,0.890,247.190,62.921,37.079
Rwanda,2021,RWA,13355260,1.020,1.000,280.000,59.000,41.000
Rwanda,2022,RWA,13651025,1.060,1.040,288.460,57.692,42.308
Rwanda,2023,RWA,13954473,1.200,1.100,354.550,49.091,50.909
Rwanda,2024,RWA,14256573,1.220,1.130,353.980,49.558,50.442
Saint Helena,2000,SHN,6045,0.010,0.010,1000.000,0.000,100.000
Saint Helena,2001,SHN,5963,0.010,0.010,1000.000,0.000,100.000
Saint Helena,2002,SHN,5879,0.010,0.010,1000.000,0.000,100.000
Saint Helena,2003,SHN,5775,0.010,0.010,1000.000,0.000,100.000
Saint Helena,2004,SHN,5678,0.010,0.010,1000.000,0.000,100.000
Saint Helena,2005,SHN,5570,0.010,0.010,1000.000,0.000,100.000
Saint Helena,2006,SHN,5457,0.010,0.010,1000.000,0.000,100.000
Saint Helena,2007,SHN,5346,0.010,0.010,1000.000,0.000,100.000
Saint Helena,2008,SHN,5295,0.010,0.010,1000.000,0.000,100.000
Saint Helena,2009,SHN,5320,0.010,0.010,1000.000,0.000,100.000
Saint Helena,2010,SHN,5352,0.010,0.010,1000.000,0.000,100.000
Saint Helena,2011,SHN,5385,0.010,0.010,1000.000,0.000,100.000
Saint Helena,2012,SHN,5428,0.010,0.010,1000.000,0.000,100.000
Saint Helena,2013,SHN,5462,0.010,0.010,1000.000,0.000,100.000
Saint Helena,2014,SHN,5493,0.010,0.010,1000.000,0.000,100.000
Saint Helena,2015,SHN,5529,0.010,0.010,1000.000,0.000,100.000
Saint Helena,2016,SHN,5544,0.010,0.010,1000.000,0.000,100.000
Saint Helena,2017,SHN,5528,0.010,0.010,1000.000,0.000,100.000
Saint Helena,2018,SHN,5507,0.010,0.010,1000.000,0.000,100.000
Saint Helena,2019,SHN,5485,0.010,0.010,1000.000,0.000,100.000
Saint Helena,2020,SHN,5451,0.010,0.010,1000.000,0.000,100.000
Saint Helena,2021,SHN,5415,0.010,0.010,1000.000,0.000,100.000
Saint Helena,2022,SHN,5369,0.010,0.010,1000.000,0.000,100.000
Saint Helena,2023,SHN,5316,0.010,0.010,1000.000,0.000,100.000
Saint Kitts and Nevis,2000,KNA,45272,0.150,0.150,666.670,0.000,100.000
Saint Kitts and Nevis,2001,KNA,45785,0.160,0.160,687.500,0.000,100.000
Saint Kitts and Nevis,2002,KNA,46048,0.180,0.180,666.670,0.000,100.000
Saint Kitts and Nevis,2003,KNA,46200,0.180,0.180,666.670,0.000,100.000
Saint Kitts and Nevis,2004,KNA,46337,0.180,0.180,666.670,0.000,100.000
Saint Kitts and Nevis,2005,KNA,46459,0.190,0.190,684.210,0.000,100.000
Saint Kitts and Nevis,2006,KNA,46592,0.190,0.190,684.210,0.000,100.000
Saint Kitts and Nevis,2007,KNA,46734,0.210,0.210,666.670,0.000,100.000
Saint Kitts and Nevis,2008,KNA,46857,0.200,0.200,650.000,0.000,100.000
Saint Kitts and Nevis,2009,KNA,46941,0.220,0.220,636.360,0.000,100.000
Saint Kitts and Nevis,2010,KNA,46871,0.210,0.210,666.670,0.000,100.000
Saint Kitts and Nevis,2011,KNA,46917,0.220,0.220,636.360,0.000,100.000
Saint Kitts and Nevis,2012,KNA,47056,0.220,0.220,636.360,4.545,95.455
Saint Kitts and Nevis,2013,KNA,47092,0.220,0.220,636.360,4.545,95.455
Saint Kitts and Nevis,2014,KNA,47112,0.220,0.220,636.360,4.545,95.455
Saint Kitts and Nevis,2015,KNA,47108,0.220,0.220,636.360,4.545,95.455
Saint Kitts and Nevis,2016,KNA,47099,0.230,0.230,608.700,4.348,95.652
Saint Kitts and Nevis,2017,KNA,47075,0.220,0.220,636.360,0.000,100.000
Saint Kitts and Nevis,2018,KNA,47032,0.230,0.230,608.700,4.348,95.652
Saint Kitts and Nevis,2019,KNA,46976,0.230,0.230,608.700,4.348,95.652
Saint Kitts and Nevis,2020,KNA,46896,0.220,0.220,636.360,4.545,95.455
Saint Kitts and Nevis,2021,KNA,46786,0.220,0.220,636.360,4.545,95.455
Saint Kitts and Nevis,2022,KNA,46732,0.220,0.220,636.360,4.545,95.455
Saint Kitts and Nevis,2023,KNA,46783,0.220,0.220,636.360,4.545,95.455
Saint Kitts and Nevis,2024,KNA,46867,0.230,0.230,608.700,8.696,91.304
Saint Lucia,2000,LCA,158624,0.280,0.280,642.860,0.000,100.000
Saint Lucia,2001,LCA,160247,0.290,0.290,655.170,0.000,100.000
Saint Lucia,2002,LCA,161655,0.290,0.290,655.170,0.000,100.000
Saint Lucia,2003,LCA,162985,0.300,0.300,666.670,0.000,100.000
Saint Lucia,2004,LCA,164250,0.310,0.310,645.160,0.000,100.000
Saint Lucia,2005,LCA,165460,0.320,0.320,656.250,0.000,100.000
Saint Lucia,2006,LCA,166657,0.330,0.330,666.670,0.000,100.000
Saint Lucia,2007,LCA,167766,0.350,0.350,657.140,0.000,100.000
Saint Lucia,2008,LCA,168816,0.350,0.350,657.140,0.000,100.000
Saint Lucia,2009,LCA,169880,0.360,0.360,666.670,0.000,100.000
Saint Lucia,2010,LCA,170921,0.380,0.380,657.900,0.000,100.000
Saint Lucia,2011,LCA,171814,0.390,0.390,666.670,0.000,100.000
Saint Lucia,2012,LCA,172595,0.380,0.380,657.900,0.000,100.000
Saint Lucia,2013,LCA,173380,0.380,0.380,657.900,0.000,100.000
Saint Lucia,2014,LCA,174145,0.380,0.380,657.900,0.000,100.000
Saint Lucia,2015,LCA,174919,0.380,0.380,657.900,0.000,100.000
Saint Lucia,2016,LCA,175651,0.390,0.390,666.670,0.000,100.000
Saint Lucia,2017,LCA,176352,0.400,0.400,650.000,0.000,100.000
Saint Lucia,2018,LCA,177032,0.410,0.410,634.150,2.439,97.561
Saint Lucia,2019,LCA,177675,0.420,0.420,642.860,2.381,97.619
Saint Lucia,2020,LCA,178261,0.380,0.380,631.580,2.632,97.368
Saint Lucia,2021,LCA,178540,0.400,0.400,650.000,2.500,97.500
Saint Lucia,2022,LCA,178794,0.400,0.400,650.000,2.500,97.500
Saint Lucia,2023,LCA,179291,0.400,0.400,650.000,2.500,97.500
Saint Lucia,2024,LCA,179751,0.400,0.400,650.000,2.500,97.500
Saint Pierre and Miquelon,2000,SPM,6317,0.040,0.040,750.000,0.000,100.000
Saint Pierre and Miquelon,2001,SPM,6299,0.040,0.040,750.000,0.000,100.000
Saint Pierre and Miquelon,2002,SPM,6273,0.040,0.040,750.000,0.000,100.000
Saint Pierre and Miquelon,2003,SPM,6234,0.040,0.040,750.000,0.000,100.000
Saint Pierre and Miquelon,2004,SPM,6191,0.040,0.040,750.000,0.000,100.000
Saint Pierre and Miquelon,2005,SPM,6139,0.040,0.040,750.000,0.000,100.000
Saint Pierre and Miquelon,2006,SPM,6094,0.040,0.040,750.000,0.000,100.000
Saint Pierre and Miquelon,2007,SPM,6074,0.040,0.040,750.000,0.000,100.000
Saint Pierre and Miquelon,2008,SPM,6063,0.040,0.040,750.000,0.000,100.000
Saint Pierre and Miquelon,2009,SPM,6054,0.040,0.040,750.000,0.000,100.000
Saint Pierre and Miquelon,2010,SPM,6047,0.040,0.040,750.000,0.000,100.000
Saint Pierre and Miquelon,2011,SPM,6036,0.040,0.040,750.000,0.000,100.000
Saint Pierre and Miquelon,2012,SPM,6019,0.040,0.040,750.000,0.000,100.000
Saint Pierre and Miquelon,2013,SPM,5999,0.050,0.050,600.000,0.000,100.000
Saint Pierre and Miquelon,2014,SPM,5984,0.050,0.050,600.000,0.000,100.000
Saint Pierre and Miquelon,2015,SPM,5971,0.050,0.050,600.000,0.000,100.000
Saint Pierre and Miquelon,2016,SPM,5957,0.050,0.050,600.000,0.000,100.000
Saint Pierre and Miquelon,2017,SPM,5946,0.050,0.050,600.000,0.000,100.000
Saint Pierre and Miquelon,2018,SPM,5932,0.050,0.050,600.000,0.000,100.000
Saint Pierre and Miquelon,2019,SPM,5899,0.050,0.050,600.000,0.000,100.000
Saint Pierre and Miquelon,2020,SPM,5852,0.050,0.050,600.000,0.000,100.000
Saint Pierre and Miquelon,2021,SPM,5802,0.050,0.050,600.000,0.000,100.000
Saint Pierre and Miquelon,2022,SPM,5760,0.050,0.050,600.000,0.000,100.000
Saint Pierre and Miquelon,2023,SPM,5707,0.050,0.050,600.000,0.000,100.000
Saint Vincent and the Grenadines,2000,VCT,113561,0.100,0.100,500.000,30.000,70.000
Saint Vincent and the Grenadines,2001,VCT,113506,0.100,0.100,500.000,20.000,80.000
Saint Vincent and the Grenadines,2002,VCT,113365,0.100,0.100,500.000,20.000,80.000
Saint Vincent and the Grenadines,2003,VCT,113149,0.110,0.110,545.460,18.182,81.818
Saint Vincent and the Grenadines,2004,VCT,112856,0.120,0.120,500.000,25.000,75.000
Saint Vincent and the Grenadines,2005,VCT,112465,0.140,0.140,500.000,21.429,78.571
Saint Vincent and the Grenadines,2006,VCT,112027,0.130,0.130,538.460,15.385,84.615
Saint Vincent and the Grenadines,2007,VCT,111544,0.140,0.140,571.430,14.286,85.714
Saint Vincent and the Grenadines,2008,VCT,111047,0.140,0.140,571.430,14.286,85.714
Saint Vincent and the Grenadines,2009,VCT,110521,0.140,0.140,571.430,14.286,85.714
Saint Vincent and the Grenadines,2010,VCT,109974,0.150,0.150,533.330,20.000,80.000
Saint Vincent and the Grenadines,2011,VCT,109367,0.140,0.140,500.000,21.429,78.571
Saint Vincent and the Grenadines,2012,VCT,108753,0.150,0.150,533.330,20.000,80.000
Saint Vincent and the Grenadines,2013,VCT,108156,0.140,0.140,571.430,14.286,85.714
Saint Vincent and the Grenadines,2014,VCT,107555,0.140,0.140,642.860,7.143,92.857
Saint Vincent and the Grenadines,2015,VCT,106975,0.150,0.150,600.000,13.333,86.667
Saint Vincent and the Grenadines,2016,VCT,106365,0.160,0.160,562.500,12.500,87.500
Saint Vincent and the Grenadines,2017,VCT,105674,0.150,0.150,600.000,13.333,86.667
Saint Vincent and the Grenadines,2018,VCT,104939,0.150,0.150,600.000,13.333,86.667
Saint Vincent and the Grenadines,2019,VCT,104183,0.150,0.150,600.000,13.333,86.667
Saint Vincent and the Grenadines,2020,VCT,103540,0.150,0.150,600.000,13.333,86.667
Saint Vincent and the Grenadines,2021,VCT,102848,0.140,0.140,571.430,14.286,85.714
Saint Vincent and the Grenadines,2022,VCT,102063,0.150,0.150,600.000,13.333,86.667
Saint Vincent and the Grenadines,2023,VCT,101331,0.150,0.150,600.000,13.333,86.667
Saint Vincent and the Grenadines,2024,VCT,100630,0.150,0.150,600.000,13.333,86.667
Samoa,2000,WSM,181695,0.080,0.080,375.000,50.000,50.000
Samoa,2001,WSM,183174,0.100,0.100,300.000,50.000,50.000
Samoa,2002,WSM,184482,0.110,0.110,272.730,54.545,45.455
Samoa,2003,WSM,185447,0.100,0.100,300.000,50.000,50.000
Samoa,2004,WSM,186265,0.110,0.110,363.640,45.455,54.545
Samoa,2005,WSM,186993,0.110,0.110,363.640,45.455,54.545
Samoa,2006,WSM,187724,0.120,0.120,416.670,41.667,58.333
Samoa,2007,WSM,188766,0.120,0.120,416.670,41.667,58.333
Samoa,2008,WSM,190117,0.110,0.110,363.640,45.455,54.545
Samoa,2009,WSM,191530,0.130,0.130,384.620,38.462,61.538
Samoa,2010,WSM,193035,0.120,0.120,416.670,41.667,58.333
Samoa,2011,WSM,194726,0.130,0.130,384.620,38.462,61.538
Samoa,2012,WSM,196518,0.110,0.110,454.550,36.364,63.636
Samoa,2013,WSM,198284,0.120,0.120,500.000,25.000,75.000
Samoa,2014,WSM,200051,0.130,0.130,538.460,23.077,76.923
Samoa,2015,WSM,201794,0.130,0.130,461.540,30.769,69.231
Samoa,2016,WSM,203509,0.150,0.150,466.670,33.333,66.667
Samoa,2017,WSM,205423,0.160,0.160,437.500,31.250,68.750
Samoa,2018,WSM,207595,0.150,0.150,400.000,40.000,60.000
Samoa,2019,WSM,209794,0.170,0.170,411.770,41.176,58.824
Samoa,2020,WSM,211957,0.180,0.180,388.890,38.889,61.111
Samoa,2021,WSM,213792,0.170,0.170,352.940,47.059,52.941
Samoa,2022,WSM,215270,0.160,0.160,375.000,43.750,56.250
Samoa,2023,WSM,216673,0.150,0.150,400.000,40.000,60.000
Samoa,2024,WSM,218031,0.160,0.160,375.000,43.750,56.250
Sao Tome and Principe,2000,STP,144029,0.030,0.030,333.330,33.333,66.667
Sao Tome and Principe,2001,STP,146386,0.020,0.020,500.000,0.000,100.000
Sao Tome and Principe,2002,STP,149932,0.040,0.040,500.000,25.000,75.000
Sao Tome and Principe,2003,STP,153824,0.040,0.040,500.000,25.000,75.000
Sao Tome and Principe,2004,STP,157721,0.040,0.040,500.000,25.000,75.000
Sao Tome and Principe,2005,STP,161650,0.040,0.040,750.000,0.000,100.000
Sao Tome and Principe,2006,STP,165651,0.050,0.050,600.000,20.000,80.000
Sao Tome and Principe,2007,STP,169709,0.050,0.050,600.000,20.000,80.000
Sao Tome and Principe,2008,STP,173808,0.050,0.050,600.000,20.000,80.000
Sao Tome and Principe,2009,STP,177866,0.060,0.060,500.000,16.667,83.333
Sao Tome and Principe,2010,STP,181810,0.050,0.050,600.000,0.000,100.000
Sao Tome and Principe,2011,STP,185665,0.070,0.070,571.430,14.286,85.714
Sao Tome and Principe,2012,STP,189452,0.080,0.080,625.000,12.500,87.500
Sao Tome and Principe,2013,STP,193158,0.070,0.070,571.430,14.286,85.714
Sao Tome and Principe,2014,STP,196780,0.080,0.080,625.000,12.500,87.500
Sao Tome and Principe,2015,STP,200308,0.100,0.100,600.000,10.000,90.000
Sao Tome and Principe,2016,STP,203702,0.110,0.110,636.360,9.091,90.909
Sao Tome and Principe,2017,STP,206986,0.100,0.100,700.000,0.000,100.000
Sao Tome and Principe,2018,STP,210198,0.100,0.100,700.000,0.000,100.000
Sao Tome and Principe,2019,STP,213405,0.110,0.110,636.360,9.091,90.909
Sao Tome and Principe,2020,STP,217450,0.110,0.110,636.360,9.091,90.909
Sao Tome and Principe,2021,STP,221975,0.110,0.110,636.360,9.091,90.909
Sao Tome and Principe,2022,STP,226313,0.090,0.090,555.560,11.111,88.889
Sao Tome and Principe,2023,STP,230882,0.090,0.090,555.560,11.111,88.889
Saudi Arabia,2000,SAU,16177733,138.690,138.690,692.340,0.000,100.000
Saudi Arabia,2001,SAU,17041405,146.090,146.090,697.170,0.000,100.000
Saudi Arabia,2002,SAU,17910909,154.910,154.910,699.700,0.000,100.000
Saudi Arabia,2003,SAU,18786771,166.580,166.580,698.880,0.000,100.000
Saudi Arabia,2004,SAU,19669486,173.410,173.410,700.480,0.000,100.000
Saudi Arabia,2005,SAU,20559886,191.050,191.050,700.130,0.000,100.000
Saudi Arabia,2006,SAU,21459141,196.310,196.310,697.770,0.000,100.000
Saudi Arabia,2007,SAU,22368313,204.430,204.430,695.500,0.000,100.000
Saudi Arabia,2008,SAU,23287884,204.200,204.200,694.810,0.000,100.000
Saudi Arabia,2009,SAU,24217656,217.310,217.310,690.300,0.000,100.000
Saudi Arabia,2010,SAU,25157134,248.770,248.770,691.400,0.000,100.000
Saudi Arabia,2011,SAU,26105636,259.080,259.150,691.260,0.004,99.996
Saudi Arabia,2012,SAU,27062447,281.580,281.630,692.750,0.011,99.989
Saudi Arabia,2013,SAU,28026825,294.670,294.720,693.070,0.014,99.986
Saudi Arabia,2014,SAU,28998127,328.150,328.200,692.570,0.015,99.985
Saudi Arabia,2015,SAU,29974944,350.590,350.640,693.080,0.014,99.986
Saudi Arabia,2016,SAU,30717804,356.940,357.660,697.230,0.014,99.986
Saudi Arabia,2017,SAU,30782400,394.960,394.990,699.970,0.018,99.982
Saudi Arabia,2018,SAU,30365119,374.740,374.770,702.880,0.043,99.957
Saudi Arabia,2019,SAU,30472809,378.850,378.550,701.700,0.058,99.942
Saudi Arabia,2020,SAU,30991206,380.530,380.900,701.860,0.242,99.758
Saudi Arabia,2021,SAU,31328374,392.910,392.950,702.430,0.254,99.746
Saudi Arabia,2022,SAU,32175351,409.800,409.840,700.050,0.490,99.510
Saudi Arabia,2023,SAU,33264289,429.210,429.250,697.310,1.100,98.900
Saudi Arabia,2024,SAU,33962751,454.590,454.640,691.950,2.160,97.840
Senegal,2000,SEN,9968262,1.490,1.490,644.300,3.356,96.644
Senegal,2001,SEN,10212941,1.790,1.790,642.460,3.352,96.648
Senegal,2002,SEN,10466216,2.080,2.080,586.540,12.500,87.500
Senegal,2003,SEN,10721176,2.330,2.330,566.520,16.309,83.691
Senegal,2004,SEN,10975711,2.390,2.390,585.770,13.808,86.192
Senegal,2005,SEN,11235473,2.650,2.650,596.230,11.698,88.302
Senegal,2006,SEN,11500094,2.640,2.640,602.270,10.606,89.394
Senegal,2007,SEN,11770348,2.800,2.800,614.290,7.857,92.143
Senegal,2008,SEN,12048963,2.960,2.960,611.490,9.122,90.878
Senegal,2009,SEN,12337390,3.290,3.050,606.560,9.508,90.492
Senegal,2010,SEN,12635418,3.480,3.230,609.910,9.907,90.093
Senegal,2011,SEN,12958902,3.550,3.290,607.900,10.030,89.970
Senegal,2012,SEN,13310499,3.910,3.620,616.020,9.392,90.608
Senegal,2013,SEN,13710857,4.120,3.810,611.550,9.711,90.289
Senegal,2014,SEN,14152103,4.500,4.180,617.230,9.091,90.909
Senegal,2015,SEN,14593335,4.770,4.440,619.370,9.009,90.991
Senegal,2016,SEN,15034517,5.140,4.780,623.430,8.996,91.004
Senegal,2017,SEN,15475001,5.050,4.720,608.050,11.229,88.771
Senegal,2018,SEN,15914495,5.260,4.940,595.140,14.170,85.830
Senegal,2019,SEN,16352926,6.140,5.820,609.970,13.402,86.598
Senegal,2020,SEN,16789217,6.420,6.060,562.710,16.832,83.168
Senegal,2021,SEN,17220866,6.970,6.660,546.550,20.270,79.730
Senegal,2022,SEN,17651099,7.650,7.160,550.280,19.693,80.307
Senegal,2023,SEN,18077573,8.740,8.200,557.320,16.951,83.049
Senegal,2024,SEN,18501988,8.130,7.630,539.970,19.790,80.210
Serbia,2000,SRB,7694608,34.960,31.950,699.530,30.736,69.264
Serbia,2001,SRB,7651927,36.610,32.570,701.570,30.365,69.635
Serbia,2002,SRB,7616741,37.720,33.240,707.580,29.874,70.126
Serbia,2003,SRB,7590946,37.050,34.260,750.150,25.511,74.489
Serbia,2004,SRB,7565843,36.920,37.190,719.820,28.556,71.444
Serbia,2005,SRB,7539139,33.920,35.860,686.840,31.818,68.182
Serbia,2006,SRB,7511395,35.060,35.870,723.730,28.854,71.146
Serbia,2007,SRB,7482996,35.880,35.970,742.560,26.300,73.700
Serbia,2008,SRB,7454285,36.890,36.820,749.590,25.964,74.036
Serbia,2009,SRB,7425346,36.280,37.710,734.290,27.950,72.050
Serbia,2010,SRB,7395872,37.120,37.420,693.480,31.774,68.226
Serbia,2011,SRB,7364858,37.740,38.020,780.380,22.804,77.196
Serbia,2012,SRB,7324624,36.580,36.190,751.870,25.698,74.302
Serbia,2013,SRB,7276183,36.690,39.230,751.980,26.051,73.949
Serbia,2014,SRB,7227203,35.000,33.440,683.610,32.984,67.016
Serbia,2015,SRB,7177257,36.670,37.590,744.350,26.895,73.105
Serbia,2016,SRB,7126083,36.690,38.610,729.860,28.127,71.873
Serbia,2017,SRB,7073507,37.270,36.440,752.740,25.494,74.506
Serbia,2018,SRB,7020014,36.790,36.670,709.850,29.725,70.275
Serbia,2019,SRB,6966155,36.940,36.860,721.380,28.513,71.487
Serbia,2020,SRB,6907814,36.570,37.180,736.150,27.327,72.673
Serbia,2021,SRB,6835429,38.110,37.460,666.310,33.502,66.498
Serbia,2022,SRB,6791215,37.590,34.840,710.680,28.186,71.814
Serbia,2023,SRB,6773204,37.140,39.330,638.950,34.961,65.039
Serbia,2024,SRB,6736217,37.480,36.960,666.400,32.062,67.938
Serbia,2025,SRB,6689038,37.400,36.620,695.800,27.799,72.201
Serbia and Montenegro,2000,,9975028,,,,,
Serbia and Montenegro,2001,,9900831,,,,,
Serbia and Montenegro,2002,,9840118,,,,,
Serbia and Montenegro,2003,,9790282,,,,,
Serbia and Montenegro,2004,,9745756,,,,,
Serbia and Montenegro,2005,,9702399,,,,,
Seychelles,2000,SYC,83339,0.200,0.200,650.000,0.000,100.000
Seychelles,2001,SYC,84621,0.200,0.200,650.000,0.000,100.000
Seychelles,2002,SYC,85878,0.230,0.230,652.170,0.000,100.000
Seychelles,2003,SYC,87056,0.230,0.230,652.170,0.000,100.000
Seychelles,2004,SYC,88175,0.230,0.230,652.170,0.000,100.000
Seychelles,2005,SYC,89288,0.300,0.300,666.670,0.000,100.000
Seychelles,2006,SYC,90391,0.320,0.320,656.250,0.000,100.000
Seychelles,2007,SYC,91483,0.340,0.340,647.060,0.000,100.000
Seychelles,2008,SYC,92563,0.340,0.340,647.060,0.000,100.000
Seychelles,2009,SYC,93644,0.350,0.350,657.140,0.000,100.000
Seychelles,2010,SYC,94993,0.380,0.380,657.900,0.000,100.000
Seychelles,2011,SYC,97041,0.400,0.400,650.000,0.000,100.000
Seychelles,2012,SYC,99565,0.410,0.410,658.540,0.000,100.000
Seychelles,2013,SYC,102108,0.440,0.440,636.360,2.273,97.727
Seychelles,2014,SYC,104663,0.450,0.450,644.440,2.222,97.778
Seychelles,2015,SYC,107247,0.460,0.460,652.170,2.174,97.826
Seychelles,2016,SYC,109836,0.500,0.500,640.000,2.000,98.000
Seychelles,2017,SYC,112443,0.510,0.510,647.060,1.961,98.039
Seychelles,2018,SYC,115053,0.520,0.520,653.850,1.923,98.077
Seychelles,2019,SYC,117662,0.570,0.570,614.040,7.018,92.982
Seychelles,2020,SYC,120299,0.590,0.590,576.270,11.864,88.136
Seychelles,2021,SYC,123000,0.600,0.600,566.670,13.333,86.667
Seychelles,2022,SYC,125533,0.620,0.620,564.520,14.516,85.484
Seychelles,2023,SYC,127961,0.620,0.620,564.520,14.516,85.484
Seychelles,2024,SYC,130436,0.630,0.630,555.560,15.873,84.127
Sierra Leone,2000,SLE,4423615,0.090,0.090,555.560,11.111,88.889
Sierra Leone,2001,SLE,4692715,0.130,0.130,615.390,7.692,92.308
Sierra Leone,2002,SLE,4971435,0.160,0.160,562.500,12.500,87.500
Sierra Leone,2003,SLE,5177686,0.150,0.150,600.000,13.333,86.667
Sierra Leone,2004,SLE,5355715,0.120,0.120,583.330,16.667,83.333
Sierra Leone,2005,SLE,5501707,0.080,0.080,500.000,25.000,75.000
Sierra Leone,2006,SLE,5624464,0.050,0.050,600.000,0.000,100.000
Sierra Leone,2007,SLE,5749353,0.060,0.060,500.000,33.333,66.667
Sierra Leone,2008,SLE,5894728,0.060,0.060,500.000,33.333,66.667
Sierra Leone,2009,SLE,6055655,0.060,0.060,500.000,33.333,66.667
Sierra Leone,2010,SLE,6222715,0.140,0.140,71.430,85.714,14.286
Sierra Leone,2011,SLE,6387258,0.170,0.170,58.820,88.235,11.765
Sierra Leone,2012,SLE,6551078,0.180,0.180,222.220,66.667,33.333
Sierra Leone,2013,SLE,6714057,0.160,0.160,250.000,62.500,37.500
Sierra Leone,2014,SLE,6876385,0.150,0.150,133.330,80.000,20.000
Sierra Leone,2015,SLE,7037660,0.160,0.160,187.500,75.000,25.000
Sierra Leone,2016,SLE,7205339,0.210,0.210,238.100,61.905,38.095
Sierra Leone,2017,SLE,7379300,0.230,0.230,260.870,60.870,39.130
Sierra Leone,2018,SLE,7554568,0.270,0.270,222.220,66.667,33.333
Sierra Leone,2019,SLE,7731994,0.200,0.200,50.000,95.000,5.000
Sierra Leone,2020,SLE,7912557,0.200,0.200,50.000,95.000,5.000
Sierra Leone,2021,SLE,8094603,0.200,0.200,50.000,95.000,5.000
Sierra Leone,2022,SLE,8276809,0.200,0.200,50.000,95.000,5.000
Sierra Leone,2023,SLE,8460523,0.210,0.210,47.620,95.238,4.762
Sierra Leone,2024,SLE,8642029,0.210,0.210,47.620,95.238,4.762
Singapore,2000,SGP,4035251,31.670,31.670,657.090,1.547,98.453
Singapore,2001,SGP,4116169,33.060,33.060,598.310,2.087,97.913
Singapore,2002,SGP,4146898,34.660,34.660,586.270,2.222,97.778
Singapore,2003,SGP,4138241,35.320,35.320,570.500,2.803,97.197
Singapore,2004,SGP,4172767,36.820,36.820,555.680,2.607,97.393
Singapore,2005,SGP,4268363,38.220,38.220,545.530,2.512,97.488
Singapore,2006,SGP,4407064,39.490,39.490,539.380,2.406,97.594
Singapore,2007,SGP,4596516,41.130,41.130,537.810,2.407,97.593
Singapore,2008,SGP,4806742,41.670,41.670,534.200,2.496,97.504
Singapore,2009,SGP,4968574,41.800,41.800,533.490,2.512,97.488
Singapore,2010,SGP,5077020,45.360,45.360,539.680,2.601,97.399
Singapore,2011,SGP,5182242,46.000,46.000,538.040,2.609,97.391
Singapore,2012,SGP,5293345,46.940,46.940,525.570,2.706,97.294
Singapore,2013,SGP,5385589,47.970,47.970,507.610,3.523,96.477
Singapore,2014,SGP,5457899,49.300,49.300,506.900,2.799,97.201
Singapore,2015,SGP,5525343,50.280,50.280,506.960,2.904,97.096
Singapore,2016,SGP,5577936,51.590,51.590,506.490,2.908,97.092
Singapore,2017,SGP,5604087,52.280,52.280,507.270,2.888,97.112
Singapore,2018,SGP,5634366,52.970,52.970,507.080,2.813,97.187
Singapore,2019,SGP,5669562,54.140,54.140,506.100,2.789,97.211
Singapore,2020,SGP,5620151,53.070,53.070,504.620,2.808,97.192
Singapore,2021,SGP,5546291,55.790,55.790,506.180,2.904,97.096
Singapore,2022,SGP,5649888,57.100,56.920,504.220,4.093,95.907
Singapore,2023,SGP,5789092,57.400,57.320,500.870,4.536,95.464
Singapore,2024,SGP,5832387,59.630,59.610,498.740,4.932,95.068
Singapore,2025,SGP,5870749,60.440,60.150,497.090,5.486,94.514
Slovakia,2000,SVK,5380001,28.080,30.780,251.140,14.977,31.449
Slovakia,2001,SVK,5379439,28.140,31.820,250.470,15.965,30.295
Slovakia,2002,SVK,5377685,28.020,32.180,225.300,16.843,27.377
Slovakia,2003,SVK,5376197,28.720,30.980,257.260,11.556,30.794
Slovakia,2004,SVK,5376038,28.600,30.460,253.120,13.559,30.532
Slovakia,2005,SVK,5376697,28.070,31.340,239.310,14.933,28.494
Slovakia,2006,SVK,5376847,28.920,31.250,231.040,15.392,26.976
Slovakia,2007,SVK,5376993,29.580,27.850,235.190,17.702,27.253
Slovakia,2008,SVK,5379127,29.220,28.700,223.690,15.923,25.889
Slovakia,2009,SVK,5385074,27.240,25.930,220.980,18.974,26.726
Slovakia,2010,SVK,5391857,28.500,27.460,205.030,21.668,25.273
Slovakia,2011,SVK,5398105,29.010,28.280,214.290,17.680,27.829
Slovakia,2012,SVK,5404877,28.690,28.300,203.530,19.329,25.936
Slovakia,2013,SVK,5410422,28.590,28.500,181.750,22.316,22.526
Slovakia,2014,SVK,5415238,28.230,27.130,172.870,23.000,19.867
Slovakia,2015,SVK,5420278,29.010,26.620,177.310,22.727,20.361
Slovakia,2016,SVK,5427262,29.450,26.800,177.240,24.739,20.149
Slovakia,2017,SVK,5435702,30.450,27.420,183.080,23.851,21.152
Slovakia,2018,SVK,5443229,30.340,26.660,191.670,21.793,22.543
Slovakia,2019,SVK,5450627,29.910,28.210,171.220,23.573,22.262
Slovakia,2020,SVK,5455028,28.830,28.510,158.540,24.027,21.817
Slovakia,2021,SVK,5442766,30.470,29.700,167.340,22.795,24.242
Slovakia,2022,SVK,5473195,27.950,26.540,142.050,21.929,18.086
Slovakia,2023,SVK,5518057,26.110,29.530,115.140,22.723,15.205
Slovakia,2024,SVK,5506759,26.570,29.520,96.550,24.051,14.194
Slovakia,2025,SVK,5474874,26.750,29.100,94.850,18.729,14.845
Slovenia,2000,SVN,1986817,12.290,13.610,361.500,28.655,36.370
Slovenia,2001,SVN,1989684,12.710,14.480,367.400,26.727,36.948
Slovenia,2002,SVN,1991571,13.470,14.600,386.300,23.356,38.767
Slovenia,2003,SVN,1992499,13.990,13.830,394.790,22.270,40.058
Slovenia,2004,SVN,1993548,14.510,15.270,364.110,27.570,36.673
Slovenia,2005,SVN,1996915,14.790,15.110,370.620,23.627,37.459
Slovenia,2006,SVN,2003116,15.150,15.110,383.850,24.487,38.782
Slovenia,2007,SVN,2014159,15.270,15.040,388.960,22.473,39.628
Slovenia,2008,SVN,2025090,14.810,16.410,350.400,26.264,35.527
Slovenia,2009,SVN,2035610,13.330,16.390,341.670,29.896,35.082
Slovenia,2010,SVN,2044611,14.140,16.260,353.630,29.213,35.978
Slovenia,2011,SVN,2048805,14.550,15.920,358.670,24.372,36.558
Slovenia,2012,SVN,2053322,14.510,15.550,359.490,27.846,36.592
Slovenia,2013,SVN,2056452,14.510,15.800,336.710,32.342,34.114
Slovenia,2014,SVN,2058395,14.410,17.150,244.320,38.484,24.373
Slovenia,2015,SVN,2059946,14.750,14.800,316.890,29.392,32.432
Slovenia,2016,SVN,2061379,15.050,16.230,325.940,31.177,33.580
Slovenia,2017,SVN,2062410,15.530,16.050,318.380,27.664,33.146
Slovenia,2018,SVN,2069484,15.620,16.120,304.590,32.382,31.762
Slovenia,2019,SVN,2083438,15.570,15.890,298.930,31.718,31.655
Slovenia,2020,SVN,2102421,14.890,16.890,277.090,33.037,29.366
Slovenia,2021,SVN,2113495,15.320,15.590,269.400,34.894,28.480
Slovenia,2022,SVN,2115231,14.810,13.360,257.490,30.464,27.545
Slovenia,2023,SVN,2118394,14.040,15.550,225.080,40.514,23.473
Slovenia,2024,SVN,2118692,14.300,16.710,230.400,41.113,23.938
Slovenia,2025,SVN,2117070,14.310,14.840,183.290,39.623,21.092
Solomon Islands,2000,SLB,440481,0.060,0.060,666.670,0.000,100.000
Solomon Islands,2001,SLB,449137,0.060,0.060,666.670,0.000,100.000
Solomon Islands,2002,SLB,457676,0.060,0.060,666.670,0.000,100.000
Solomon Islands,2003,SLB,466164,0.060,0.060,666.670,0.000,100.000
Solomon Islands,2004,SLB,474618,0.060,0.060,666.670,0.000,100.000
Solomon Islands,2005,SLB,483090,0.070,0.070,714.290,0.000,100.000
Solomon Islands,2006,SLB,491602,0.070,0.070,714.290,0.000,100.000
Solomon Islands,2007,SLB,500168,0.080,0.080,625.000,0.000,100.000
Solomon Islands,2008,SLB,508802,0.080,0.080,625.000,0.000,100.000
Solomon Islands,2009,SLB,518150,0.080,0.080,625.000,0.000,100.000
Solomon Islands,2010,SLB,532976,0.080,0.080,625.000,0.000,100.000
Solomon Islands,2011,SLB,552958,0.080,0.080,625.000,0.000,100.000
Solomon Islands,2012,SLB,573623,0.080,0.080,625.000,0.000,100.000
Solomon Islands,2013,SLB,594952,0.080,0.080,625.000,0.000,100.000
Solomon Islands,2014,SLB,616915,0.090,0.090,666.670,0.000,100.000
Solomon Islands,2015,SLB,639423,0.090,0.090,666.670,0.000,100.000
Solomon Islands,2016,SLB,662387,0.100,0.100,700.000,0.000,100.000
Solomon Islands,2017,SLB,685677,0.100,0.100,700.000,0.000,100.000
Solomon Islands,2018,SLB,709109,0.100,0.100,700.000,0.000,100.000
Solomon Islands,2019,SLB,728156,0.100,0.100,700.000,0.000,100.000
Solomon Islands,2020,SLB,744505,0.100,0.100,700.000,0.000,100.000
Solomon Islands,2021,SLB,762594,0.100,0.100,700.000,0.000,100.000
Solomon Islands,2022,SLB,781075,0.110,0.110,636.360,9.091,90.909
Solomon Islands,2023,SLB,800014,0.110,0.110,636.360,9.091,90.909
Solomon Islands,2024,SLB,819206,0.110,0.110,636.360,9.091,90.909
Somalia,2000,SOM,8838714,0.250,0.250,640.000,0.000,100.000
Somalia,2001,SOM,9198495,0.260,0.260,653.850,0.000,100.000
Somalia,2002,SOM,9550069,0.270,0.270,666.670,0.000,100.000
Somalia,2003,SOM,9909161,0.280,0.280,642.860,0.000,100.000
Somalia,2004,SOM,10281001,0.280,0.280,642.860,0.000,100.000
Somalia,2005,SOM,10644234,0.290,0.290,655.170,0.000,100.000
Somalia,2006,SOM,10975502,0.300,0.300,666.670,0.000,100.000
Somalia,2007,SOM,11322581,0.310,0.310,645.160,0.000,100.000
Somalia,2008,SOM,11663090,0.320,0.320,656.250,0.000,100.000
Somalia,2009,SOM,11961205,0.330,0.330,666.670,0.000,100.000
Somalia,2010,SOM,12261761,0.330,0.330,666.670,0.000,100.000
Somalia,2011,SOM,12348829,0.330,0.330,666.670,0.000,100.000
Somalia,2012,SOM,12461163,0.340,0.340,647.060,0.000,100.000
Somalia,2013,SOM,12869599,0.350,0.350,657.140,0.000,100.000
Somalia,2014,SOM,13339497,0.350,0.350,657.140,0.000,100.000
Somalia,2015,SOM,13806969,0.350,0.350,657.140,0.000,100.000
Somalia,2016,SOM,14348741,0.360,0.360,638.890,2.778,97.222
Somalia,2017,SOM,14916630,0.370,0.370,621.620,5.405,94.595
Somalia,2018,SOM,15452489,0.370,0.370,621.620,5.405,94.595
Somalia,2019,SOM,16030969,0.370,0.370,621.620,5.405,94.595
Somalia,2020,SOM,16651200,0.370,0.370,594.600,8.108,91.892
Somalia,2021,SOM,17271435,0.380,0.380,578.950,10.526,89.474
Somalia,2022,SOM,17801895,0.420,0.420,523.810,19.048,80.952
Somalia,2023,SOM,18358622,0.420,0.420,523.810,19.048,80.952
Somalia,2024,SOM,19009155,0.430,0.430,511.630,20.930,79.070
South Africa,2000,ZAF,47159715,222.990,210.660,799.440,0.750,93.074
South Africa,2001,ZAF,47566805,212.290,210.090,806.270,1.019,93.879
South Africa,2002,ZAF,48019414,222.830,220.580,802.250,1.161,93.404
South Africa,2003,ZAF,48500351,232.170,234.240,807.630,0.542,94.053
South Africa,2004,ZAF,48991420,241.170,244.610,806.920,0.556,93.978
South Africa,2005,ZAF,49490041,242.590,244.930,812.680,0.731,94.660
South Africa,2006,ZAF,49998271,250.850,253.810,813.480,1.316,94.732
South Africa,2007,ZAF,50528575,260.340,263.490,810.050,1.264,94.440
South Africa,2008,ZAF,51114595,254.690,258.290,809.400,0.681,94.285
South Africa,2009,ZAF,51728518,247.800,249.560,807.900,0.781,94.086
South Africa,2010,ZAF,52344047,257.120,259.590,807.620,0.613,94.175
South Africa,2011,ZAF,52995212,259.410,262.480,803.570,1.345,93.740
South Africa,2012,ZAF,53782570,252.840,257.870,807.040,0.586,94.385
South Africa,2013,ZAF,54678789,251.450,255.950,799.690,0.652,93.835
South Africa,2014,ZAF,55594840,252.110,254.770,791.580,1.692,92.896
South Africa,2015,ZAF,56723536,248.500,250.050,790.960,2.607,92.497
South Africa,2016,ZAF,57259550,246.820,252.810,779.400,3.232,90.823
South Africa,2017,ZAF,57635158,248.510,255.140,768.910,4.754,89.684
South Africa,2018,ZAF,58613001,251.600,256.300,774.680,4.869,90.613
South Africa,2019,ZAF,59587880,247.900,253.070,764.260,5.216,89.548
South Africa,2020,ZAF,60562374,236.920,240.740,763.150,6.343,89.545
South Africa,2021,ZAF,61502602,241.890,245.460,741.510,7.708,87.261
South Africa,2022,ZAF,62378417,237.660,239.170,729.020,9.876,85.901
South Africa,2023,ZAF,63212386,232.400,232.950,714.400,12.398,84.125
South Africa,2024,ZAF,64007187,246.220,247.520,717.360,12.512,84.337
South Africa,2025,ZAF,64747319,236.840,242.760,699.290,13.635,82.159
South America,2000,,348018743,703.310,704.850,161.779,77.246,21.019
South America,2001,,352811861,687.540,687.110,170.584,74.495,22.400
South America,2002,,357458493,709.250,708.870,164.261,75.798,21.428
South America,2003,,361970820,741.960,743.130,163.888,75.601,21.583
South America,2004,,366372166,789.440,789.010,176.056,74.016,23.516
South America,2005,,370696350,822.720,821.310,171.287,75.248,22.716
South America,2006,,374925352,862.640,860.440,170.796,75.067,22.437
South America,2007,,379035651,906.810,904.610,180.100,74.383,23.450
South America,2008,,383025009,945.450,943.380,194.450,71.941,25.794
South America,2009,,386904378,952.520,949.230,184.444,73.858,23.915
South America,2010,,390701117,1006.510,1006.500,204.531,70.792,27.049
South America,2011,,394477912,1044.500,1044.600,193.347,72.657,25.231
South America,2012,,398255319,1093.870,1093.930,221.870,68.448,29.501
South America,2013,,402022546,1142.030,1142.060,247.675,65.032,33.072
South America,2014,,405812435,1135.420,1135.340,259.896,63.163,34.997
South America,2015,,409619969,1163.560,1163.590,260.908,63.044,35.085
South America,2016,,413395039,1167.780,1167.760,244.048,65.692,32.241
South America,2017,,417045362,1164.810,1164.290,229.968,67.600,30.525
South America,2018,,420440405,1179.780,1179.670,218.290,69.386,28.704
South America,2019,,423548291,1188.840,1190.270,217.699,69.208,28.728
South America,2020,,426213552,1174.290,1174.140,204.626,71.243,26.708
South America,2021,,428331419,1227.050,1225.960,220.945,68.393,29.578
South America,2022,,430492816,1248.200,1246.980,181.398,74.927,23.307
South America,2023,,433024223,1285.670,1283.650,165.053,77.227,20.945
South America,2024,,435611337,1327.140,1320.500,166.831,76.787,21.227
South Korea,2000,KOR,46766660,290.450,290.450,461.590,1.418,61.067
South Korea,2001,KOR,47043467,309.880,309.880,475.310,0.787,63.028
South Korea,2002,KOR,47299118,332.010,332.010,472.790,1.033,63.094
South Korea,2003,KOR,47514158,347.770,347.770,457.890,1.469,61.245
South Korea,2004,KOR,47697076,368.020,368.020,462.610,1.266,63.217
South Korea,2005,KOR,47851646,389.470,389.470,449.590,1.045,61.268
South Korea,2006,KOR,48006518,402.990,402.990,451.180,0.988,62.101
South Korea,2007,KOR,48178122,425.410,425.410,473.640,1.048,65.351
South Korea,2008,KOR,48356485,442.610,442.610,477.260,1.003,64.890
South Korea,2009,KOR,48546690,452.450,452.450,495.280,1.019,66.321
South Korea,2010,KOR,48769329,495.030,495.030,500.210,1.149,68.832
South Korea,2011,KOR,49127640,518.160,518.160,497.090,1.428,68.712
South Korea,2012,KOR,49599580,531.210,531.210,501.890,1.538,70.162
South Korea,2013,KOR,50071168,537.160,537.160,511.750,1.904,72.260
South Korea,2014,KOR,50539055,540.380,540.380,493.390,2.385,68.670
South Korea,2015,KOR,50983909,547.800,547.800,487.640,2.775,67.149
South Korea,2016,KOR,51297836,560.980,560.980,489.380,3.232,67.892
South Korea,2017,KOR,51486268,576.410,576.410,511.480,3.874,70.375
South Korea,2018,KOR,51640894,592.910,592.910,518.810,4.689,72.794
South Korea,2019,KOR,51767844,586.800,586.800,496.970,5.625,69.509
South Korea,2020,KOR,51858481,577.110,577.110,457.630,7.000,65.244
South Korea,2021,KOR,51848401,607.760,607.760,459.460,7.914,66.087
South Korea,2022,KOR,51782515,622.590,622.590,438.060,8.913,62.810
South Korea,2023,KOR,51748744,617.490,617.490,427.290,9.566,61.204
South Korea,2024,KOR,51717587,625.380,625.380,415.510,9.709,60.109
South Korea,2025,KOR,51667035,624.660,624.660,417.060,10.394,60.042
South Sudan,2012,SSD,10756245,0.440,0.440,659.090,0.000,100.000
South Sudan,2013,SSD,11166280,0.470,0.470,659.570,0.000,100.000
South Sudan,2014,SSD,11235071,0.480,0.480,666.670,0.000,100.000
South Sudan,2015,SSD,11107569,0.580,0.580,655.170,0.000,100.000
South Sudan,2016,SSD,10830108,0.520,0.520,653.850,0.000,100.000
South Sudan,2017,SSD,10259150,0.540,0.540,666.670,0.000,100.000
South Sudan,2018,SSD,10122983,0.540,0.540,666.670,0.000,100.000
South Sudan,2019,SSD,10423382,0.550,0.550,654.550,0.000,100.000
South Sudan,2020,SSD,10698471,0.560,0.560,642.860,1.786,98.214
South Sudan,2021,SSD,10865786,0.570,0.570,649.120,1.754,98.246
South Sudan,2022,SSD,11021175,0.510,0.510,647.060,1.961,98.039
South Sudan,2023,SSD,11483370,0.560,0.560,642.860,1.786,98.214
South Sudan,2024,SSD,11943410,0.560,0.560,642.860,1.786,98.214
South and Central America (EI),2000,,,,808.784,,69.874,28.536
South and Central America (EI),2001,,,,796.546,,66.885,30.323
South and Central America (EI),2002,,,,821.469,,68.207,29.336
South and Central America (EI),2003,,,,861.334,,68.021,29.490
South and Central America (EI),2004,,,,902.045,,67.159,30.612
South and Central America (EI),2005,,,,943.336,,68.057,30.077
South and Central America (EI),2006,,,,988.541,,67.943,29.799
South and Central America (EI),2007,,,,1034.259,,67.627,30.318
South and Central America (EI),2008,,,,1072.046,,66.120,31.808
South and Central America (EI),2009,,,,1083.151,,67.420,30.531
South and Central America (EI),2010,,,,1140.540,,65.251,32.735
South and Central America (EI),2011,,,,1181.361,,66.762,31.252
South and Central America (EI),2012,,,,1231.920,,63.752,34.320
South and Central America (EI),2013,,,,1270.861,,60.800,37.403
South and Central America (EI),2014,,,,1289.979,,59.461,38.807
South and Central America (EI),2015,,,,1299.037,,59.237,39.006
South and Central America (EI),2016,,,,1306.583,,61.534,36.543
South and Central America (EI),2017,,,,1305.761,,64.484,33.577
South and Central America (EI),2018,,,,1314.955,,66.664,31.383
South and Central America (EI),2019,,,,1332.415,,66.409,31.508
South and Central America (EI),2020,,,,1316.431,,67.878,30.057
South and Central America (EI),2021,,,,1370.680,,65.273,32.701
South and Central America (EI),2022,,,,1396.460,,71.627,26.589
South and Central America (EI),2023,,,,1459.449,,72.402,25.769
South and Central America (EI),2024,,,,1506.268,,71.865,26.154
Spain,2000,ESP,41019772,225.360,220.920,470.890,15.612,56.229
Spain,2001,ESP,41245602,236.520,233.070,422.490,21.152,51.512
Spain,2002,ESP,41755703,245.240,239.910,481.890,13.826,59.906
Spain,2003,ESP,42506540,258.560,257.300,429.230,21.667,54.283
Spain,2004,ESP,43234562,273.580,276.610,449.120,18.123,58.881
Spain,2005,ESP,43958883,288.120,289.460,475.060,14.603,65.519
Spain,2006,ESP,44695446,292.310,295.590,432.760,17.643,62.015
Spain,2007,ESP,45516501,296.110,301.860,438.850,19.314,62.433
Spain,2008,ESP,46235055,298.750,309.790,390.230,20.062,60.903
Spain,2009,ESP,46635182,282.620,290.720,355.020,25.482,56.370
Spain,2010,ESP,46840469,289.470,297.800,288.250,32.831,46.353
Spain,2011,ESP,46998040,285.450,291.540,337.280,30.023,50.178
Spain,2012,ESP,47018323,282.750,293.950,351.110,29.587,49.502
Spain,2013,ESP,46860394,274.710,281.460,286.860,39.583,40.261
Spain,2014,ESP,46720187,271.030,274.440,288.990,40.176,38.941
Spain,2015,ESP,46683683,277.040,277.170,328.500,35.025,44.337
Spain,2016,ESP,46732768,278.370,270.700,282.930,38.652,39.690
Spain,2017,ESP,46868594,281.550,272.380,329.170,32.282,46.409
Spain,2018,ESP,47092817,282.500,271.400,290.860,38.272,41.179
Spain,2019,ESP,47435121,277.380,270.520,246.670,37.332,41.099
Spain,2020,ESP,47679482,262.750,259.470,199.100,43.855,33.676
Spain,2021,ESP,47735670,271.600,270.750,193.540,46.445,32.665
Spain,2022,ESP,47828386,267.350,287.150,217.130,42.803,36.793
Spain,2023,ESP,47911583,265.150,279.110,169.680,51.514,28.111
Spain,2024,ESP,47910533,270.710,280.940,146.220,57.336,23.254
Spain,2025,ESP,47889960,275.100,287.890,153.600,55.858,25.360
Sri Lanka,2000,LKA,19293056,6.780,6.780,358.410,47.345,52.655
Sri Lanka,2001,LKA,19600361,6.670,6.670,361.320,46.777,53.223
Sri Lanka,2002,LKA,19805750,6.940,6.940,410.660,38.905,61.095
Sri Lanka,2003,LKA,19951521,7.630,7.630,382.700,43.512,56.488
Sri Lanka,2004,LKA,20087608,8.090,8.090,425.220,36.712,63.288
Sri Lanka,2005,LKA,20216531,8.820,8.820,408.160,39.342,60.658
Sri Lanka,2006,LKA,20352416,9.440,9.440,345.340,49.258,50.742
Sri Lanka,2007,LKA,20492546,9.880,9.880,402.830,40.182,59.818
Sri Lanka,2008,LKA,20629377,9.920,9.920,392.140,41.935,58.065
Sri Lanka,2009,LKA,20756438,9.890,9.890,406.470,39.636,60.364
Sri Lanka,2010,LKA,20879092,10.720,10.720,319.030,53.451,46.549
Sri Lanka,2011,LKA,21009054,11.550,11.550,415.580,41.212,58.788
Sri Lanka,2012,LKA,21169461,11.800,11.800,495.760,29.407,70.593
Sri Lanka,2013,LKA,21358829,11.980,11.980,301.340,60.184,39.816
Sri Lanka,2014,LKA,21547454,12.450,12.450,461.040,39.357,60.643
Sri Lanka,2015,LKA,21729975,13.210,13.210,417.870,48.751,51.249
Sri Lanka,2016,LKA,21910763,14.310,14.310,522.010,32.984,67.016
Sri Lanka,2017,LKA,22087525,14.890,14.890,533.240,31.028,68.972
Sri Lanka,2018,LKA,22253116,16.070,16.070,448.660,43.871,56.129
Sri Lanka,2019,LKA,22410552,16.670,16.670,518.300,33.773,66.227
Sri Lanka,2020,LKA,22561808,16.500,16.500,512.730,35.576,64.424
Sri Lanka,2021,LKA,22700377,17.510,17.510,418.050,49.400,50.600
Sri Lanka,2022,LKA,22834965,16.750,16.750,410.150,50.328,49.672
Sri Lanka,2023,LKA,22971615,16.390,16.390,417.330,48.566,51.434
Sri Lanka,2024,LKA,23103561,17.070,17.070,378.440,55.243,44.757
Sri Lanka,2025,LKA,23229474,17.250,17.250,329.280,61.623,38.377
Sudan,2000,SDN,27816748,2.540,2.540,350.390,50.000,50.000
Sudan,2001,SDN,28516774,2.680,2.680,343.280,50.746,49.254
Sudan,2002,SDN,29228728,3.000,3.000,373.330,46.333,53.667
Sudan,2003,SDN,29896038,3.470,3.470,432.280,36.888,63.112
Sudan,2004,SDN,30556641,3.600,3.600,447.220,34.444,65.556
Sudan,2005,SDN,31262447,3.960,3.960,441.920,35.101,64.899
Sudan,2006,SDN,31992438,4.650,4.650,458.070,32.258,67.742
Sudan,2007,SDN,32764139,5.160,5.160,467.050,30.814,69.186
Sudan,2008,SDN,33623980,5.640,5.640,482.270,28.369,71.631
Sudan,2009,SDN,34569114,6.610,6.610,341.910,50.681,49.319
Sudan,2010,SDN,35414403,7.580,7.580,137.200,82.850,17.150
Sudan,2011,SDN,36140808,8.510,8.510,175.090,76.616,23.384
Sudan,2012,SDN,36923175,9.570,9.500,215.790,70.316,29.684
Sudan,2013,SDN,37785852,10.670,10.350,147.830,80.966,19.034
Sudan,2014,SDN,38823324,11.850,11.410,163.020,78.440,21.560
Sudan,2015,SDN,40024433,13.220,13.090,249.810,64.629,35.371
Sudan,2016,SDN,41259892,15.010,14.570,303.360,56.211,43.789
Sudan,2017,SDN,42714311,16.590,15.700,275.800,60.510,39.490
Sudan,2018,SDN,44230597,17.200,16.400,280.490,59.756,40.244
Sudan,2019,SDN,45548179,16.430,16.220,254.620,63.748,36.252
Sudan,2020,SDN,46789237,17.930,17.200,247.670,64.826,35.174
Sudan,2021,SDN,48066930,18.630,17.700,261.580,62.655,37.345
Sudan,2022,SDN,49383344,17.660,16.780,204.410,71.752,28.248
Sudan,2023,SDN,50042800,15.160,14.510,146.110,80.979,19.021
Sudan,2024,SDN,50448960,15.570,14.770,153.690,79.689,20.311
Suriname,2000,SUR,476647,0.960,0.960,187.500,73.958,26.042
Suriname,2001,SUR,486566,1.040,1.040,221.150,70.192,29.808
Suriname,2002,SUR,496566,1.230,1.230,284.550,60.163,39.837
Suriname,2003,SUR,506421,1.300,1.300,300.000,57.692,42.308
Suriname,2004,SUR,513928,1.430,1.430,321.680,53.147,46.853
Suriname,2005,SUR,519321,1.690,1.690,355.030,48.521,51.479
Suriname,2006,SUR,525003,1.570,1.570,312.100,54.777,45.223
Suriname,2007,SUR,531026,1.500,1.500,293.330,57.333,42.667
Suriname,2008,SUR,537252,1.510,1.510,291.390,56.954,43.046
Suriname,2009,SUR,543580,1.530,1.530,300.650,56.209,43.791
Suriname,2010,SUR,549931,1.960,1.960,270.410,61.224,38.776
Suriname,2011,SUR,556279,1.530,1.530,228.760,67.320,32.680
Suriname,2012,SUR,562640,1.670,1.670,347.310,49.102,50.898
Suriname,2013,SUR,569024,1.760,1.760,357.960,47.159,52.841
Suriname,2014,SUR,575380,1.820,1.820,467.030,30.220,69.780
Suriname,2015,SUR,581634,1.860,1.860,489.250,26.344,73.656
Suriname,2016,SUR,587765,1.820,1.820,379.120,43.956,56.044
Suriname,2017,SUR,593720,1.810,1.810,331.490,51.934,48.066
Suriname,2018,SUR,599519,1.900,1.900,315.790,53.158,46.842
Suriname,2019,SUR,605779,2.040,2.040,352.940,47.549,52.451
Suriname,2020,SUR,612320,2.050,2.050,346.340,48.293,51.707
Suriname,2021,SUR,617905,2.090,2.090,349.280,48.325,51.675
Suriname,2022,SUR,623172,2.110,2.110,374.410,44.550,55.450
Suriname,2023,SUR,628892,1.730,1.730,317.920,53.179,46.821
Suriname,2024,SUR,634438,1.740,1.740,321.840,52.874,47.126
Sweden,2000,SWE,8872099,149.910,145.230,44.890,57.247,3.284
Sweden,2001,SWE,8896018,154.310,161.600,46.780,51.559,3.818
Sweden,2002,SWE,8925045,152.060,146.700,56.240,48.500,5.072
Sweden,2003,SWE,8958434,148.220,135.390,68.540,43.378,6.825
Sweden,2004,SWE,8993805,149.460,151.560,48.030,44.985,3.886
Sweden,2005,SWE,9029771,150.970,158.360,43.130,51.288,3.006
Sweden,2006,SWE,9080628,149.320,143.280,49.690,49.595,3.657
Sweden,2007,SWE,9148280,150.140,148.820,46.030,52.029,2.970
Sweden,2008,SWE,9219903,147.940,149.900,47.830,54.310,3.069
Sweden,2009,SWE,9298738,141.290,136.600,51.100,58.426,3.382
Sweden,2010,SWE,9378234,150.530,148.450,63.730,55.298,5.746
Sweden,2011,SWE,9449263,143.050,150.280,52.300,55.956,3.806
Sweden,2012,SWE,9519477,146.870,166.440,44.700,59.066,2.457
Sweden,2013,SWE,9600620,143.030,153.030,44.700,54.035,2.535
Sweden,2014,SWE,9696438,137.940,153.560,40.180,55.841,1.908
Sweden,2015,SWE,9799483,139.400,162.000,40.860,63.272,1.944
Sweden,2016,SWE,9923281,144.160,155.890,42.980,57.175,2.348
Sweden,2017,SWE,10057864,145.240,164.230,42.500,57.882,2.113
Sweden,2018,SWE,10175400,146.140,163.360,42.730,55.797,2.240
Sweden,2019,SWE,10279120,142.260,168.420,42.340,58.746,1.989
Sweden,2020,SWE,10353682,138.780,163.780,38.710,68.470,1.490
Sweden,2021,SWE,10416134,146.210,171.780,41.740,67.383,1.781
Sweden,2022,SWE,10487335,139.830,173.050,41.030,68.321,1.664
Sweden,2023,SWE,10551493,137.560,166.050,38.420,69.407,1.403
Sweden,2024,SWE,10606993,138.710,172.150,34.910,69.358,1.208
Sweden,2025,SWE,10656636,137.110,170.710,35.260,71.191,1.218
Switzerland,2000,CHE,7184003,59.050,66.120,33.580,56.987,3.010
Switzerland,2001,CHE,7226391,60.610,71.050,33.360,59.395,2.871
Switzerland,2002,CHE,7278744,60.900,65.410,34.250,55.190,3.180
Switzerland,2003,CHE,7333451,62.230,65.340,34.440,54.668,3.260
Switzerland,2004,CHE,7384196,63.170,63.870,35.230,54.423,3.366
Switzerland,2005,CHE,7431824,64.150,57.800,38.060,55.865,3.754
Switzerland,2006,CHE,7478514,64.830,62.130,36.210,51.714,3.509
Switzerland,2007,CHE,7545386,64.370,66.430,34.470,54.915,3.056
Switzerland,2008,CHE,7641730,65.910,67.040,34.160,55.683,2.998
Switzerland,2009,CHE,7737644,64.510,66.670,34.050,55.542,2.925
Switzerland,2010,CHE,7825750,66.570,66.050,35.880,56.730,3.391
Switzerland,2011,CHE,7914379,65.470,62.880,36.260,54.103,3.419
Switzerland,2012,CHE,7998927,65.930,68.130,36.250,59.489,3.170
Switzerland,2013,CHE,8091199,66.290,68.690,35.520,59.208,2.955
Switzerland,2014,CHE,8190238,64.590,70.080,34.390,58.034,2.640
Switzerland,2015,CHE,8283940,65.040,66.070,35.570,62.237,2.815
Switzerland,2016,CHE,8374903,65.020,61.100,39.440,61.882,3.502
Switzerland,2017,CHE,8453630,65.700,60.150,39.730,62.776,3.342
Switzerland,2018,CHE,8516341,64.700,66.290,36.050,58.651,2.866
Switzerland,2019,CHE,8577525,64.310,70.570,35.280,59.870,2.692
Switzerland,2020,CHE,8640582,62.940,68.500,36.640,62.204,2.730
Switzerland,2021,CHE,8707019,65.500,63.090,38.520,66.587,2.726
Switzerland,2022,CHE,8792180,64.860,61.720,37.270,58.312,2.560
Switzerland,2023,CHE,8870564,63.680,70.070,34.820,63.165,2.041
Switzerland,2024,CHE,8921979,63.970,78.370,34.580,67.449,1.901
Switzerland,2025,CHE,8967413,65.120,65.020,39.220,67.825,2.307
Syria,2000,SYR,16637884,25.250,25.250,626.540,12.911,87.089
Syria,2001,SYR,17051337,26.740,26.740,632.390,12.865,87.135
Syria,2002,SYR,17468335,28.070,28.070,663.700,8.835,91.165
Syria,2003,SYR,17889297,30.150,30.400,667.760,9.178,90.822
Syria,2004,SYR,18336879,31.620,32.170,630.710,13.087,86.913
Syria,2005,SYR,18814092,35.410,36.080,634.150,12.057,87.943
Syria,2006,SYR,19637016,36.700,37.480,642.480,10.592,89.408
Syria,2007,SYR,20884136,39.080,38.670,642.620,9.077,90.923
Syria,2008,SYR,21636566,41.020,41.060,655.380,7.063,92.937
Syria,2009,SYR,21976971,43.270,43.340,691.740,4.384,95.616
Syria,2010,SYR,22482417,46.090,46.440,696.380,5.642,94.358
Syria,2011,SYR,22878104,41.550,41.840,684.510,7.242,92.758
Syria,2012,SYR,22759763,32.270,32.270,676.170,9.266,90.734
Syria,2013,SYR,21666921,24.640,25.170,662.690,12.038,87.962
Syria,2014,SYR,20273661,21.110,21.250,676.240,11.153,88.847
Syria,2015,SYR,19424615,17.750,18.010,734.590,2.443,97.557
Syria,2016,SYR,19193835,18.100,18.170,703.910,5.283,94.717
Syria,2017,SYR,19224671,17.900,18.440,708.790,4.230,95.770
Syria,2018,SYR,19577849,21.780,22.320,699.370,3.495,96.505
Syria,2019,SYR,20353536,21.970,22.320,697.130,3.495,96.505
Syria,2020,SYR,21049431,20.710,21.030,690.920,3.804,96.196
Syria,2021,SYR,21628837,21.360,21.710,692.310,3.869,96.131
Syria,2022,SYR,22462170,19.720,20.080,682.270,4.382,95.618
Syria,2023,SYR,23594623,24.380,25.020,705.440,3.517,96.483
Syria,2024,SYR,24672758,24.280,24.880,706.190,3.537,96.463
Taiwan,2000,TWN,22332873,184.840,184.840,635.200,3.035,76.136
Taiwan,2001,TWN,22446254,188.530,188.530,654.170,3.405,77.770
Taiwan,2002,TWN,22566898,198.840,198.840,654.190,2.213,77.897
Taiwan,2003,TWN,22664130,209.060,209.060,665.790,2.306,79.092
Taiwan,2004,TWN,22745432,218.410,218.410,663.800,2.330,79.589
Taiwan,2005,TWN,22824932,227.500,227.500,665.140,2.642,79.789
Taiwan,2006,TWN,22914644,235.540,235.540,669.440,2.641,80.432
Taiwan,2007,TWN,23006921,243.110,243.110,669.660,2.772,80.552
Taiwan,2008,TWN,23086238,238.310,238.310,660.110,2.820,80.047
Taiwan,2009,TWN,23164353,230.050,230.050,657.730,2.739,79.191
Taiwan,2010,TWN,23224049,247.050,247.050,653.190,2.862,80.287
Taiwan,2011,TWN,23273078,252.150,252.150,652.310,2.927,80.369
Taiwan,2012,TWN,23345963,250.370,250.370,649.320,3.623,80.233
Taiwan,2013,TWN,23416870,252.330,252.330,644.080,3.658,79.840
Taiwan,2014,TWN,23472811,259.970,259.970,645.500,3.181,80.513
Taiwan,2015,TWN,23529260,258.140,258.140,650.270,3.405,82.467
Taiwan,2016,TWN,23586140,264.120,264.120,659.170,4.180,83.833
Taiwan,2017,TWN,23632950,270.260,270.260,684.710,3.959,87.734
Taiwan,2018,TWN,23659308,275.530,275.530,672.200,3.941,86.012
Taiwan,2019,TWN,23674137,274.180,274.180,649.060,4.902,83.310
Taiwan,2020,TWN,23663461,279.990,279.990,648.060,4.786,83.985
Taiwan,2021,TWN,23558330,291.030,291.030,652.100,5.402,85.050
Taiwan,2022,TWN,23420107,288.190,288.190,639.230,7.665,84.094
Taiwan,2023,TWN,23317145,282.280,282.280,644.180,8.899,84.795
Taiwan,2024,TWN,23213964,288.560,288.560,635.190,10.920,84.859
Taiwan,2025,TWN,23112797,288.390,288.390,633.210,12.240,86.633
Tajikistan,2000,TJK,6284737,15.570,14.240,32.300,98.455,1.545
Tajikistan,2001,TJK,6407376,15.740,14.390,30.580,98.749,1.251
Tajikistan,2002,TJK,6531674,16.090,15.300,28.760,99.085,0.915
Tajikistan,2003,TJK,6658575,16.520,16.510,29.680,98.970,1.030
Tajikistan,2004,TJK,6790555,16.850,16.490,29.110,99.090,0.910
Tajikistan,2005,TJK,6924722,17.340,17.090,27.500,99.298,0.702
Tajikistan,2006,TJK,7057566,17.540,16.930,31.310,98.641,1.359
Tajikistan,2007,TJK,7194479,17.590,17.490,36.020,97.827,2.173
Tajikistan,2008,TJK,7338402,17.030,16.150,35.910,97.833,2.167
Tajikistan,2009,TJK,7490232,16.180,16.120,31.640,98.635,1.365
Tajikistan,2010,TJK,7652144,16.590,16.440,24.940,99.757,0.243
Tajikistan,2011,TJK,7824788,16.210,16.240,24.630,99.754,0.246
Tajikistan,2012,TJK,8014087,16.310,16.970,25.930,99.588,0.412
Tajikistan,2013,TJK,8216733,16.170,17.110,26.300,99.766,0.234
Tajikistan,2014,TJK,8425559,14.870,16.160,32.800,99.010,0.990
Tajikistan,2015,TJK,8643839,15.820,17.160,32.050,99.068,0.932
Tajikistan,2016,TJK,8865623,15.910,17.240,56.850,96.462,3.538
Tajikistan,2017,TJK,9085942,16.800,18.110,74.540,94.589,5.411
Tajikistan,2018,TJK,9307345,17.350,19.740,87.640,93.161,6.839
Tajikistan,2019,TJK,9529970,18.070,20.960,98.280,91.460,8.540
Tajikistan,2020,TJK,9749312,18.610,20.100,109.950,90.100,9.900
Tajikistan,2021,TJK,9966912,18.300,20.720,110.520,90.058,9.942
Tajikistan,2022,TJK,10182228,18.940,21.490,86.550,92.694,7.306
Tajikistan,2023,TJK,10389807,18.710,21.230,74.420,94.206,5.794
Tajikistan,2024,TJK,10590930,19.600,22.200,71.170,94.595,5.405
Tajikistan,2025,TJK,10786738,19.470,24.670,72.560,94.366,5.634
Tanzania,2000,TZA,34260142,2.550,2.500,120.000,86.400,13.600
Tanzania,2001,TZA,35198303,2.880,2.830,67.140,94.700,5.300
Tanzania,2002,TZA,36121301,2.940,2.890,62.280,95.502,4.498
Tanzania,2003,TZA,37089555,2.760,2.710,59.040,95.941,4.059
Tanzania,2004,TZA,38109666,2.660,2.610,141.760,78.927,21.073
Tanzania,2005,TZA,39182083,3.710,3.660,292.350,50.000,50.000
Tanzania,2006,TZA,40294900,3.570,3.510,324.790,42.735,57.265
Tanzania,2007,TZA,41435508,4.300,4.240,233.490,60.849,39.151
Tanzania,2008,TZA,42570728,4.500,4.450,222.470,60.899,39.101
Tanzania,2009,TZA,43633975,4.860,4.800,231.250,56.250,43.750
Tanzania,2010,TZA,44758491,5.390,5.330,255.160,52.158,47.842
Tanzania,2011,TZA,46029371,5.220,5.170,321.080,40.039,59.961
Tanzania,2012,TZA,47374261,5.730,5.670,363.320,32.451,67.549
Tanzania,2013,TZA,48824134,6.050,5.990,387.310,30.050,69.950
Tanzania,2014,TZA,50351506,6.320,6.260,316.290,42.652,57.348
Tanzania,2015,TZA,52020958,6.600,6.530,370.600,33.538,66.462
Tanzania,2016,TZA,53824012,6.920,6.820,328.450,36.217,63.783
Tanzania,2017,TZA,55652888,7.180,7.070,336.630,34.795,65.205
Tanzania,2018,TZA,57437134,7.430,7.310,344.730,31.737,68.263
Tanzania,2019,TZA,59174889,7.880,7.770,337.190,33.205,66.795
Tanzania,2020,TZA,60972803,7.940,7.830,298.850,41.379,58.621
Tanzania,2021,TZA,62830410,8.790,8.650,320.230,36.879,63.121
Tanzania,2022,TZA,64711822,9.770,9.620,349.270,30.353,69.647
Tanzania,2023,TZA,66617607,10.760,10.570,372.750,26.490,73.510
Tanzania,2024,TZA,68560162,9.030,8.840,345.020,32.919,67.081
Thailand,2000,THA,63007815,98.340,95.520,606.990,6.721,93.279
Thailand,2001,THA,63651137,103.700,100.990,603.920,6.723,93.277
Thailand,2002,THA,64266433,111.060,108.440,591.760,7.488,92.512
Thailand,2003,THA,64868164,118.210,115.940,590.050,7.280,92.720
Thailand,2004,THA,65452049,127.250,124.130,598.000,6.235,93.765
Thailand,2005,THA,66017415,134.300,130.430,599.560,5.773,94.227
Thailand,2006,THA,66567685,141.350,136.780,597.240,7.296,92.704
Thailand,2007,THA,67102388,146.270,142.530,605.560,7.311,92.689
Thailand,2008,THA,67619835,147.260,145.440,607.740,6.278,93.722
Thailand,2009,THA,68121077,147.050,145.900,604.730,6.347,93.653
Thailand,2010,THA,68579443,163.510,157.570,605.260,5.566,94.434
Thailand,2011,THA,69007212,162.740,153.300,599.800,7.828,92.172
Thailand,2012,THA,69436091,177.580,168.960,596.890,8.079,91.921
Thailand,2013,THA,69845112,179.930,168.640,601.820,7.501,92.499
Thailand,2014,THA,70216362,183.950,173.760,601.290,8.178,91.822
Thailand,2015,THA,70540787,189.980,177.830,597.140,7.766,92.234
Thailand,2016,THA,70859835,198.210,179.820,595.480,8.937,91.063
Thailand,2017,THA,71160183,200.050,176.730,583.320,11.107,88.893
Thailand,2018,THA,71376081,203.340,177.760,567.790,14.356,85.644
Thailand,2019,THA,71522264,209.170,186.510,562.280,14.862,85.138
Thailand,2020,THA,71641484,203.410,176.480,570.490,14.211,85.789
Thailand,2021,THA,71727338,207.750,176.360,566.060,15.009,84.991
Thailand,2022,THA,71735321,213.780,180.370,560.290,15.790,84.210
Thailand,2023,THA,71702436,221.030,190.480,549.240,15.624,84.376
Thailand,2024,THA,71668010,231.930,199.520,554.730,14.841,85.159
Thailand,2025,THA,71619866,225.100,188.240,545.740,16.575,83.425
Togo,2000,TGO,4783721,0.560,0.180,277.780,55.556,44.444
Togo,2001,TGO,4904135,0.550,0.130,384.620,38.462,61.538
Togo,2002,TGO,5027128,0.590,0.160,312.500,56.250,43.750
Togo,2003,TGO,5154113,0.640,0.180,222.220,66.667,33.333
Togo,2004,TGO,5281320,0.680,0.190,368.420,42.105,57.895
Togo,2005,TGO,5413151,0.700,0.190,421.050,36.842,63.158
Togo,2006,TGO,5569659,0.720,0.220,409.090,40.909,59.091
Togo,2007,TGO,5748437,0.700,0.190,315.790,52.632,47.368
Togo,2008,TGO,5936140,0.800,0.130,230.770,69.231,30.769
Togo,2009,TGO,6130944,0.880,0.150,200.000,73.333,26.667
Togo,2010,TGO,6325791,0.930,0.220,409.090,40.909,59.091
Togo,2011,TGO,6500577,1.060,0.210,333.330,47.619,52.381
Togo,2012,TGO,6653719,1.280,0.320,468.750,28.125,71.875
Togo,2013,TGO,6798851,0.980,0.320,562.500,12.500,87.500
Togo,2014,TGO,6937647,1.820,0.350,428.570,34.286,65.714
Togo,2015,TGO,7071500,1.010,0.440,522.730,13.636,86.364
Togo,2016,TGO,7200883,1.690,0.940,521.280,21.277,78.723
Togo,2017,TGO,7324379,1.550,0.810,481.480,25.926,74.074
Togo,2018,TGO,7458205,1.480,0.600,400.000,35.000,65.000
Togo,2019,TGO,7619916,1.450,0.610,459.020,21.311,78.689
Togo,2020,TGO,7788058,1.420,0.610,508.200,14.754,85.246
Togo,2021,TGO,7936185,1.510,0.710,464.790,22.535,77.465
Togo,2022,TGO,8068616,2.030,0.900,477.780,20.000,80.000
Togo,2023,TGO,8223853,2.250,0.710,436.620,26.761,73.239
Togo,2024,TGO,8406554,2.210,0.710,422.540,29.577,70.423
Tonga,2000,TON,102695,0.040,0.040,750.000,0.000,100.000
Tonga,2001,TON,103305,0.040,0.040,750.000,0.000,100.000
Tonga,2002,TON,103888,0.040,0.040,750.000,0.000,100.000
Tonga,2003,TON,104481,0.040,0.040,750.000,0.000,100.000
Tonga,2004,TON,105088,0.050,0.050,600.000,0.000,100.000
Tonga,2005,TON,105684,0.050,0.050,600.000,0.000,100.000
Tonga,2006,TON,106266,0.050,0.050,600.000,0.000,100.000
Tonga,2007,TON,106744,0.050,0.050,600.000,0.000,100.000
Tonga,2008,TON,107036,0.050,0.050,600.000,0.000,100.000
Tonga,2009,TON,107219,0.050,0.050,600.000,0.000,100.000
Tonga,2010,TON,107415,0.050,0.050,600.000,0.000,100.000
Tonga,2011,TON,107584,0.050,0.050,600.000,0.000,100.000
Tonga,2012,TON,107476,0.050,0.050,600.000,0.000,100.000
Tonga,2013,TON,107093,0.050,0.050,600.000,0.000,100.000
Tonga,2014,TON,106627,0.050,0.050,600.000,0.000,100.000
Tonga,2015,TON,106110,0.050,0.050,600.000,0.000,100.000
Tonga,2016,TON,105536,0.060,0.060,666.670,0.000,100.000
Tonga,2017,TON,105373,0.070,0.070,571.430,14.286,85.714
Tonga,2018,TON,105590,0.070,0.070,571.430,14.286,85.714
Tonga,2019,TON,105688,0.070,0.070,571.430,14.286,85.714
Tonga,2020,TON,105721,0.070,0.070,571.430,14.286,85.714
Tonga,2021,TON,105504,0.070,0.070,571.430,14.286,85.714
Tonga,2022,TON,105053,0.080,0.080,625.000,12.500,87.500
Tonga,2023,TON,104613,0.070,0.070,571.430,14.286,85.714
Tonga,2024,TON,104192,0.070,0.070,571.430,14.286,85.714
Trinidad and Tobago,2000,TTO,1319781,5.460,5.460,679.490,0.366,99.634
Trinidad and Tobago,2001,TTO,1325573,5.640,5.640,680.850,0.532,99.468
Trinidad and Tobago,2002,TTO,1332017,5.640,5.640,680.850,0.532,99.468
Trinidad and Tobago,2003,TTO,1338718,6.440,6.440,681.680,0.155,99.845
Trinidad and Tobago,2004,TTO,1345386,6.430,6.430,681.180,0.311,99.689
Trinidad and Tobago,2005,TTO,1352040,7.050,7.050,680.850,0.284,99.716
Trinidad and Tobago,2006,TTO,1358706,7.170,7.170,680.610,0.418,99.582
Trinidad and Tobago,2007,TTO,1365381,7.680,7.680,679.690,0.260,99.740
Trinidad and Tobago,2008,TTO,1372090,7.730,7.730,679.170,0.259,99.741
Trinidad and Tobago,2009,TTO,1379056,7.840,7.840,679.850,0.255,99.745
Trinidad and Tobago,2010,TTO,1386657,8.480,8.480,681.600,0.000,100.000
Trinidad and Tobago,2011,TTO,1394990,8.760,8.760,681.510,0.000,100.000
Trinidad and Tobago,2012,TTO,1403814,9.120,9.120,682.020,0.000,100.000
Trinidad and Tobago,2013,TTO,1412658,9.500,9.500,682.110,0.000,100.000
Trinidad and Tobago,2014,TTO,1421135,9.410,9.410,681.190,0.000,100.000
Trinidad and Tobago,2015,TTO,1429190,9.570,9.570,681.300,0.104,99.896
Trinidad and Tobago,2016,TTO,1437031,9.420,9.420,681.530,0.106,99.894
Trinidad and Tobago,2017,TTO,1445265,9.320,9.320,681.330,0.107,99.893
Trinidad and Tobago,2018,TTO,1470522,9.230,9.230,681.470,0.108,99.892
Trinidad and Tobago,2019,TTO,1484898,9.200,9.200,681.520,0.109,99.891
Trinidad and Tobago,2020,TTO,1481026,9.230,9.230,681.470,0.108,99.892
Trinidad and Tobago,2021,TTO,1487715,9.270,9.270,681.770,0.108,99.892
Trinidad and Tobago,2022,TTO,1495923,9.500,9.500,682.110,0.105,99.895
Trinidad and Tobago,2023,TTO,1502938,9.520,9.520,681.720,0.105,99.895
Trinidad and Tobago,2024,TTO,1507778,9.550,9.550,681.680,0.105,99.895
Tunisia,2000,TUN,9764940,10.590,10.590,586.400,0.755,99.245
Tunisia,2001,TUN,9869679,11.390,11.380,586.120,0.615,99.385
Tunisia,2002,TUN,9971521,11.780,11.840,584.460,0.760,99.240
Tunisia,2003,TUN,10071638,11.260,11.280,572.700,1.684,98.316
Tunisia,2004,TUN,10166170,11.900,11.930,573.350,1.593,98.407
Tunisia,2005,TUN,10255474,12.660,12.660,574.250,1.422,98.578
Tunisia,2006,TUN,10346408,13.080,13.070,581.480,0.995,99.005
Tunisia,2007,TUN,10441705,13.730,13.740,585.880,0.655,99.345
Tunisia,2008,TUN,10542637,14.360,14.370,582.460,0.487,99.513
Tunisia,2009,TUN,10650682,15.300,15.260,577.330,1.180,98.820
Tunisia,2010,TUN,10765984,15.910,15.890,574.580,1.196,98.804
Tunisia,2011,TUN,10886041,16.270,16.300,576.070,0.982,99.018
Tunisia,2012,TUN,11009649,17.800,17.840,571.190,1.738,98.262
Tunisia,2013,TUN,11141365,18.080,18.140,568.360,2.370,97.630
Tunisia,2014,TUN,11274295,18.880,18.970,564.580,3.110,96.890
Tunisia,2015,TUN,11402270,19.380,19.480,567.760,2.977,97.023
Tunisia,2016,TUN,11528676,19.510,19.630,563.420,3.209,96.791
Tunisia,2017,TUN,11650504,20.550,20.580,566.080,2.915,97.085
Tunisia,2018,TUN,11765515,20.820,20.920,567.400,2.629,97.371
Tunisia,2019,TUN,11875084,21.860,22.020,564.940,3.134,96.866
Tunisia,2020,TUN,11974058,20.780,21.380,564.550,3.134,96.866
Tunisia,2021,TUN,12048625,22.930,21.900,564.380,3.105,96.895
Tunisia,2022,TUN,12119338,23.980,21.410,565.620,3.036,96.964
Tunisia,2023,TUN,12200434,23.780,21.280,560.150,3.947,96.053
Tunisia,2024,TUN,12277103,23.960,21.370,558.260,4.399,95.601
Tunisia,2025,TUN,12348576,24.900,22.310,560.290,4.034,95.966
Turkey,2000,TUR,65425957,127.730,124.380,574.130,25.052,74.948
Turkey,2001,TUR,66245125,126.390,122.240,605.290,19.912,80.088
Turkey,2002,TUR,67048792,131.610,128.460,536.430,26.436,73.564
Turkey,2003,TUR,67831735,140.110,139.540,524.800,25.484,74.516
Turkey,2004,TUR,68592621,149.070,149.750,494.220,30.925,69.075
Turkey,2005,TUR,69329557,160.470,161.630,543.590,24.587,75.413
Turkey,2006,TUR,70045351,174.590,176.250,537.480,25.260,74.740
Turkey,2007,TUR,70750593,189.960,191.520,577.800,19.037,80.963
Turkey,2008,TUR,71562343,198.040,198.370,593.540,17.351,82.649
Turkey,2009,TUR,72464846,194.080,194.810,577.020,19.583,80.417
Turkey,2010,TUR,73346766,210.410,211.180,525.050,26.385,73.615
Turkey,2011,TUR,74215203,230.300,229.390,541.000,25.324,74.676
Turkey,2012,TUR,75197196,242.360,239.490,527.790,27.229,72.771
Turkey,2013,TUR,76403032,246.350,240.150,509.970,28.824,71.176
Turkey,2014,TUR,78036154,257.210,251.950,567.260,20.885,79.115
Turkey,2015,TUR,80014222,265.710,261.770,504.640,31.956,68.044
Turkey,2016,TUR,81652087,279.280,274.400,522.780,32.886,67.114
Turkey,2017,TUR,83083667,296.710,297.290,534.260,29.345,70.655
Turkey,2018,TUR,84415966,299.520,300.150,541.830,32.257,67.743
Turkey,2019,TUR,85357670,299.600,300.180,488.440,43.797,56.203
Turkey,2020,TUR,86091691,301.410,302.000,482.450,42.162,57.838
Turkey,2021,TUR,86686254,326.030,327.880,500.610,35.400,64.600
Turkey,2022,TUR,87058469,323.290,320.560,487.930,41.911,58.089
Turkey,2023,TUR,87270502,323.810,319.790,493.730,42.009,57.991
Turkey,2024,TUR,87473800,340.240,341.230,469.740,45.614,54.386
Turkey,2025,TUR,87685427,351.930,353.860,474.740,43.257,56.743
Turkmenistan,2000,TKM,4582675,9.050,9.850,1306.600,0.000,100.000
Turkmenistan,2001,TKM,4675416,9.630,10.610,1306.320,0.000,100.000
Turkmenistan,2002,TKM,4769473,9.640,10.700,1306.540,0.000,100.000
Turkmenistan,2003,TKM,4863871,9.730,10.800,1306.480,0.000,100.000
Turkmenistan,2004,TKM,4958091,10.750,11.920,1306.210,0.000,100.000
Turkmenistan,2005,TKM,5052260,11.560,12.820,1306.550,0.000,100.000
Turkmenistan,2006,TKM,5147103,12.310,13.650,1306.230,0.000,100.000
Turkmenistan,2007,TKM,5244047,13.420,14.880,1306.450,0.000,100.000
Turkmenistan,2008,TKM,5345033,13.560,15.040,1306.520,0.000,100.000
Turkmenistan,2009,TKM,5451597,14.410,15.980,1306.630,0.000,100.000
Turkmenistan,2010,TKM,5564356,14.250,16.660,1306.720,0.000,100.000
Turkmenistan,2011,TKM,5683413,14.670,17.220,1306.620,0.000,100.000
Turkmenistan,2012,TKM,5808548,15.030,17.750,1306.480,0.000,100.000
Turkmenistan,2013,TKM,5939348,16.020,18.870,1306.310,0.000,100.000
Turkmenistan,2014,TKM,6075286,17.190,20.400,1306.370,0.000,100.000
Turkmenistan,2015,TKM,6215773,19.330,22.530,1306.700,0.000,100.000
Turkmenistan,2016,TKM,6360041,19.330,22.530,1306.700,0.000,100.000
Turkmenistan,2017,TKM,6507065,20.690,23.890,1306.400,0.000,100.000
Turkmenistan,2018,TKM,6655523,22.160,25.360,1306.390,0.000,100.000
Turkmenistan,2019,TKM,6803943,19.300,22.500,1306.670,0.000,100.000
Turkmenistan,2020,TKM,6949915,22.560,25.760,1306.680,0.000,100.000
Turkmenistan,2021,TKM,7092042,25.200,28.400,1305.990,0.035,99.965
Turkmenistan,2022,TKM,7230197,23.600,32.600,1306.140,0.031,99.969
Turkmenistan,2023,TKM,7364437,23.600,32.600,1306.140,0.031,99.969
Turkmenistan,2024,TKM,7494494,24.010,33.010,1306.270,0.030,99.970
Turks and Caicos Islands,2000,TCA,18754,0.080,0.080,625.000,0.000,100.000
Turks and Caicos Islands,2001,TCA,19603,0.080,0.080,625.000,0.000,100.000
Turks and Caicos Islands,2002,TCA,20619,0.100,0.100,700.000,0.000,100.000
Turks and Caicos Islands,2003,TCA,21749,0.110,0.110,636.360,0.000,100.000
Turks and Caicos Islands,2004,TCA,22881,0.120,0.120,666.670,0.000,100.000
Turks and Caicos Islands,2005,TCA,24011,0.130,0.130,692.310,0.000,100.000
Turks and Caicos Islands,2006,TCA,25146,0.160,0.160,687.500,0.000,100.000
Turks and Caicos Islands,2007,TCA,26290,0.180,0.180,666.670,0.000,100.000
Turks and Caicos Islands,2008,TCA,27452,0.190,0.190,684.210,0.000,100.000
Turks and Caicos Islands,2009,TCA,28610,0.200,0.200,650.000,0.000,100.000
Turks and Caicos Islands,2010,TCA,29763,0.210,0.210,666.670,0.000,100.000
Turks and Caicos Islands,2011,TCA,30870,0.210,0.210,666.670,0.000,100.000
Turks and Caicos Islands,2012,TCA,32152,0.210,0.210,666.670,0.000,100.000
Turks and Caicos Islands,2013,TCA,33675,0.210,0.210,666.670,0.000,100.000
Turks and Caicos Islands,2014,TCA,35077,0.230,0.230,652.170,0.000,100.000
Turks and Caicos Islands,2015,TCA,36632,0.230,0.230,652.170,0.000,100.000
Turks and Caicos Islands,2016,TCA,38342,0.250,0.250,640.000,0.000,100.000
Turks and Caicos Islands,2017,TCA,39931,0.290,0.290,655.170,0.000,100.000
Turks and Caicos Islands,2018,TCA,41580,0.260,0.260,653.850,0.000,100.000
Turks and Caicos Islands,2019,TCA,43191,0.260,0.260,653.850,0.000,100.000
Turks and Caicos Islands,2020,TCA,44405,0.250,0.250,640.000,0.000,100.000
Turks and Caicos Islands,2021,TCA,45262,0.260,0.260,653.850,0.000,100.000
Turks and Caicos Islands,2022,TCA,45869,0.260,0.260,653.850,0.000,100.000
Turks and Caicos Islands,2023,TCA,46221,0.260,0.260,653.850,0.000,100.000
Turks and Caicos Islands,2024,TCA,46563,0.270,0.270,629.630,3.704,96.296
Tuvalu,2000,TUV,9566,,,,,
Tuvalu,2001,TUV,9608,,,,,
Tuvalu,2002,TUV,9645,,,,,
Tuvalu,2003,TUV,9715,,,,,
Tuvalu,2004,TUV,9839,,,,,
Tuvalu,2005,TUV,9964,,,,,
Tuvalu,2006,TUV,10078,,,,,
Tuvalu,2007,TUV,10204,,,,,
Tuvalu,2008,TUV,10344,,,,,
Tuvalu,2009,TUV,10479,,,,,
Tuvalu,2010,TUV,10635,,,,,
Tuvalu,2011,TUV,10804,,,,,
Tuvalu,2012,TUV,10960,,,,,
Tuvalu,2013,TUV,11028,,,,,
Tuvalu,2014,TUV,11007,,,,,
Tuvalu,2015,TUV,10985,,,,,
Tuvalu,2016,TUV,10951,,,,,
Tuvalu,2017,TUV,10892,,,,,
Tuvalu,2018,TUV,10775,,,,,
Tuvalu,2019,TUV,10603,,,,,
Tuvalu,2020,TUV,10423,,,,,
Tuvalu,2021,TUV,10214,,,,,
Tuvalu,2022,TUV,10012,,,,,
Tuvalu,2023,TUV,9837,,,,,
U.S. Pacific Islands (EIA),2000,,,,,,,
U.S. Pacific Islands (EIA),2001,,,,,,,
U.S. Pacific Islands (EIA),2002,,,,,,,
U.S. Pacific Islands (EIA),2003,,,,,,,
U.S. Pacific Islands (EIA),2004,,,,,,,
U.S. Pacific Islands (EIA),2005,,,,,,,
U.S. Pacific Islands (EIA),2006,,,,,,,
U.S. Pacific Islands (EIA),2007,,,,,,,
U.S. Pacific Islands (EIA),2008,,,,,,,
U.S. Pacific Islands (EIA),2009,,,,,,,
U.S. Pacific Islands (EIA),2010,,,,,,,
U.S. Pacific Islands (EIA),2011,,,,,,,
U.S. Pacific Islands (EIA),2012,,,,,,,
U.S. Pacific Islands (EIA),2013,,,,,,,
U.S. Pacific Islands (EIA),2014,,,,,,,
U.S. Pacific Islands (EIA),2015,,,,,,,
U.S. Pacific Islands (EIA),2016,,,,,,,
U.S. Pacific Islands (EIA),2017,,,,,,,
U.S. Pacific Islands (EIA),2018,,,,,,,
U.S. Pacific Islands (EIA),2019,,,,,,,
U.S. Pacific Islands (EIA),2020,,,,,,,
U.S. Pacific Islands (EIA),2021,,,,,,,
U.S. Pacific Islands (EIA),2022,,,,,,,
U.S. Pacific Islands (EIA),2023,,,,,,,
U.S. Territories (EIA),2000,,,,,,,
U.S. Territories (EIA),2001,,,,,,,
U.S. Territories (EIA),2002,,,,,,,
U.S. Territories (EIA),2003,,,,,,,
U.S. Territories (EIA),2004,,,,,,,
U.S. Territories (EIA),2005,,,,,,,
U.S. Territories (EIA),2006,,,,,,,
U.S. Territories (EIA),2007,,,,,,,
U.S. Territories (EIA),2008,,,,,,,
U.S. Territories (EIA),2009,,,,,,,
U.S. Territories (EIA),2010,,,,,,,
U.S. Territories (EIA),2011,,,,,,,
U.S. Territories (EIA),2012,,,,,,,
U.S. Territories (EIA),2013,,,,,,,
U.S. Territories (EIA),2014,,,,,,,
U.S. Territories (EIA),2015,,,,,,,
U.S. Territories (EIA),2016,,,,,,,
U.S. Territories (EIA),2017,,,,,,,
U.S. Territories (EIA),2018,,,,,,,
U.S. Territories (EIA),2019,,,,,,,
Uganda,2000,UGA,24000158,1.430,1.590,37.740,99.371,0.629
Uganda,2001,UGA,24745678,1.430,1.590,37.740,99.371,0.629
Uganda,2002,UGA,25532872,1.460,1.720,34.880,99.419,0.581
Uganda,2003,UGA,26352124,1.590,1.800,33.330,99.444,0.556
Uganda,2004,UGA,27154513,1.750,1.940,25.770,100.000,0.000
Uganda,2005,UGA,27963287,1.900,1.960,51.020,96.429,3.571
Uganda,2006,UGA,28794005,1.600,1.600,181.250,76.250,23.750
Uganda,2007,UGA,29653437,1.990,2.000,200.000,73.000,27.000
Uganda,2008,UGA,30539547,2.310,2.330,193.130,74.249,25.751
Uganda,2009,UGA,31451147,2.370,2.420,264.460,63.636,36.364
Uganda,2010,UGA,32390801,2.700,2.740,291.970,59.489,40.511
Uganda,2011,UGA,33354541,2.610,2.660,278.200,61.278,38.722
Uganda,2012,UGA,34337436,2.840,2.900,96.550,90.000,10.000
Uganda,2013,UGA,35337050,3.010,3.070,35.830,100.000,0.000
Uganda,2014,UGA,36395542,3.100,3.230,55.730,97.214,2.786
Uganda,2015,UGA,37531444,3.480,3.550,56.340,97.746,2.254
Uganda,2016,UGA,38799153,3.650,3.770,55.700,98.143,1.857
Uganda,2017,UGA,40177384,3.490,3.780,47.620,98.148,1.852
Uganda,2018,UGA,41565839,4.100,4.300,81.400,92.791,7.209
Uganda,2019,UGA,42999636,4.300,4.580,56.770,96.943,3.057
Uganda,2020,UGA,44457148,4.400,4.600,54.350,97.391,2.609
Uganda,2021,UGA,45910931,4.900,5.270,55.030,97.533,2.467
Uganda,2022,UGA,47312718,5.340,5.750,57.390,97.391,2.609
Uganda,2023,UGA,48656606,5.330,5.770,58.930,97.054,2.946
Uganda,2024,UGA,50015091,5.370,5.810,58.520,97.074,2.926
Ukraine,2000,UKR,49556654,167.990,171.840,402.470,6.564,48.429
Ukraine,2001,UKR,49106854,170.240,173.300,408.830,6.953,49.094
Ukraine,2002,UKR,48677280,170.910,174.030,414.180,5.545,49.641
Ukraine,2003,UKR,48315133,175.640,180.580,410.730,5.133,49.784
Ukraine,2004,UKR,47979502,177.110,182.440,368.120,6.457,45.845
Ukraine,2005,UKR,47585558,178.040,186.390,374.860,6.653,45.727
Ukraine,2006,UKR,47278691,183.170,193.610,404.270,6.678,46.723
Ukraine,2007,UKR,47062802,187.080,196.250,416.050,5.335,47.511
Ukraine,2008,UKR,46819168,185.850,192.580,417.960,6.138,47.212
Ukraine,2009,UKR,46623731,169.340,173.610,409.650,6.981,45.257
Ukraine,2010,UKR,46455997,184.760,188.820,409.860,7.091,45.694
Ukraine,2011,UKR,46307854,188.660,194.950,427.600,5.740,47.966
Ukraine,2012,UKR,46210051,187.410,198.880,441.870,5.647,49.030
Ukraine,2013,UKR,46126760,184.480,194.370,448.990,7.774,49.416
Ukraine,2014,UKR,45972379,174.390,182.820,417.680,5.563,46.089
Ukraine,2015,UKR,45784904,162.330,163.680,380.130,4.338,42.125
Ukraine,2016,UKR,45616831,160.830,164.580,408.490,5.626,45.188
Ukraine,2017,UKR,45436037,150.860,156.040,347.220,6.960,38.195
Ukraine,2018,UKR,45208903,153.790,159.860,349.310,8.151,39.053
Ukraine,2019,UKR,44957451,150.100,154.140,341.510,7.701,38.452
Ukraine,2020,UKR,44680008,145.370,147.790,325.390,11.469,36.971
Ukraine,2021,UKR,44298642,154.400,156.440,279.470,13.852,31.041
Ukraine,2022,UKR,41048768,111.610,111.510,250.470,16.411,27.827
Ukraine,2023,UKR,37732833,,,,,
Ukraine,2024,UKR,37860221,,,,,
United Arab Emirates,2000,ARE,3493583,39.940,39.940,676.770,0.000,100.000
United Arab Emirates,2001,ARE,3723596,43.170,43.170,676.630,0.000,100.000
United Arab Emirates,2002,ARE,3956829,46.850,46.850,676.840,0.000,100.000
United Arab Emirates,2003,ARE,4192465,49.450,49.450,676.640,0.000,100.000
United Arab Emirates,2004,ARE,4428964,52.410,52.410,676.780,0.000,100.000
United Arab Emirates,2005,ARE,4664797,60.700,60.700,676.770,0.000,100.000
United Arab Emirates,2006,ARE,5009106,62.440,62.440,676.810,0.000,100.000
United Arab Emirates,2007,ARE,5624640,78.760,78.760,676.740,0.000,100.000
United Arab Emirates,2008,ARE,6302669,80.460,80.460,676.730,0.000,100.000
United Arab Emirates,2009,ARE,6707063,85.700,85.700,676.660,0.012,99.988
United Arab Emirates,2010,ARE,6938372,93.950,93.950,676.640,0.021,99.979
United Arab Emirates,2011,ARE,7199436,99.110,99.130,676.590,0.020,99.980
United Arab Emirates,2012,ARE,7497122,106.180,106.210,676.580,0.019,99.981
United Arab Emirates,2013,ARE,7831851,109.970,109.990,676.150,0.082,99.918
United Arab Emirates,2014,ARE,8236880,116.510,116.540,675.050,0.266,99.734
United Arab Emirates,2015,ARE,8674633,127.370,127.380,675.220,0.236,99.764
United Arab Emirates,2016,ARE,9030873,130.240,129.610,675.260,0.247,99.753
United Arab Emirates,2017,ARE,9234330,134.470,134.570,673.260,0.557,99.443
United Arab Emirates,2018,ARE,9346870,135.980,136.010,671.200,0.882,99.118
United Arab Emirates,2019,ARE,9377855,138.440,138.450,660.090,2.644,97.356
United Arab Emirates,2020,ARE,9448529,137.280,137.310,645.690,3.772,95.040
United Arab Emirates,2021,ARE,9789055,149.260,149.050,605.300,4.193,88.729
United Arab Emirates,2022,ARE,10242085,155.310,155.420,558.490,4.986,82.081
United Arab Emirates,2023,ARE,10642089,167.430,167.530,483.790,8.757,70.686
United Arab Emirates,2024,ARE,11027135,177.020,177.260,467.510,8.812,68.267
United Kingdom,2000,GBR,59057333,391.230,377.060,521.990,2.628,74.813
United Kingdom,2001,GBR,59288095,395.170,384.770,528.990,2.479,74.107
United Kingdom,2002,GBR,59540764,395.650,387.240,520.890,2.872,74.442
United Kingdom,2003,GBR,59820385,400.370,398.210,536.780,2.685,75.043
United Kingdom,2004,GBR,60169964,401.410,393.920,536.020,3.590,76.102
United Kingdom,2005,GBR,60596107,406.670,398.350,535.260,4.250,75.260
United Kingdom,2006,GBR,61051093,404.790,397.270,559.340,4.556,76.452
United Kingdom,2007,GBR,61535859,402.020,396.810,556.060,4.960,79.156
United Kingdom,2008,GBR,62027303,399.980,388.960,554.380,5.641,80.864
United Kingdom,2009,GBR,62506222,379.620,376.760,504.650,6.699,74.960
United Kingdom,2010,GBR,63006482,384.720,382.060,517.200,6.852,76.883
United Kingdom,2011,GBR,63509285,374.190,367.970,499.630,9.566,71.688
United Kingdom,2012,GBR,63960488,375.730,363.870,537.230,11.334,69.316
United Kingdom,2013,GBR,64389386,372.710,358.280,506.920,14.852,65.440
United Kingdom,2014,GBR,64865914,358.600,338.080,462.880,19.081,62.062
United Kingdom,2015,GBR,65382107,359.980,338.870,397.790,24.599,54.643
United Kingdom,2016,GBR,65893359,356.930,339.180,333.450,24.474,54.378
United Kingdom,2017,GBR,66354473,352.980,338.220,302.200,29.238,49.965
United Kingdom,2018,GBR,66752473,352.870,333.760,285.650,33.000,47.507
United Kingdom,2019,GBR,67110958,348.360,327.190,268.410,36.596,46.233
United Kingdom,2020,GBR,67351860,328.550,310.300,242.540,43.065,40.744
United Kingdom,2021,GBR,67668788,332.640,307.900,267.100,39.782,45.245
United Kingdom,2022,GBR,68179315,320.280,324.580,254.980,41.611,43.786
United Kingdom,2023,GBR,68682965,315.830,292.530,235.630,46.378,39.743
United Kingdom,2024,GBR,69138185,317.350,284.160,216.500,50.648,35.068
United Kingdom,2025,GBR,69551334,321.380,292.310,217.410,51.972,35.582
United States,2000,USA,281484126,3835.860,3802.100,607.520,9.230,70.942
United States,2001,USA,284279634,3749.600,3727.570,609.890,7.513,71.861
United States,2002,USA,287084335,3865.210,3844.230,600.660,8.749,70.959
United States,2003,USA,289908091,3875.360,3868.940,606.340,9.025,71.235
United States,2004,USA,292786248,3963.260,3951.950,602.440,8.733,71.314
United States,2005,USA,295716666,4059.770,4034.990,604.390,8.749,71.870
United States,2006,USA,298730208,4065.360,4046.940,595.460,9.418,71.129
United States,2007,USA,301844223,4173.820,4142.570,598.470,8.398,72.135
United States,2008,USA,304970325,4140.350,4107.530,591.330,9.181,71.191
United States,2009,USA,308023452,3973.870,3939.820,565.020,10.548,69.176
United States,2010,USA,311062785,4139.920,4113.940,570.810,10.318,70.066
United States,2011,USA,314105075,4126.120,4088.870,550.480,12.467,68.208
United States,2012,USA,317115349,4087.930,4040.670,532.770,12.184,68.776
United States,2013,USA,320110752,4113.490,4055.610,533.430,12.831,67.714
United States,2014,USA,323115377,4149.220,4096.010,529.410,13.350,67.188
United States,2015,USA,326126496,4150.660,4083.990,504.900,13.626,66.854
United States,2016,USA,329179423,4154.060,4087.560,483.350,15.288,65.001
United States,2017,USA,332204657,4108.620,4052.310,469.020,17.452,62.684
United States,2018,USA,335056492,4246.010,4201.550,462.610,17.450,63.341
United States,2019,USA,337790069,4197.420,4158.380,439.450,18.295,62.241
United States,2020,USA,339436156,4090.490,4043.180,411.730,20.316,60.148
United States,2021,USA,340161438,4192.930,4153.620,423.780,20.743,60.487
United States,2022,USA,341534041,4328.100,4286.890,410.390,22.350,59.652
United States,2023,USA,343477330,4272.810,4253.910,392.890,22.679,59.106
United States,2024,USA,345426566,4404.830,4391.020,383.780,24.063,58.131
United States,2025,USA,347275809,4535.810,4519.790,384.400,25.638,56.998
United States Pacific Islands (Shift),2000,,,,,,,
United States Pacific Islands (Shift),2001,,,,,,,
United States Pacific Islands (Shift),2002,,,,,,,
United States Pacific Islands (Shift),2003,,,,,,,
United States Pacific Islands (Shift),2004,,,,,,,
United States Pacific Islands (Shift),2005,,,,,,,
United States Pacific Islands (Shift),2006,,,,,,,
United States Pacific Islands (Shift),2007,,,,,,,
United States Pacific Islands (Shift),2008,,,,,,,
United States Pacific Islands (Shift),2009,,,,,,,
United States Pacific Islands (Shift),2010,,,,,,,
United States Pacific Islands (Shift),2011,,,,,,,
United States Pacific Islands (Shift),2012,,,,,,,
United States Pacific Islands (Shift),2013,,,,,,,
United States Pacific Islands (Shift),2014,,,,,,,
United States Pacific Islands (Shift),2015,,,,,,,
United States Pacific Islands (Shift),2016,,,,,,,
United States Territories (Shift),2000,,,,,,,
United States Territories (Shift),2001,,,,,,,
United States Territories (Shift),2002,,,,,,,
United States Territories (Shift),2003,,,,,,,
United States Territories (Shift),2004,,,,,,,
United States Territories (Shift),2005,,,,,,,
United States Territories (Shift),2006,,,,,,,
United States Territories (Shift),2007,,,,,,,
United States Territories (Shift),2008,,,,,,,
United States Territories (Shift),2009,,,,,,,
United States Territories (Shift),2010,,,,,,,
United States Territories (Shift),2011,,,,,,,
United States Territories (Shift),2012,,,,,,,
United States Territories (Shift),2013,,,,,,,
United States Territories (Shift),2014,,,,,,,
United States Territories (Shift),2015,,,,,,,
United States Territories (Shift),2016,,,,,,,
United States Virgin Islands,2000,VIR,108591,1.030,1.030,660.190,0.000,100.000
United States Virgin Islands,2001,VIR,108535,1.030,1.030,660.190,0.000,100.000
United States Virgin Islands,2002,VIR,108433,1.040,1.040,653.850,0.000,100.000
United States Virgin Islands,2003,VIR,108186,1.040,1.040,653.850,0.000,100.000
United States Virgin Islands,2004,VIR,107851,1.050,1.050,657.140,0.000,100.000
United States Virgin Islands,2005,VIR,107622,0.970,0.970,659.790,0.000,100.000
United States Virgin Islands,2006,VIR,107463,0.970,0.970,659.790,0.000,100.000
United States Virgin Islands,2007,VIR,107238,0.980,0.980,653.060,0.000,100.000
United States Virgin Islands,2008,VIR,106971,0.970,0.970,659.790,0.000,100.000
United States Virgin Islands,2009,VIR,106767,0.920,0.920,663.040,0.000,100.000
United States Virgin Islands,2010,VIR,106325,0.960,0.960,656.250,0.000,100.000
United States Virgin Islands,2011,VIR,105398,0.950,0.950,663.160,0.000,100.000
United States Virgin Islands,2012,VIR,104307,0.870,0.870,655.170,0.000,100.000
United States Virgin Islands,2013,VIR,103168,0.820,0.820,658.540,0.000,100.000
United States Virgin Islands,2014,VIR,102012,0.780,0.780,653.850,1.282,98.718
United States Virgin Islands,2015,VIR,100251,0.780,0.780,653.850,1.282,98.718
United States Virgin Islands,2016,VIR,97795,0.770,0.770,649.350,1.299,98.701
United States Virgin Islands,2017,VIR,95124,0.600,0.600,650.000,1.667,98.333
United States Virgin Islands,2018,VIR,92317,0.620,0.620,645.160,1.613,98.387
United States Virgin Islands,2019,VIR,89390,0.660,0.660,651.520,1.515,98.485
United States Virgin Islands,2020,VIR,87724,0.640,0.640,640.630,1.562,98.438
United States Virgin Islands,2021,VIR,87238,0.660,0.660,636.360,3.030,96.970
United States Virgin Islands,2022,VIR,86521,0.680,0.680,632.350,2.941,97.059
United States Virgin Islands,2023,VIR,85712,0.680,0.680,632.350,2.941,97.059
Upper-middle-income countries,2000,,2398658002,3428.290,3408.320,590.969,26.652,69.552
Upper-middle-income countries,2001,,2421698836,3570.160,3552.910,598.360,25.797,70.363
Upper-middle-income countries,2002,,2443169936,3826.060,3809.850,605.601,25.241,70.911
Upper-middle-income countries,2003,,2464250116,4180.220,4177.730,621.948,23.506,72.409
Upper-middle-income countries,2004,,2485797097,4598.500,4605.970,620.486,23.953,72.101
Upper-middle-income countries,2005,,2507751547,4996.140,5003.060,629.357,23.783,72.556
Upper-middle-income countries,2006,,2529346002,5490.670,5497.440,639.265,23.152,73.395
Upper-middle-income countries,2007,,2550034553,6013.750,6019.060,649.204,22.253,74.452
Upper-middle-income countries,2008,,2571616096,6309.360,6318.680,632.018,23.937,72.824
Upper-middle-income countries,2009,,2594532094,6518.890,6525.690,639.299,23.389,73.551
Upper-middle-income countries,2010,,2617657240,7199.880,7210.190,634.803,23.816,73.309
Upper-middle-income countries,2011,,2640400163,7810.630,7808.310,647.392,22.489,74.630
Upper-middle-income countries,2012,,2664517398,8211.000,8207.280,632.577,23.925,73.197
Upper-middle-income countries,2013,,2689585465,8760.200,8758.220,634.991,23.641,73.519
Upper-middle-income countries,2014,,2713983279,9183.320,9176.380,626.547,24.248,72.785
Upper-middle-income countries,2015,,2737646890,9256.330,9242.930,608.160,25.607,71.032
Upper-middle-income countries,2016,,2759890904,9641.040,9632.880,597.313,26.633,69.707
Upper-middle-income countries,2017,,2781778743,10182.540,10175.050,592.999,26.943,69.224
Upper-middle-income countries,2018,,2801804568,10840.550,10841.950,589.350,27.391,68.589
Upper-middle-income countries,2019,,2818594893,11224.359,11225.980,576.417,28.610,67.033
Upper-middle-income countries,2020,,2832101028,11459.149,11445.450,566.938,29.752,65.908
Upper-middle-income countries,2021,,2841892610,12382.399,12367.580,563.243,29.836,65.685
Upper-middle-income countries,2022,,2847730001,12731.649,12712.870,552.341,31.696,64.081
Upper-middle-income countries,2023,,2852870890,13340.010,13335.380,551.407,32.228,64.026
Upper-middle-income countries,2024,,2860329839,14123.939,14106.130,532.128,34.396,61.897
Uruguay,2000,URY,3266212,7.980,7.590,67.190,93.412,6.588
Uruguay,2001,URY,3274257,8.000,9.250,25.950,99.784,0.216
Uruguay,2002,URY,3278868,7.870,9.600,27.080,99.687,0.312
Uruguay,2003,URY,3281188,7.880,8.580,25.640,99.883,0.117
Uruguay,2004,URY,3283157,8.230,5.900,140.680,81.695,18.305
Uruguay,2005,URY,3285776,8.420,7.680,104.170,87.500,12.500
Uruguay,2006,URY,3289508,8.440,5.570,249.550,64.632,35.368
Uruguay,2007,URY,3295155,9.190,9.380,108.740,86.994,13.006
Uruguay,2008,URY,3302184,9.700,8.770,289.620,61.231,38.769
Uruguay,2009,URY,3310093,9.900,8.670,243.370,68.166,31.834
Uruguay,2010,URY,3318581,10.420,10.740,111.730,89.199,10.801
Uruguay,2011,URY,3326829,10.800,10.340,204.060,74.662,25.338
Uruguay,2012,URY,3335406,11.150,10.600,272.640,64.623,35.377
Uruguay,2013,URY,3345335,11.450,11.660,149.230,84.134,15.866
Uruguay,2014,URY,3356343,11.710,12.980,85.520,94.761,5.239
Uruguay,2015,URY,3368022,12.420,13.740,98.980,93.159,6.841
Uruguay,2016,URY,3379279,13.120,13.870,74.980,96.828,3.172
Uruguay,2017,URY,3388444,12.890,14.350,64.810,98.467,1.533
Uruguay,2018,URY,3394538,13.430,14.610,69.130,97.536,2.464
Uruguay,2019,URY,3397206,13.060,16.070,60.980,98.258,1.742
Uruguay,2020,URY,3398966,12.940,13.570,94.330,94.031,5.969
Uruguay,2021,URY,3396693,13.200,15.990,150.720,84.615,15.385
Uruguay,2022,URY,3390913,13.500,14.860,110.360,90.781,9.219
Uruguay,2023,URY,3388083,13.970,12.820,113.110,92.434,7.566
Uruguay,2024,URY,3386583,14.520,13.370,69.560,98.878,1.122
Uruguay,2025,URY,3384686,14.750,11.940,80.400,97.822,2.178
Uzbekistan,2000,UZB,24787052,48.140,46.860,1103.500,7.533,92.467
Uzbekistan,2001,UZB,25090289,48.450,47.960,1085.070,9.091,90.909
Uzbekistan,2002,UZB,25399987,49.320,49.400,1049.390,12.186,87.814
Uzbekistan,2003,UZB,25711261,48.730,48.740,997.330,16.762,83.238
Uzbekistan,2004,UZB,26029350,49.450,49.700,1057.950,12.274,87.726
Uzbekistan,2005,UZB,26356977,47.390,47.670,984.690,18.733,81.267
Uzbekistan,2006,UZB,26699046,48.900,49.320,1105.640,9.428,90.572
Uzbekistan,2007,UZB,27076013,50.010,49.020,1114.850,9.527,90.473
Uzbekistan,2008,UZB,27494780,50.320,50.220,1129.830,8.941,91.059
Uzbekistan,2009,UZB,27939333,50.050,50.100,1085.030,12.934,87.066
Uzbekistan,2010,UZB,28385509,50.800,51.970,1053.690,15.759,84.241
Uzbekistan,2011,UZB,28823194,52.070,52.800,1118.370,10.795,89.205
Uzbekistan,2012,UZB,29261908,52.330,53.000,1098.300,12.547,87.453
Uzbekistan,2013,UZB,29724065,53.730,54.610,1125.980,10.438,89.562
Uzbekistan,2014,UZB,30222994,54.970,55.750,1121.080,10.888,89.112
Uzbekistan,2015,UZB,30749349,56.120,57.410,1111.650,11.879,88.121
Uzbekistan,2016,UZB,31284565,57.210,58.710,1114.120,11.685,88.315
Uzbekistan,2017,UZB,31819172,60.200,60.840,1096.980,13.051,86.949
Uzbekistan,2018,UZB,32373489,62.760,63.150,1139.190,9.359,90.641
Uzbekistan,2019,UZB,32964700,64.870,63.560,1119.260,10.179,89.821
Uzbekistan,2020,UZB,33586373,69.050,66.530,1149.110,7.530,92.470
Uzbekistan,2021,UZB,34243696,75.030,71.440,1150.480,7.027,92.973
Uzbekistan,2022,UZB,34938953,77.400,75.070,1121.350,9.218,90.782
Uzbekistan,2023,UZB,35652311,79.730,76.800,1113.280,9.896,90.104
Uzbekistan,2024,UZB,36361859,84.430,81.500,1040.120,15.951,84.049
Uzbekistan,2025,UZB,37053428,89.630,86.700,1000.000,19.377,80.623
Vanuatu,2000,VUT,186290,0.050,0.050,600.000,0.000,100.000
Vanuatu,2001,VUT,191047,0.050,0.050,600.000,0.000,100.000
Vanuatu,2002,VUT,195871,0.050,0.050,600.000,0.000,100.000
Vanuatu,2003,VUT,200760,0.050,0.050,600.000,0.000,100.000
Vanuatu,2004,VUT,205720,0.050,0.050,600.000,0.000,100.000
Vanuatu,2005,VUT,210772,0.050,0.050,600.000,0.000,100.000
Vanuatu,2006,VUT,215939,0.050,0.050,600.000,0.000,100.000
Vanuatu,2007,VUT,221291,0.050,0.050,600.000,0.000,100.000
Vanuatu,2008,VUT,226908,0.060,0.060,666.670,0.000,100.000
Vanuatu,2009,VUT,232740,0.060,0.060,666.670,0.000,100.000
Vanuatu,2010,VUT,238256,0.060,0.060,666.670,0.000,100.000
Vanuatu,2011,VUT,243483,0.060,0.060,666.670,0.000,100.000
Vanuatu,2012,VUT,248894,0.060,0.060,666.670,0.000,100.000
Vanuatu,2013,VUT,254495,0.070,0.070,571.430,14.286,85.714
Vanuatu,2014,VUT,260247,0.070,0.070,571.430,14.286,85.714
Vanuatu,2015,VUT,266115,0.060,0.060,500.000,16.667,83.333
Vanuatu,2016,VUT,272097,0.070,0.070,571.430,14.286,85.714
Vanuatu,2017,VUT,278518,0.060,0.060,666.670,0.000,100.000
Vanuatu,2018,VUT,285273,0.080,0.080,500.000,25.000,75.000
Vanuatu,2019,VUT,291995,0.090,0.090,444.440,33.333,66.667
Vanuatu,2020,VUT,298867,0.090,0.090,444.440,33.333,66.667
Vanuatu,2021,VUT,305882,0.080,0.080,500.000,25.000,75.000
Vanuatu,2022,VUT,313061,0.080,0.080,500.000,25.000,75.000
Vanuatu,2023,VUT,320422,0.080,0.080,500.000,25.000,75.000
Venezuela,2000,VEN,24526707,85.220,85.270,212.740,73.754,26.246
Venezuela,2001,VEN,24979934,90.080,90.110,261.570,67.074,32.926
Venezuela,2002,VEN,25435674,91.990,91.850,274.140,64.812,35.188
Venezuela,2003,VEN,25892710,91.540,91.950,263.730,65.829,34.171
Venezuela,2004,VEN,26340843,98.930,98.550,228.620,71.101,28.899
Venezuela,2005,VEN,26785797,104.810,105.390,211.220,73.280,26.720
Venezuela,2006,VEN,27224691,109.870,110.420,207.210,73.900,26.100
Venezuela,2007,VEN,27649369,113.670,114.210,217.670,72.726,27.274
Venezuela,2008,VEN,28053694,118.830,119.300,215.680,72.791,27.209
Venezuela,2009,VEN,28438296,119.200,119.570,222.130,71.891,28.109
Venezuela,2010,VEN,28813101,113.300,113.760,252.020,67.493,32.507
Venezuela,2011,VEN,29185220,117.470,117.960,227.110,70.931,29.069
Venezuela,2012,VEN,29553829,127.970,128.310,279.870,63.954,36.046
Venezuela,2013,VEN,29912195,135.000,135.130,297.790,61.889,38.111
Venezuela,2014,VEN,30254080,114.360,115.230,341.490,55.871,44.129
Venezuela,2015,VEN,30573968,126.550,127.520,318.930,58.814,41.186
Venezuela,2016,VEN,30765719,115.830,116.940,356.760,53.925,46.075
Venezuela,2017,VEN,30565331,102.740,103.800,320.810,58.391,41.609
Venezuela,2018,VEN,29807591,98.690,99.710,320.930,58.369,41.631
Venezuela,2019,VEN,28938096,84.280,85.150,320.850,58.379,41.621
Venezuela,2020,VEN,28444080,79.860,80.510,184.570,77.680,22.320
Venezuela,2021,VEN,28237830,82.930,82.930,174.240,79.235,20.764
Venezuela,2022,VEN,28213015,82.360,82.360,180.430,78.363,21.637
Venezuela,2023,VEN,28300861,71.960,71.960,91.860,90.342,9.658
Venezuela,2024,VEN,28405544,80.130,80.130,85.860,91.139,8.861
Vietnam,2000,VNM,77154016,26.560,26.560,321.910,54.782,45.218
Vietnam,2001,VNM,77969357,30.610,30.610,290.760,59.490,40.510
Vietnam,2002,VNM,78772227,35.800,35.800,344.410,50.838,49.162
Vietnam,2003,VNM,79563778,40.930,40.930,375.760,46.396,53.604
Vietnam,2004,VNM,80338977,46.200,46.200,407.140,38.571,61.429
Vietnam,2005,VNM,81088309,52.460,52.080,462.560,31.836,68.164
Vietnam,2006,VNM,82167901,58.870,57.900,448.360,34.145,65.855
Vietnam,2007,VNM,83633374,66.790,64.160,438.900,35.100,64.900
Vietnam,2008,VNM,85175789,74.170,70.950,421.850,36.688,63.312
Vietnam,2009,VNM,86460023,84.370,80.640,411.950,37.264,62.736
Vietnam,2010,VNM,87455148,96.360,91.720,450.720,31.204,68.796
Vietnam,2011,VNM,88468315,105.380,101.510,405.480,40.577,59.423
Vietnam,2012,VNM,89510355,116.610,115.160,369.400,46.388,53.612
Vietnam,2013,VNM,90573103,126.790,124.460,371.360,46.569,53.431
Vietnam,2014,VNM,91679582,142.690,141.250,401.130,44.106,55.894
Vietnam,2015,VNM,92823254,162.910,161.930,483.730,34.780,65.220
Vietnam,2016,VNM,94000115,180.500,179.170,489.090,35.871,64.129
Vietnam,2017,VNM,95176978,195.430,194.720,430.520,44.428,55.572
Vietnam,2018,VNM,96237319,218.800,217.180,482.870,38.714,61.286
Vietnam,2019,VNM,97173778,238.140,236.890,553.890,30.398,69.602
Vietnam,2020,VNM,98079196,245.510,244.000,528.440,34.816,65.184
Vietnam,2021,VNM,98935101,254.430,253.610,475.060,42.774,57.226
Vietnam,2022,VNM,99680656,267.430,265.110,415.410,49.462,50.538
Vietnam,2023,VNM,100352189,280.070,276.590,472.400,42.941,57.059
Vietnam,2024,VNM,100987685,307.180,303.580,484.320,42.282,57.718
Vietnam,2025,VNM,101598530,313.590,309.990,460.730,45.418,54.582
Wake Island (EIA),2000,,,,,,,
Wake Island (EIA),2001,,,,,,,
Wake Island (EIA),2002,,,,,,,
Wake Island (EIA),2003,,,,,,,
Wake Island (EIA),2004,,,,,,,
Wake Island (EIA),2005,,,,,,,
Wake Island (EIA),2006,,,,,,,
Wake Island (EIA),2007,,,,,,,
Wake Island (EIA),2008,,,,,,,
Wake Island (EIA),2009,,,,,,,
Wake Island (EIA),2010,,,,,,,
Wake Island (EIA),2011,,,,,,,
Wake Island (EIA),2012,,,,,,,
Wake Island (EIA),2013,,,,,,,
Wake Island (EIA),2014,,,,,,,
Wake Island (EIA),2015,,,,,,,
Wake Island (EIA),2016,,,,,,,
Wake Island (EIA),2017,,,,,,,
Wake Island (EIA),2018,,,,,,,
Wake Island (EIA),2019,,,,,,,
Wake Island (EIA),2020,,,,,,,
Wake Island (EIA),2021,,,,,,,
Wake Island (EIA),2022,,,,,,,
Wake Island (EIA),2023,,,,,,,
Wake Island (Shift),2000,,,,,,,
Wake Island (Shift),2001,,,,,,,
Wake Island (Shift),2002,,,,,,,
Wake Island (Shift),2003,,,,,,,
Wake Island (Shift),2004,,,,,,,
Wake Island (Shift),2005,,,,,,,
Wake Island (Shift),2006,,,,,,,
Wake Island (Shift),2007,,,,,,,
Wake Island (Shift),2008,,,,,,,
Wake Island (Shift),2009,,,,,,,
Wake Island (Shift),2010,,,,,,,
Wake Island (Shift),2011,,,,,,,
Wake Island (Shift),2012,,,,,,,
Wake Island (Shift),2013,,,,,,,
Wake Island (Shift),2014,,,,,,,
Wake Island (Shift),2015,,,,,,,
Wake Island (Shift),2016,,,,,,,
Western Africa (EI),2000,,,,32.036,,47.244,
Western Africa (EI),2001,,,,34.040,,45.644,
Western Africa (EI),2002,,,,40.377,,40.713,
Western Africa (EI),2003,,,,37.647,,38.831,
Western Africa (EI),2004,,,,42.715,,39.353,
Western Africa (EI),2005,,,,43.181,,38.109,
Western Africa (EI),2006,,,,44.574,,33.614,
Western Africa (EI),2007,,,,43.469,,30.979,
Western Africa (EI),2008,,,,43.501,,35.839,
Western Africa (EI),2009,,,,42.623,,35.830,
Western Africa (EI),2010,,,,50.858,,33.971,
Western Africa (EI),2011,,,,52.783,,33.192,
Western Africa (EI),2012,,,,55.372,,32.446,
Western Africa (EI),2013,,,,60.368,,28.872,
Western Africa (EI),2014,,,,64.083,,28.474,
Western Africa (EI),2015,,,,64.381,,25.639,
Western Africa (EI),2016,,,,69.146,,27.805,
Western Africa (EI),2017,,,,71.676,,27.362,
Western Africa (EI),2018,,,,74.318,,28.270,
Western Africa (EI),2019,,,,82.120,,29.012,
Western Africa (EI),2020,,,,87.916,,27.355,
Western Africa (EI),2021,,,,94.842,,27.905,
Western Africa (EI),2022,,,,95.739,,29.222,
Western Africa (EI),2023,,,,101.890,,30.198,
Western Africa (EI),2024,,,,104.464,,31.774,
Western Europe (EIA),2000,,,,,,,
Western Europe (EIA),2001,,,,,,,
Western Europe (EIA),2002,,,,,,,
Western Europe (EIA),2003,,,,,,,
Western Europe (EIA),2004,,,,,,,
Western Europe (EIA),2005,,,,,,,
Western Europe (EIA),2006,,,,,,,
Western Europe (EIA),2007,,,,,,,
Western Europe (EIA),2008,,,,,,,
Western Europe (EIA),2009,,,,,,,
Western Europe (EIA),2010,,,,,,,
Western Europe (EIA),2011,,,,,,,
Western Europe (EIA),2012,,,,,,,
Western Europe (EIA),2013,,,,,,,
Western Europe (EIA),2014,,,,,,,
Western Europe (EIA),2015,,,,,,,
Western Europe (EIA),2016,,,,,,,
Western Europe (EIA),2017,,,,,,,
Western Europe (EIA),2018,,,,,,,
Western Europe (EIA),2019,,,,,,,
Western Europe (EIA),2020,,,,,,,
Western Europe (EIA),2021,,,,,,,
Western Europe (EIA),2022,,,,,,,
Western Europe (EIA),2023,,,,,,,
Western Sahara,2000,ESH,271946,0.080,0.080,625.000,0.000,100.000
Western Sahara,2001,ESH,285197,0.080,0.080,625.000,0.000,100.000
Western Sahara,2002,ESH,298468,0.090,0.090,666.670,0.000,100.000
Western Sahara,2003,ESH,311791,0.090,0.090,666.670,0.000,100.000
Western Sahara,2004,ESH,325197,0.090,0.090,666.670,0.000,100.000
Western Sahara,2005,ESH,338704,0.090,0.090,666.670,0.000,100.000
Western Sahara,2006,ESH,352658,0.090,0.090,666.670,0.000,100.000
Western Sahara,2007,ESH,366874,0.090,0.090,666.670,0.000,100.000
Western Sahara,2008,ESH,380834,0.090,0.090,666.670,0.000,100.000
Western Sahara,2009,ESH,394959,0.090,0.090,666.670,0.000,100.000
Western Sahara,2010,ESH,409722,,,,,
Western Sahara,2011,ESH,425093,,,,,
Western Sahara,2012,ESH,441033,,,,,
Western Sahara,2013,ESH,457436,,,,,
Western Sahara,2014,ESH,472591,,,,,
Western Sahara,2015,ESH,486232,,,,,
Western Sahara,2016,ESH,499658,,,,,
Western Sahara,2017,ESH,512851,,,,,
Western Sahara,2018,ESH,525790,,,,,
Western Sahara,2019,ESH,538450,,,,,
Western Sahara,2020,ESH,549374,,,,,
Western Sahara,2021,ESH,558625,,,,,
Western Sahara,2022,ESH,568746,,,,,
Western Sahara,2023,ESH,579734,,,,,
World,2000,,6171702992,15278.780,15278.780,527.260,18.716,64.656
World,2001,,6254936464,15500.830,15500.830,529.250,18.044,65.098
World,2002,,6337730343,16049.890,16049.890,532.300,17.908,65.552
World,2003,,6420361633,16628.010,16628.010,544.550,17.442,66.915
World,2004,,6503377774,17414.990,17414.990,539.430,17.982,66.403
World,2005,,6586970132,18134.080,18134.080,543.380,18.096,66.867
World,2006,,6671452019,18838.990,18838.990,546.400,18.228,67.113
World,2007,,6757308776,19713.961,19713.961,554.660,17.974,68.313
World,2008,,6844457659,20102.641,20102.641,547.700,18.908,67.687
World,2009,,6932766416,19943.510,19943.510,543.490,19.467,67.211
World,2010,,7021732143,21263.750,21263.750,543.850,19.721,67.460
World,2011,,7110923773,21972.029,21972.029,550.210,20.016,68.104
World,2012,,7201202478,22515.660,22515.660,548.140,20.977,68.220
World,2013,,7291793585,23155.029,23155.029,548.360,21.712,67.713
World,2014,,7381616239,23747.070,23747.070,544.730,22.263,67.215
World,2015,,7470491876,24002.350,24002.350,533.380,22.967,66.480
World,2016,,7558554527,24694.510,24694.510,525.300,23.732,65.857
World,2017,,7645617952,25441.039,25441.039,522.040,24.466,65.337
World,2018,,7729902779,26464.490,26464.490,518.510,25.089,64.865
World,2019,,7811293699,26832.420,26832.420,505.750,26.071,63.665
World,2020,,7887001289,26723.369,26723.369,492.110,27.987,62.102
World,2021,,7954448387,28259.070,28259.070,494.810,28.102,62.123
World,2022,,8021407196,28917.760,28917.760,489.520,29.470,61.402
World,2023,,8091734933,29665.340,29665.340,483.180,30.323,60.583
World,2024,,8161972574,30930.230,30930.230,471.080,31.935,59.086
World,2025,,8231613067,31772.350,31772.350,458.290,33.760,57.390
Yemen,2000,YEM,19624139,3.410,3.410,656.890,0.000,100.000
Yemen,2001,YEM,20226146,3.640,3.640,659.340,0.000,100.000
Yemen,2002,YEM,20835092,3.770,3.770,657.830,0.000,100.000
Yemen,2003,YEM,21456379,4.100,4.100,658.540,0.000,100.000
Yemen,2004,YEM,22095161,4.360,4.360,658.260,0.000,100.000
Yemen,2005,YEM,22790082,4.770,4.770,658.280,0.000,100.000
Yemen,2006,YEM,23543090,5.390,5.390,658.630,0.000,100.000
Yemen,2007,YEM,24318090,6.030,6.030,658.380,0.000,100.000
Yemen,2008,YEM,25111941,6.550,6.550,658.020,0.000,100.000
Yemen,2009,YEM,25927723,6.750,6.750,657.780,0.000,100.000
Yemen,2010,YEM,26754383,7.760,7.760,703.610,0.000,100.000
Yemen,2011,YEM,27582902,6.210,6.210,694.040,0.000,100.000
Yemen,2012,YEM,28433655,7.070,7.070,711.460,0.000,100.000
Yemen,2013,YEM,29312955,8.500,8.500,712.940,0.000,100.000
Yemen,2014,YEM,30226311,7.660,7.660,723.240,0.131,99.869
Yemen,2015,YEM,31159378,5.760,5.760,713.540,2.083,97.917
Yemen,2016,YEM,32109023,4.810,4.810,694.390,3.326,96.674
Yemen,2017,YEM,33090923,4.050,4.050,669.140,4.691,95.309
Yemen,2018,YEM,34085181,3.490,3.490,590.260,13.754,86.246
Yemen,2019,YEM,35111416,3.280,3.280,585.370,14.634,85.366
Yemen,2020,YEM,36134867,2.940,2.940,578.230,16.667,83.333
Yemen,2021,YEM,37140234,2.920,2.920,589.040,17.123,82.877
Yemen,2022,YEM,38222878,3.030,3.030,584.160,16.832,83.168
Yemen,2023,YEM,39390800,5.120,5.120,597.660,10.156,89.844
Yemen,2024,YEM,40583173,5.250,5.250,592.380,11.238,88.762
Zambia,2000,ZMB,10017633,6.360,7.710,27.240,99.481,0.519
Zambia,2001,ZMB,10325186,6.870,7.940,28.970,99.370,0.630
Zambia,2002,ZMB,10647955,7.370,8.160,29.410,99.265,0.735
Zambia,2003,ZMB,10983604,7.810,8.320,30.050,99.279,0.721
Zambia,2004,ZMB,11338201,8.280,8.510,28.200,99.412,0.588
Zambia,2005,ZMB,11718819,8.700,8.940,29.080,99.329,0.671
Zambia,2006,ZMB,12129560,9.170,9.680,24.790,99.897,0.103
Zambia,2007,ZMB,12565093,9.500,9.640,24.900,99.896,0.104
Zambia,2008,ZMB,13021327,9.700,9.530,25.180,99.895,0.105
Zambia,2009,ZMB,13490395,9.310,9.890,24.270,99.899,0.101
Zambia,2010,ZMB,13965592,9.890,10.450,24.880,99.904,0.096
Zambia,2011,ZMB,14437796,11.580,11.490,24.370,99.913,0.087
Zambia,2012,ZMB,14913631,11.550,12.370,24.250,99.838,0.162
Zambia,2013,ZMB,15399000,12.290,13.300,24.810,99.850,0.150
Zambia,2014,ZMB,15895320,13.280,14.520,42.700,97.176,2.824
Zambia,2015,ZMB,16399092,13.120,13.510,43.670,97.039,2.961
Zambia,2016,ZMB,16914428,13.160,11.770,65.420,94.308,5.692
Zambia,2017,ZMB,17441328,14.250,14.560,125.000,86.332,13.668
Zambia,2018,ZMB,17973574,15.210,16.280,140.660,84.644,15.356
Zambia,2019,ZMB,18513839,14.010,14.790,138.610,84.652,15.348
Zambia,2020,ZMB,19059394,14.020,15.230,135.260,85.489,14.511
Zambia,2021,ZMB,19603610,15.590,17.720,86.910,91.986,8.014
Zambia,2022,ZMB,20152935,16.430,19.470,111.970,88.906,11.094
Zambia,2023,ZMB,20723967,16.090,19.460,111.000,89.003,10.997
Zambia,2024,ZMB,21314962,16.600,19.720,119.680,87.475,12.525
Zimbabwe,2000,ZWE,11892055,12.080,6.990,476.400,45.637,54.363
Zimbabwe,2001,ZWE,11971904,11.970,7.900,544.300,37.468,62.532
Zimbabwe,2002,ZWE,12087661,12.590,8.580,487.180,44.406,55.594
Zimbabwe,2003,ZWE,12232324,11.970,8.790,351.540,60.751,39.249
Zimbabwe,2004,ZWE,12365901,11.760,9.720,384.770,56.584,43.416
Zimbabwe,2005,ZWE,12483433,12.340,9.360,419.870,52.457,47.543
Zimbabwe,2006,ZWE,12636442,11.880,7.980,294.490,67.794,32.206
Zimbabwe,2007,ZWE,12804062,10.530,7.600,261.840,71.579,28.421
Zimbabwe,2008,ZWE,12959154,8.750,7.630,226.740,75.885,24.115
Zimbabwe,2009,ZWE,13142791,8.570,7.290,226.340,75.720,24.280
Zimbabwe,2010,ZWE,13356551,9.370,8.640,292.820,67.940,32.060
Zimbabwe,2011,ZWE,13595421,9.770,9.170,377.320,57.688,42.312
Zimbabwe,2012,ZWE,13817887,9.700,9.150,357.380,60.219,39.781
Zimbabwe,2013,ZWE,14013811,10.070,9.540,410.900,53.774,46.226
Zimbabwe,2014,ZWE,14207367,9.760,9.860,396.550,55.172,44.828
Zimbabwe,2015,ZWE,14399008,9.490,9.590,420.230,52.555,47.445
Zimbabwe,2016,ZWE,14600297,9.020,7.170,488.150,44.909,55.091
Zimbabwe,2017,ZWE,14812484,9.770,7.550,403.970,54.702,45.298
Zimbabwe,2018,ZWE,15034457,10.450,9.430,395.550,55.673,44.327
Zimbabwe,2019,ZWE,15271377,9.590,8.480,429.250,51.651,48.349
Zimbabwe,2020,ZWE,15526887,8.690,6.710,371.090,58.569,41.431
Zimbabwe,2021,ZWE,15797220,10.310,8.570,269.550,70.712,29.288
Zimbabwe,2022,ZWE,16069061,10.850,8.940,297.540,67.338,32.662
Zimbabwe,2023,ZWE,16340829,11.990,9.990,392.390,56.156,43.844
Zimbabwe,2024,ZWE,16634366,12.100,10.260,384.020,57.115,42.885
